-- Popula a tabela TipoCarga
-- Abaixo estão listados 10 tipos.

INSERT INTO TipoCarga(id, nome)
VALUES (1, 'Madeira');

INSERT INTO TipoCarga(id, nome)
VALUES (2, 'Eletrônicos');

INSERT INTO TipoCarga(id, nome)
VALUES (3, 'Químicos');

INSERT INTO TipoCarga(id, nome)
VALUES (4, 'Animais Terrestres');

INSERT INTO TipoCarga(id, nome)
VALUES (5, 'Animais Aquáticos');

INSERT INTO TipoCarga(id, nome)
VALUES (6, 'Pneus');

INSERT INTO TipoCarga(id, nome)
VALUES (7, 'Carros');

INSERT INTO TipoCarga(id, nome)
VALUES (8, 'Máquinas');

INSERT INTO TipoCarga(id, nome)
VALUES (9, 'Alimentos');

INSERT INTO TipoCarga(id, nome)
VALUES (10, 'Mobília');

INSERT INTO veiculo(id, placa, modelo)
VALUES (1, 'ATG-2751', 'Mercedes Accelo 815');

INSERT INTO veiculo(id, placa, modelo)
VALUES (2, 'WBJ-2752', 'Volvo VM 260');

INSERT INTO veiculo(id, placa, modelo)
VALUES (3, 'QUW-2753', 'Volks 24250');

INSERT INTO veiculo(id, placa, modelo)
VALUES (4, 'LEN-2754', 'Volks 8150');

INSERT INTO veiculo(id, placa, modelo)
VALUES (5, 'PWL-2755', 'Volks 24250');

INSERT INTO veiculo(id, placa, modelo)
VALUES (6, 'AQA-2756', 'Volks 13180');

INSERT INTO veiculo(id, placa, modelo)
VALUES (7, 'VJD-2757', 'Volvo FH 460');

INSERT INTO veiculo(id, placa, modelo)
VALUES (8, 'KGU-2758', 'Volks 8150');

INSERT INTO veiculo(id, placa, modelo)
VALUES (9, 'SDH-2759', 'Volks 8150');

INSERT INTO veiculo(id, placa, modelo)
VALUES (10, 'XZE-2760', 'Mercedes Atego 2425');

INSERT INTO veiculo(id, placa, modelo)
VALUES (11, 'AJG-2761', 'Volvo FH 460');

INSERT INTO veiculo(id, placa, modelo)
VALUES (12, 'EDS-2762', 'Volks 13180');

INSERT INTO veiculo(id, placa, modelo)
VALUES (13, 'CGG-2763', 'Mercedes Atego 2425');

INSERT INTO veiculo(id, placa, modelo)
VALUES (14, 'ZWP-2764', 'Volks 24250');

INSERT INTO veiculo(id, placa, modelo)
VALUES (15, 'FFB-2765', 'Volks 9150');

INSERT INTO veiculo(id, placa, modelo)
VALUES (16, 'NIJ-2766', 'Volvo VM 260');

INSERT INTO veiculo(id, placa, modelo)
VALUES (17, 'CKJ-2767', 'Mercedes Accelo 815');

INSERT INTO veiculo(id, placa, modelo)
VALUES (18, 'FZU-2768', 'Volks 8150');

INSERT INTO veiculo(id, placa, modelo)
VALUES (19, 'RJR-2769', 'Volvo FH 460');

INSERT INTO veiculo(id, placa, modelo)
VALUES (20, 'XEB-2770', 'Volks 9150');

INSERT INTO veiculo(id, placa, modelo)
VALUES (21, 'YFS-2771', 'Volks 8150');

INSERT INTO veiculo(id, placa, modelo)
VALUES (22, 'EIH-2772', 'Mercedes Atego 2425');

INSERT INTO veiculo(id, placa, modelo)
VALUES (23, 'QZM-2773', 'Volks 13180');

INSERT INTO veiculo(id, placa, modelo)
VALUES (24, 'MTE-2774', 'Volks 9150');

INSERT INTO veiculo(id, placa, modelo)
VALUES (25, 'XSE-2775', 'Mercedes 710');

INSERT INTO veiculo(id, placa, modelo)
VALUES (26, 'EKX-2776', 'Mercedes 710');

INSERT INTO veiculo(id, placa, modelo)
VALUES (27, 'BYY-2777', 'Volvo FH 460');

INSERT INTO veiculo(id, placa, modelo)
VALUES (28, 'IYP-2778', 'Volks 9150');

INSERT INTO veiculo(id, placa, modelo)
VALUES (29, 'ZMI-2779', 'Volks 8150');

INSERT INTO veiculo(id, placa, modelo)
VALUES (30, 'JEL-2780', 'Volvo FH 460');

INSERT INTO veiculo(id, placa, modelo)
VALUES (31, 'INQ-2781', 'Volks 13180');

INSERT INTO veiculo(id, placa, modelo)
VALUES (32, 'PYB-2782', 'Mercedes Accelo 815');

INSERT INTO veiculo(id, placa, modelo)
VALUES (33, 'SXC-2783', 'Volks 9150');

INSERT INTO veiculo(id, placa, modelo)
VALUES (34, 'LSM-2784', 'Volks 8150');

INSERT INTO veiculo(id, placa, modelo)
VALUES (35, 'QKJ-2785', 'Volks 9150');

INSERT INTO veiculo(id, placa, modelo)
VALUES (36, 'XJA-2786', 'Mercedes Accelo 815');

INSERT INTO veiculo(id, placa, modelo)
VALUES (37, 'RNN-2787', 'Volks 8150');

INSERT INTO veiculo(id, placa, modelo)
VALUES (38, 'GQV-2788', 'Mercedes 710');

INSERT INTO veiculo(id, placa, modelo)
VALUES (39, 'HJH-2789', 'Volks 24250');

INSERT INTO veiculo(id, placa, modelo)
VALUES (40, 'GPF-2790', 'Mercedes Atego 2425');

INSERT INTO veiculo(id, placa, modelo)
VALUES (41, 'SVR-2791', 'Mercedes Accelo 815');

INSERT INTO veiculo(id, placa, modelo)
VALUES (42, 'LYW-2792', 'Volks 9150');

INSERT INTO veiculo(id, placa, modelo)
VALUES (43, 'DJY-2793', 'Volks 13180');

INSERT INTO veiculo(id, placa, modelo)
VALUES (44, 'ZBD-2794', 'Mercedes Atego 2425');

INSERT INTO veiculo(id, placa, modelo)
VALUES (45, 'IUY-2795', 'Mercedes Atego 2425');

INSERT INTO veiculo(id, placa, modelo)
VALUES (46, 'JMT-2796', 'Mercedes Atego 2425');

INSERT INTO veiculo(id, placa, modelo)
VALUES (47, 'ANV-2797', 'Volvo FH 460');

INSERT INTO veiculo(id, placa, modelo)
VALUES (48, 'GUU-2798', 'Volvo FH 460');

INSERT INTO veiculo(id, placa, modelo)
VALUES (49, 'QZJ-2799', 'Volks 8150');

INSERT INTO veiculo(id, placa, modelo)
VALUES (50, 'CPD-2800', 'Volvo VM 260');

INSERT INTO veiculo(id, placa, modelo)
VALUES (51, 'LLV-2801', 'Volks 9150');

INSERT INTO veiculo(id, placa, modelo)
VALUES (52, 'SEC-2802', 'Scania R440');

INSERT INTO veiculo(id, placa, modelo)
VALUES (53, 'BOF-2803', 'Mercedes Atego 2425');

INSERT INTO veiculo(id, placa, modelo)
VALUES (54, 'JYS-2804', 'Mercedes 710');

INSERT INTO veiculo(id, placa, modelo)
VALUES (55, 'IXC-2805', 'Volks 13180');

INSERT INTO veiculo(id, placa, modelo)
VALUES (56, 'SCM-2806', 'Scania R440');

INSERT INTO veiculo(id, placa, modelo)
VALUES (57, 'FWZ-2807', 'Volvo FH 460');

INSERT INTO veiculo(id, placa, modelo)
VALUES (58, 'QJT-2808', 'Volks 8150');

INSERT INTO veiculo(id, placa, modelo)
VALUES (59, 'VQO-2809', 'Mercedes Atego 2425');

INSERT INTO veiculo(id, placa, modelo)
VALUES (60, 'TLH-2810', 'Mercedes Accelo 815');

INSERT INTO veiculo(id, placa, modelo)
VALUES (61, 'LFU-2811', 'Volks 8150');

INSERT INTO veiculo(id, placa, modelo)
VALUES (62, 'ZRQ-2812', 'Mercedes Atego 2425');

INSERT INTO veiculo(id, placa, modelo)
VALUES (63, 'HDN-2813', 'Volks 8150');

INSERT INTO veiculo(id, placa, modelo)
VALUES (64, 'NEZ-2814', 'Mercedes Accelo 815');

INSERT INTO veiculo(id, placa, modelo)
VALUES (65, 'DZP-2815', 'Scania R440');

INSERT INTO veiculo(id, placa, modelo)
VALUES (66, 'KTW-2816', 'Mercedes 710');

INSERT INTO veiculo(id, placa, modelo)
VALUES (67, 'KWV-2817', 'Volvo VM 260');

INSERT INTO veiculo(id, placa, modelo)
VALUES (68, 'LMP-2818', 'Mercedes 710');

INSERT INTO veiculo(id, placa, modelo)
VALUES (69, 'PGV-2819', 'Volks 24250');

INSERT INTO veiculo(id, placa, modelo)
VALUES (70, 'QUI-2820', 'Volks 8150');

INSERT INTO veiculo(id, placa, modelo)
VALUES (71, 'NPW-2821', 'Volks 24250');

INSERT INTO veiculo(id, placa, modelo)
VALUES (72, 'ERI-2822', 'Mercedes 710');

INSERT INTO veiculo(id, placa, modelo)
VALUES (73, 'LZT-2823', 'Volks 8150');

INSERT INTO veiculo(id, placa, modelo)
VALUES (74, 'SVT-2824', 'Mercedes Atego 2425');

INSERT INTO veiculo(id, placa, modelo)
VALUES (75, 'PWU-2825', 'Mercedes Accelo 815');

INSERT INTO veiculo(id, placa, modelo)
VALUES (76, 'QTC-2826', 'Mercedes Accelo 815');

INSERT INTO veiculo(id, placa, modelo)
VALUES (77, 'RQB-2827', 'Volvo VM 260');

INSERT INTO veiculo(id, placa, modelo)
VALUES (78, 'KXP-2828', 'Volks 13180');

INSERT INTO veiculo(id, placa, modelo)
VALUES (79, 'ORK-2829', 'Mercedes 710');

INSERT INTO veiculo(id, placa, modelo)
VALUES (80, 'LKT-2830', 'Scania R440');

INSERT INTO veiculo(id, placa, modelo)
VALUES (81, 'JBR-2831', 'Volvo VM 260');

INSERT INTO veiculo(id, placa, modelo)
VALUES (82, 'MJN-2832', 'Mercedes Atego 2425');

INSERT INTO veiculo(id, placa, modelo)
VALUES (83, 'VQH-2833', 'Volks 8150');

INSERT INTO veiculo(id, placa, modelo)
VALUES (84, 'PWH-2834', 'Volks 9150');

INSERT INTO veiculo(id, placa, modelo)
VALUES (85, 'RLP-2835', 'Mercedes 710');

INSERT INTO veiculo(id, placa, modelo)
VALUES (86, 'QSF-2836', 'Volks 9150');

INSERT INTO veiculo(id, placa, modelo)
VALUES (87, 'TPL-2837', 'Mercedes 710');

INSERT INTO veiculo(id, placa, modelo)
VALUES (88, 'BTT-2838', 'Volks 13180');

INSERT INTO veiculo(id, placa, modelo)
VALUES (89, 'XLR-2839', 'Scania R440');

INSERT INTO veiculo(id, placa, modelo)
VALUES (90, 'DXA-2840', 'Scania R440');

INSERT INTO veiculo(id, placa, modelo)
VALUES (91, 'MRL-2841', 'Volks 13180');

INSERT INTO veiculo(id, placa, modelo)
VALUES (92, 'WDP-2842', 'Mercedes Accelo 815');

INSERT INTO veiculo(id, placa, modelo)
VALUES (93, 'PQU-2843', 'Mercedes Atego 2425');

INSERT INTO veiculo(id, placa, modelo)
VALUES (94, 'LSE-2844', 'Scania R440');

INSERT INTO veiculo(id, placa, modelo)
VALUES (95, 'LTH-2845', 'Mercedes 710');

INSERT INTO veiculo(id, placa, modelo)
VALUES (96, 'IXP-2846', 'Mercedes Accelo 815');

INSERT INTO veiculo(id, placa, modelo)
VALUES (97, 'WFX-2847', 'Volvo FH 460');

INSERT INTO veiculo(id, placa, modelo)
VALUES (98, 'NGZ-2848', 'Mercedes Atego 2425');

INSERT INTO veiculo(id, placa, modelo)
VALUES (99, 'IOS-2849', 'Volks 8150');

INSERT INTO veiculo(id, placa, modelo)
VALUES (100, 'WDX-2850', 'Volks 13180');

-- Popula a tabela VeiculoTipoCarga.

INSERT INTO VeiculoTipoCarga(Veiculo_id, TipoCarga_id)
VALUES (1, 2);

INSERT INTO VeiculoTipoCarga(Veiculo_id, TipoCarga_id)
VALUES (1, 3);

INSERT INTO VeiculoTipoCarga(Veiculo_id, TipoCarga_id)
VALUES (2, 8);

INSERT INTO VeiculoTipoCarga(Veiculo_id, TipoCarga_id)
VALUES (3, 4);

INSERT INTO VeiculoTipoCarga(Veiculo_id, TipoCarga_id)
VALUES (3, 5);

INSERT INTO VeiculoTipoCarga(Veiculo_id, TipoCarga_id)
VALUES (4, 1);

INSERT INTO VeiculoTipoCarga(Veiculo_id, TipoCarga_id)
VALUES (4, 2);

INSERT INTO VeiculoTipoCarga(Veiculo_id, TipoCarga_id)
VALUES (5, 5);

INSERT INTO VeiculoTipoCarga(Veiculo_id, TipoCarga_id)
VALUES (5, 6);

INSERT INTO VeiculoTipoCarga(Veiculo_id, TipoCarga_id)
VALUES (6, 1);

INSERT INTO VeiculoTipoCarga(Veiculo_id, TipoCarga_id)
VALUES (7, 3);

INSERT INTO VeiculoTipoCarga(Veiculo_id, TipoCarga_id)
VALUES (8, 7);

INSERT INTO VeiculoTipoCarga(Veiculo_id, TipoCarga_id)
VALUES (8, 8);

INSERT INTO VeiculoTipoCarga(Veiculo_id, TipoCarga_id)
VALUES (8, 9);

INSERT INTO VeiculoTipoCarga(Veiculo_id, TipoCarga_id)
VALUES (9, 2);

INSERT INTO VeiculoTipoCarga(Veiculo_id, TipoCarga_id)
VALUES (9, 3);

INSERT INTO VeiculoTipoCarga(Veiculo_id, TipoCarga_id)
VALUES (9, 4);

INSERT INTO VeiculoTipoCarga(Veiculo_id, TipoCarga_id)
VALUES (10, 3);

INSERT INTO VeiculoTipoCarga(Veiculo_id, TipoCarga_id)
VALUES (11, 8);

INSERT INTO VeiculoTipoCarga(Veiculo_id, TipoCarga_id)
VALUES (12, 3);

INSERT INTO VeiculoTipoCarga(Veiculo_id, TipoCarga_id)
VALUES (12, 4);

INSERT INTO VeiculoTipoCarga(Veiculo_id, TipoCarga_id)
VALUES (13, 3);

INSERT INTO VeiculoTipoCarga(Veiculo_id, TipoCarga_id)
VALUES (13, 4);

INSERT INTO VeiculoTipoCarga(Veiculo_id, TipoCarga_id)
VALUES (14, 7);

INSERT INTO VeiculoTipoCarga(Veiculo_id, TipoCarga_id)
VALUES (14, 8);

INSERT INTO VeiculoTipoCarga(Veiculo_id, TipoCarga_id)
VALUES (15, 8);

INSERT INTO VeiculoTipoCarga(Veiculo_id, TipoCarga_id)
VALUES (15, 9);

INSERT INTO VeiculoTipoCarga(Veiculo_id, TipoCarga_id)
VALUES (16, 3);

INSERT INTO VeiculoTipoCarga(Veiculo_id, TipoCarga_id)
VALUES (16, 4);

INSERT INTO VeiculoTipoCarga(Veiculo_id, TipoCarga_id)
VALUES (16, 5);

INSERT INTO VeiculoTipoCarga(Veiculo_id, TipoCarga_id)
VALUES (17, 6);

INSERT INTO VeiculoTipoCarga(Veiculo_id, TipoCarga_id)
VALUES (17, 7);

INSERT INTO VeiculoTipoCarga(Veiculo_id, TipoCarga_id)
VALUES (18, 6);

INSERT INTO VeiculoTipoCarga(Veiculo_id, TipoCarga_id)
VALUES (19, 8);

INSERT INTO VeiculoTipoCarga(Veiculo_id, TipoCarga_id)
VALUES (19, 9);

INSERT INTO VeiculoTipoCarga(Veiculo_id, TipoCarga_id)
VALUES (19, 10);

INSERT INTO VeiculoTipoCarga(Veiculo_id, TipoCarga_id)
VALUES (20, 6);

INSERT INTO VeiculoTipoCarga(Veiculo_id, TipoCarga_id)
VALUES (20, 7);

INSERT INTO VeiculoTipoCarga(Veiculo_id, TipoCarga_id)
VALUES (20, 8);

INSERT INTO VeiculoTipoCarga(Veiculo_id, TipoCarga_id)
VALUES (21, 3);

INSERT INTO VeiculoTipoCarga(Veiculo_id, TipoCarga_id)
VALUES (22, 8);

INSERT INTO VeiculoTipoCarga(Veiculo_id, TipoCarga_id)
VALUES (22, 9);

INSERT INTO VeiculoTipoCarga(Veiculo_id, TipoCarga_id)
VALUES (22, 10);

INSERT INTO VeiculoTipoCarga(Veiculo_id, TipoCarga_id)
VALUES (23, 2);

INSERT INTO VeiculoTipoCarga(Veiculo_id, TipoCarga_id)
VALUES (23, 3);

INSERT INTO VeiculoTipoCarga(Veiculo_id, TipoCarga_id)
VALUES (23, 4);

INSERT INTO VeiculoTipoCarga(Veiculo_id, TipoCarga_id)
VALUES (24, 4);

INSERT INTO VeiculoTipoCarga(Veiculo_id, TipoCarga_id)
VALUES (24, 5);

INSERT INTO VeiculoTipoCarga(Veiculo_id, TipoCarga_id)
VALUES (24, 6);

INSERT INTO VeiculoTipoCarga(Veiculo_id, TipoCarga_id)
VALUES (25, 3);

INSERT INTO VeiculoTipoCarga(Veiculo_id, TipoCarga_id)
VALUES (25, 4);

INSERT INTO VeiculoTipoCarga(Veiculo_id, TipoCarga_id)
VALUES (26, 1);

INSERT INTO VeiculoTipoCarga(Veiculo_id, TipoCarga_id)
VALUES (27, 8);

INSERT INTO VeiculoTipoCarga(Veiculo_id, TipoCarga_id)
VALUES (27, 9);

INSERT INTO VeiculoTipoCarga(Veiculo_id, TipoCarga_id)
VALUES (28, 7);

INSERT INTO VeiculoTipoCarga(Veiculo_id, TipoCarga_id)
VALUES (28, 8);

INSERT INTO VeiculoTipoCarga(Veiculo_id, TipoCarga_id)
VALUES (28, 9);

INSERT INTO VeiculoTipoCarga(Veiculo_id, TipoCarga_id)
VALUES (29, 7);

INSERT INTO VeiculoTipoCarga(Veiculo_id, TipoCarga_id)
VALUES (30, 1);

INSERT INTO VeiculoTipoCarga(Veiculo_id, TipoCarga_id)
VALUES (30, 2);

INSERT INTO VeiculoTipoCarga(Veiculo_id, TipoCarga_id)
VALUES (30, 3);

INSERT INTO VeiculoTipoCarga(Veiculo_id, TipoCarga_id)
VALUES (31, 3);

INSERT INTO VeiculoTipoCarga(Veiculo_id, TipoCarga_id)
VALUES (31, 4);

INSERT INTO VeiculoTipoCarga(Veiculo_id, TipoCarga_id)
VALUES (31, 5);

INSERT INTO VeiculoTipoCarga(Veiculo_id, TipoCarga_id)
VALUES (32, 5);

INSERT INTO VeiculoTipoCarga(Veiculo_id, TipoCarga_id)
VALUES (32, 6);

INSERT INTO VeiculoTipoCarga(Veiculo_id, TipoCarga_id)
VALUES (32, 7);

INSERT INTO VeiculoTipoCarga(Veiculo_id, TipoCarga_id)
VALUES (33, 8);

INSERT INTO VeiculoTipoCarga(Veiculo_id, TipoCarga_id)
VALUES (34, 1);

INSERT INTO VeiculoTipoCarga(Veiculo_id, TipoCarga_id)
VALUES (34, 2);

INSERT INTO VeiculoTipoCarga(Veiculo_id, TipoCarga_id)
VALUES (35, 1);

INSERT INTO VeiculoTipoCarga(Veiculo_id, TipoCarga_id)
VALUES (36, 3);

INSERT INTO VeiculoTipoCarga(Veiculo_id, TipoCarga_id)
VALUES (36, 4);

INSERT INTO VeiculoTipoCarga(Veiculo_id, TipoCarga_id)
VALUES (37, 2);

INSERT INTO VeiculoTipoCarga(Veiculo_id, TipoCarga_id)
VALUES (37, 3);

INSERT INTO VeiculoTipoCarga(Veiculo_id, TipoCarga_id)
VALUES (37, 4);

INSERT INTO VeiculoTipoCarga(Veiculo_id, TipoCarga_id)
VALUES (38, 2);

INSERT INTO VeiculoTipoCarga(Veiculo_id, TipoCarga_id)
VALUES (39, 5);

INSERT INTO VeiculoTipoCarga(Veiculo_id, TipoCarga_id)
VALUES (39, 6);

INSERT INTO VeiculoTipoCarga(Veiculo_id, TipoCarga_id)
VALUES (39, 7);

INSERT INTO VeiculoTipoCarga(Veiculo_id, TipoCarga_id)
VALUES (40, 6);

INSERT INTO VeiculoTipoCarga(Veiculo_id, TipoCarga_id)
VALUES (40, 7);

INSERT INTO VeiculoTipoCarga(Veiculo_id, TipoCarga_id)
VALUES (41, 7);

INSERT INTO VeiculoTipoCarga(Veiculo_id, TipoCarga_id)
VALUES (42, 5);

INSERT INTO VeiculoTipoCarga(Veiculo_id, TipoCarga_id)
VALUES (42, 6);

INSERT INTO VeiculoTipoCarga(Veiculo_id, TipoCarga_id)
VALUES (43, 7);

INSERT INTO VeiculoTipoCarga(Veiculo_id, TipoCarga_id)
VALUES (43, 8);

INSERT INTO VeiculoTipoCarga(Veiculo_id, TipoCarga_id)
VALUES (43, 9);

INSERT INTO VeiculoTipoCarga(Veiculo_id, TipoCarga_id)
VALUES (44, 4);

INSERT INTO VeiculoTipoCarga(Veiculo_id, TipoCarga_id)
VALUES (44, 5);

INSERT INTO VeiculoTipoCarga(Veiculo_id, TipoCarga_id)
VALUES (45, 4);

INSERT INTO VeiculoTipoCarga(Veiculo_id, TipoCarga_id)
VALUES (45, 5);

INSERT INTO VeiculoTipoCarga(Veiculo_id, TipoCarga_id)
VALUES (46, 3);

INSERT INTO VeiculoTipoCarga(Veiculo_id, TipoCarga_id)
VALUES (47, 3);

INSERT INTO VeiculoTipoCarga(Veiculo_id, TipoCarga_id)
VALUES (48, 5);

INSERT INTO VeiculoTipoCarga(Veiculo_id, TipoCarga_id)
VALUES (48, 6);

INSERT INTO VeiculoTipoCarga(Veiculo_id, TipoCarga_id)
VALUES (49, 6);

INSERT INTO VeiculoTipoCarga(Veiculo_id, TipoCarga_id)
VALUES (49, 7);

INSERT INTO VeiculoTipoCarga(Veiculo_id, TipoCarga_id)
VALUES (50, 4);

INSERT INTO VeiculoTipoCarga(Veiculo_id, TipoCarga_id)
VALUES (50, 5);

INSERT INTO VeiculoTipoCarga(Veiculo_id, TipoCarga_id)
VALUES (51, 7);

INSERT INTO VeiculoTipoCarga(Veiculo_id, TipoCarga_id)
VALUES (51, 8);

INSERT INTO VeiculoTipoCarga(Veiculo_id, TipoCarga_id)
VALUES (51, 9);

INSERT INTO VeiculoTipoCarga(Veiculo_id, TipoCarga_id)
VALUES (52, 6);

INSERT INTO VeiculoTipoCarga(Veiculo_id, TipoCarga_id)
VALUES (52, 7);

INSERT INTO VeiculoTipoCarga(Veiculo_id, TipoCarga_id)
VALUES (52, 8);

INSERT INTO VeiculoTipoCarga(Veiculo_id, TipoCarga_id)
VALUES (53, 6);

INSERT INTO VeiculoTipoCarga(Veiculo_id, TipoCarga_id)
VALUES (54, 4);

INSERT INTO VeiculoTipoCarga(Veiculo_id, TipoCarga_id)
VALUES (55, 6);

INSERT INTO VeiculoTipoCarga(Veiculo_id, TipoCarga_id)
VALUES (55, 7);

INSERT INTO VeiculoTipoCarga(Veiculo_id, TipoCarga_id)
VALUES (56, 1);

INSERT INTO VeiculoTipoCarga(Veiculo_id, TipoCarga_id)
VALUES (56, 2);

INSERT INTO VeiculoTipoCarga(Veiculo_id, TipoCarga_id)
VALUES (56, 3);

INSERT INTO VeiculoTipoCarga(Veiculo_id, TipoCarga_id)
VALUES (57, 7);

INSERT INTO VeiculoTipoCarga(Veiculo_id, TipoCarga_id)
VALUES (58, 5);

INSERT INTO VeiculoTipoCarga(Veiculo_id, TipoCarga_id)
VALUES (58, 6);

INSERT INTO VeiculoTipoCarga(Veiculo_id, TipoCarga_id)
VALUES (59, 4);

INSERT INTO VeiculoTipoCarga(Veiculo_id, TipoCarga_id)
VALUES (59, 5);

INSERT INTO VeiculoTipoCarga(Veiculo_id, TipoCarga_id)
VALUES (60, 7);

INSERT INTO VeiculoTipoCarga(Veiculo_id, TipoCarga_id)
VALUES (60, 8);

INSERT INTO VeiculoTipoCarga(Veiculo_id, TipoCarga_id)
VALUES (60, 9);

INSERT INTO VeiculoTipoCarga(Veiculo_id, TipoCarga_id)
VALUES (61, 4);

INSERT INTO VeiculoTipoCarga(Veiculo_id, TipoCarga_id)
VALUES (62, 2);

INSERT INTO VeiculoTipoCarga(Veiculo_id, TipoCarga_id)
VALUES (63, 1);

INSERT INTO VeiculoTipoCarga(Veiculo_id, TipoCarga_id)
VALUES (64, 2);

INSERT INTO VeiculoTipoCarga(Veiculo_id, TipoCarga_id)
VALUES (65, 7);

INSERT INTO VeiculoTipoCarga(Veiculo_id, TipoCarga_id)
VALUES (65, 8);

INSERT INTO VeiculoTipoCarga(Veiculo_id, TipoCarga_id)
VALUES (66, 2);

INSERT INTO VeiculoTipoCarga(Veiculo_id, TipoCarga_id)
VALUES (67, 1);

INSERT INTO VeiculoTipoCarga(Veiculo_id, TipoCarga_id)
VALUES (67, 2);

INSERT INTO VeiculoTipoCarga(Veiculo_id, TipoCarga_id)
VALUES (68, 6);

INSERT INTO VeiculoTipoCarga(Veiculo_id, TipoCarga_id)
VALUES (68, 7);

INSERT INTO VeiculoTipoCarga(Veiculo_id, TipoCarga_id)
VALUES (69, 2);

INSERT INTO VeiculoTipoCarga(Veiculo_id, TipoCarga_id)
VALUES (69, 3);

INSERT INTO VeiculoTipoCarga(Veiculo_id, TipoCarga_id)
VALUES (69, 4);

INSERT INTO VeiculoTipoCarga(Veiculo_id, TipoCarga_id)
VALUES (70, 2);

INSERT INTO VeiculoTipoCarga(Veiculo_id, TipoCarga_id)
VALUES (70, 3);

INSERT INTO VeiculoTipoCarga(Veiculo_id, TipoCarga_id)
VALUES (71, 2);

INSERT INTO VeiculoTipoCarga(Veiculo_id, TipoCarga_id)
VALUES (72, 4);

INSERT INTO VeiculoTipoCarga(Veiculo_id, TipoCarga_id)
VALUES (73, 6);

INSERT INTO VeiculoTipoCarga(Veiculo_id, TipoCarga_id)
VALUES (74, 3);

INSERT INTO VeiculoTipoCarga(Veiculo_id, TipoCarga_id)
VALUES (74, 4);

INSERT INTO VeiculoTipoCarga(Veiculo_id, TipoCarga_id)
VALUES (75, 3);

INSERT INTO VeiculoTipoCarga(Veiculo_id, TipoCarga_id)
VALUES (76, 1);

INSERT INTO VeiculoTipoCarga(Veiculo_id, TipoCarga_id)
VALUES (77, 5);

INSERT INTO VeiculoTipoCarga(Veiculo_id, TipoCarga_id)
VALUES (77, 6);

INSERT INTO VeiculoTipoCarga(Veiculo_id, TipoCarga_id)
VALUES (77, 7);

INSERT INTO VeiculoTipoCarga(Veiculo_id, TipoCarga_id)
VALUES (78, 6);

INSERT INTO VeiculoTipoCarga(Veiculo_id, TipoCarga_id)
VALUES (78, 7);

INSERT INTO VeiculoTipoCarga(Veiculo_id, TipoCarga_id)
VALUES (78, 8);

INSERT INTO VeiculoTipoCarga(Veiculo_id, TipoCarga_id)
VALUES (79, 6);

INSERT INTO VeiculoTipoCarga(Veiculo_id, TipoCarga_id)
VALUES (79, 7);

INSERT INTO VeiculoTipoCarga(Veiculo_id, TipoCarga_id)
VALUES (79, 8);

INSERT INTO VeiculoTipoCarga(Veiculo_id, TipoCarga_id)
VALUES (80, 1);

INSERT INTO VeiculoTipoCarga(Veiculo_id, TipoCarga_id)
VALUES (81, 2);

INSERT INTO VeiculoTipoCarga(Veiculo_id, TipoCarga_id)
VALUES (82, 3);

INSERT INTO VeiculoTipoCarga(Veiculo_id, TipoCarga_id)
VALUES (82, 4);

INSERT INTO VeiculoTipoCarga(Veiculo_id, TipoCarga_id)
VALUES (82, 5);

INSERT INTO VeiculoTipoCarga(Veiculo_id, TipoCarga_id)
VALUES (83, 2);

INSERT INTO VeiculoTipoCarga(Veiculo_id, TipoCarga_id)
VALUES (83, 3);

INSERT INTO VeiculoTipoCarga(Veiculo_id, TipoCarga_id)
VALUES (84, 3);

INSERT INTO VeiculoTipoCarga(Veiculo_id, TipoCarga_id)
VALUES (84, 4);

INSERT INTO VeiculoTipoCarga(Veiculo_id, TipoCarga_id)
VALUES (84, 5);

INSERT INTO VeiculoTipoCarga(Veiculo_id, TipoCarga_id)
VALUES (85, 3);

INSERT INTO VeiculoTipoCarga(Veiculo_id, TipoCarga_id)
VALUES (86, 8);

INSERT INTO VeiculoTipoCarga(Veiculo_id, TipoCarga_id)
VALUES (86, 9);

INSERT INTO VeiculoTipoCarga(Veiculo_id, TipoCarga_id)
VALUES (87, 7);

INSERT INTO VeiculoTipoCarga(Veiculo_id, TipoCarga_id)
VALUES (87, 8);

INSERT INTO VeiculoTipoCarga(Veiculo_id, TipoCarga_id)
VALUES (87, 9);

INSERT INTO VeiculoTipoCarga(Veiculo_id, TipoCarga_id)
VALUES (88, 5);

INSERT INTO VeiculoTipoCarga(Veiculo_id, TipoCarga_id)
VALUES (89, 2);

INSERT INTO VeiculoTipoCarga(Veiculo_id, TipoCarga_id)
VALUES (89, 3);

INSERT INTO VeiculoTipoCarga(Veiculo_id, TipoCarga_id)
VALUES (90, 6);

INSERT INTO VeiculoTipoCarga(Veiculo_id, TipoCarga_id)
VALUES (90, 7);

INSERT INTO VeiculoTipoCarga(Veiculo_id, TipoCarga_id)
VALUES (91, 8);

INSERT INTO VeiculoTipoCarga(Veiculo_id, TipoCarga_id)
VALUES (91, 9);

INSERT INTO VeiculoTipoCarga(Veiculo_id, TipoCarga_id)
VALUES (91, 10);

INSERT INTO VeiculoTipoCarga(Veiculo_id, TipoCarga_id)
VALUES (92, 8);

INSERT INTO VeiculoTipoCarga(Veiculo_id, TipoCarga_id)
VALUES (92, 9);

INSERT INTO VeiculoTipoCarga(Veiculo_id, TipoCarga_id)
VALUES (93, 4);

INSERT INTO VeiculoTipoCarga(Veiculo_id, TipoCarga_id)
VALUES (93, 5);

INSERT INTO VeiculoTipoCarga(Veiculo_id, TipoCarga_id)
VALUES (94, 4);

INSERT INTO VeiculoTipoCarga(Veiculo_id, TipoCarga_id)
VALUES (95, 2);

INSERT INTO VeiculoTipoCarga(Veiculo_id, TipoCarga_id)
VALUES (96, 8);

INSERT INTO VeiculoTipoCarga(Veiculo_id, TipoCarga_id)
VALUES (96, 9);

INSERT INTO VeiculoTipoCarga(Veiculo_id, TipoCarga_id)
VALUES (96, 10);

INSERT INTO VeiculoTipoCarga(Veiculo_id, TipoCarga_id)
VALUES (97, 1);

INSERT INTO VeiculoTipoCarga(Veiculo_id, TipoCarga_id)
VALUES (98, 3);

INSERT INTO VeiculoTipoCarga(Veiculo_id, TipoCarga_id)
VALUES (99, 5);

INSERT INTO VeiculoTipoCarga(Veiculo_id, TipoCarga_id)
VALUES (100, 4);

INSERT INTO VeiculoTipoCarga(Veiculo_id, TipoCarga_id)
VALUES (100, 5);

-- Popula a tabela Endereco.

INSERT INTO Endereco(id, cep, estado, bairro, rua, numero)
VALUES (1, '21233-253', 'Espírito Santo', 'Biribá', 'Rua 31', '16');

INSERT INTO Endereco(id, cep, estado, bairro, rua, numero)
VALUES (2, '01248-110', 'Bahia', 'Abiu', 'Rua 71', '63');

INSERT INTO Endereco(id, cep, estado, bairro, rua, numero)
VALUES (3, '41250-162', 'São Paulo', 'Naranjilla', 'Rua 27', '74');

INSERT INTO Endereco(id, cep, estado, bairro, rua, numero)
VALUES (4, '11264-356', 'Roraima', 'Ilama', 'Rua 68', '23');

INSERT INTO Endereco(id, cep, estado, bairro, rua, numero)
VALUES (5, '61273-177', 'Espírito Santo', 'Bacupari', 'Rua 13', '40');

INSERT INTO Endereco(id, cep, estado, bairro, rua, numero)
VALUES (6, '01287-910', 'Roraima', 'Cambucá', 'Rua 15', '98');

INSERT INTO Endereco(id, cep, estado, bairro, rua, numero)
VALUES (7, '11296-506', 'Mato Grosso', 'Banana prata', 'Rua 11', '67');

INSERT INTO Endereco(id, cep, estado, bairro, rua, numero)
VALUES (8, '71309-899', 'Santa Catarina', 'Pequi', 'Rua 64', '18');

INSERT INTO Endereco(id, cep, estado, bairro, rua, numero)
VALUES (9, '91317-348', 'Rio Grande do Sul', 'Bacaba', 'Rua 49', '22');

INSERT INTO Endereco(id, cep, estado, bairro, rua, numero)
VALUES (10, '81320-735', 'Sergipe', 'Amora silvestre', 'Rua 77', '59');

INSERT INTO Endereco(id, cep, estado, bairro, rua, numero)
VALUES (11, '31335-750', 'Sergipe', 'Damasco', 'Rua 24', '39');

INSERT INTO Endereco(id, cep, estado, bairro, rua, numero)
VALUES (12, '41348-598', 'Santa Catarina', 'Morango', 'Rua 26', '42');

INSERT INTO Endereco(id, cep, estado, bairro, rua, numero)
VALUES (13, '71358-863', 'Bahia', 'Salak', 'Rua 61', '61');

INSERT INTO Endereco(id, cep, estado, bairro, rua, numero)
VALUES (14, '11362-858', 'Bahia', 'Camu - Camu', 'Rua 85', '85');

INSERT INTO Endereco(id, cep, estado, bairro, rua, numero)
VALUES (15, '31375-930', 'Mato Grosso do Sul', 'Calamondin', 'Rua 54', '98');

INSERT INTO Endereco(id, cep, estado, bairro, rua, numero)
VALUES (16, '41389-182', 'Tocantins', 'Damasco', 'Rua 57', '63');

INSERT INTO Endereco(id, cep, estado, bairro, rua, numero)
VALUES (17, '11395-166', 'Minas Gerais', 'Nectarina', 'Rua 43', '25');

INSERT INTO Endereco(id, cep, estado, bairro, rua, numero)
VALUES (18, '71402-013', 'Roraima', 'Taiúva', 'Rua 61', '50');

INSERT INTO Endereco(id, cep, estado, bairro, rua, numero)
VALUES (19, '41410-149', 'Alagoas', 'Cajá vermelho', 'Rua 38', '50');

INSERT INTO Endereco(id, cep, estado, bairro, rua, numero)
VALUES (20, '71422-000', 'Amazonas', 'Physalis', 'Rua 95', '47');

INSERT INTO Endereco(id, cep, estado, bairro, rua, numero)
VALUES (21, '61436-826', 'Rio Grande do Norte', 'Cambuci', 'Rua 80', '11');

INSERT INTO Endereco(id, cep, estado, bairro, rua, numero)
VALUES (22, '91443-520', 'Distrito Federal', 'Caqui paulista', 'Rua 61', '52');

INSERT INTO Endereco(id, cep, estado, bairro, rua, numero)
VALUES (23, '61455-408', 'Distrito Federal', 'Taperebá', 'Rua 40', '36');

INSERT INTO Endereco(id, cep, estado, bairro, rua, numero)
VALUES (24, '31464-473', 'Amapá', 'Graviola', 'Rua 18', '77');

INSERT INTO Endereco(id, cep, estado, bairro, rua, numero)
VALUES (25, '61472-549', 'Mato Grosso', 'Castanha do pará', 'Rua 39', '16');

INSERT INTO Endereco(id, cep, estado, bairro, rua, numero)
VALUES (26, '11486-478', 'Amazonas', 'Caqui japonês', 'Rua 13', '54');

INSERT INTO Endereco(id, cep, estado, bairro, rua, numero)
VALUES (27, '61497-313', 'Acre', 'Marula', 'Rua 64', '74');

INSERT INTO Endereco(id, cep, estado, bairro, rua, numero)
VALUES (28, '11500-381', 'Amapá', 'Caju', 'Rua 27', '61');

INSERT INTO Endereco(id, cep, estado, bairro, rua, numero)
VALUES (29, '01519-128', 'Tocantins', 'Maçã Fuji', 'Rua 54', '23');

INSERT INTO Endereco(id, cep, estado, bairro, rua, numero)
VALUES (30, '31527-070', 'Espírito Santo', 'Uvalha', 'Rua 37', '15');

INSERT INTO Endereco(id, cep, estado, bairro, rua, numero)
VALUES (31, '41535-633', 'Rio de Janeiro', 'Uva rubi', 'Rua 47', '81');

INSERT INTO Endereco(id, cep, estado, bairro, rua, numero)
VALUES (32, '11546-168', 'São Paulo', 'Salak', 'Rua 21', '54');

INSERT INTO Endereco(id, cep, estado, bairro, rua, numero)
VALUES (33, '01552-844', 'Santa Catarina', 'Nectarina', 'Rua 64', '39');

INSERT INTO Endereco(id, cep, estado, bairro, rua, numero)
VALUES (34, '71563-227', 'Pernambuco', 'Goiaba branca', 'Rua 30', '83');

INSERT INTO Endereco(id, cep, estado, bairro, rua, numero)
VALUES (35, '81570-791', 'Amapá', 'Cajá-manga', 'Rua 77', '95');

INSERT INTO Endereco(id, cep, estado, bairro, rua, numero)
VALUES (36, '01582-218', 'Acre', 'Bacupari', 'Rua 60', '50');

INSERT INTO Endereco(id, cep, estado, bairro, rua, numero)
VALUES (37, '91595-259', 'Sergipe', 'Laranja', 'Rua 63', '52');

INSERT INTO Endereco(id, cep, estado, bairro, rua, numero)
VALUES (38, '21603-623', 'Acre', 'Babaçu', 'Rua 67', '62');

INSERT INTO Endereco(id, cep, estado, bairro, rua, numero)
VALUES (39, '61615-890', 'Tocantins', 'Tomate Arbóreo', 'Rua 66', '40');

INSERT INTO Endereco(id, cep, estado, bairro, rua, numero)
VALUES (40, '41629-716', 'Tocantins', 'Limão', 'Rua 39', '33');

INSERT INTO Endereco(id, cep, estado, bairro, rua, numero)
VALUES (41, '21639-457', 'Mato Grosso do Sul', 'Pitomba', 'Rua 50', '39');

INSERT INTO Endereco(id, cep, estado, bairro, rua, numero)
VALUES (42, '71642-195', 'Roraima', 'Jambo rosa', 'Rua 44', '41');

INSERT INTO Endereco(id, cep, estado, bairro, rua, numero)
VALUES (43, '51659-463', 'Rio de Janeiro', 'Framboesa fresca', 'Rua 15', '87');

INSERT INTO Endereco(id, cep, estado, bairro, rua, numero)
VALUES (44, '21661-067', 'Maranhão', 'Macadâmia', 'Rua 49', '59');

INSERT INTO Endereco(id, cep, estado, bairro, rua, numero)
VALUES (45, '71674-636', 'Espírito Santo', 'Xixa', 'Rua 61', '14');

INSERT INTO Endereco(id, cep, estado, bairro, rua, numero)
VALUES (46, '91681-669', 'Rio Grande do Norte', 'Calabaça', 'Rua 24', '81');

INSERT INTO Endereco(id, cep, estado, bairro, rua, numero)
VALUES (47, '81697-844', 'Tocantins', 'Figo', 'Rua 68', '29');

INSERT INTO Endereco(id, cep, estado, bairro, rua, numero)
VALUES (48, '01706-066', 'Rondônia', 'Jatobá', 'Rua 63', '55');

INSERT INTO Endereco(id, cep, estado, bairro, rua, numero)
VALUES (49, '51718-789', 'Santa Catarina', 'Marang', 'Rua 33', '63');

INSERT INTO Endereco(id, cep, estado, bairro, rua, numero)
VALUES (50, '41720-112', 'Paraná', 'Jurubeba', 'Rua 62', '76');

INSERT INTO Endereco(id, cep, estado, bairro, rua, numero)
VALUES (51, '91731-020', 'Rio de Janeiro', 'Cupuaçu', 'Rua 19', '60');

INSERT INTO Endereco(id, cep, estado, bairro, rua, numero)
VALUES (52, '61742-427', 'Espírito Santo', 'Goiaba', 'Rua 13', '41');

INSERT INTO Endereco(id, cep, estado, bairro, rua, numero)
VALUES (53, '31750-668', 'Bahia', 'Physalis', 'Rua 97', '89');

INSERT INTO Endereco(id, cep, estado, bairro, rua, numero)
VALUES (54, '41760-549', 'Tocantins', 'Babaçu', 'Rua 60', '46');

INSERT INTO Endereco(id, cep, estado, bairro, rua, numero)
VALUES (55, '41771-249', 'Mato Grosso', 'Mamão papaia', 'Rua 53', '87');

INSERT INTO Endereco(id, cep, estado, bairro, rua, numero)
VALUES (56, '41784-134', 'Sergipe', 'Sapota', 'Rua 37', '49');

INSERT INTO Endereco(id, cep, estado, bairro, rua, numero)
VALUES (57, '21794-933', 'Amapá', 'Laranja valência', 'Rua 43', '97');

INSERT INTO Endereco(id, cep, estado, bairro, rua, numero)
VALUES (58, '71803-198', 'Tocantins', 'Mutamba', 'Rua 13', '65');

INSERT INTO Endereco(id, cep, estado, bairro, rua, numero)
VALUES (59, '71812-736', 'Piauí', 'Grapefruit rosa', 'Rua 37', '67');

INSERT INTO Endereco(id, cep, estado, bairro, rua, numero)
VALUES (60, '11829-652', 'Tocantins', 'Pinhão', 'Rua 29', '10');

INSERT INTO Endereco(id, cep, estado, bairro, rua, numero)
VALUES (61, '21830-001', 'Amapá', 'Cajá', 'Rua 99', '66');

INSERT INTO Endereco(id, cep, estado, bairro, rua, numero)
VALUES (62, '01847-130', 'Rio Grande do Norte', 'Banana Pacova', 'Rua 86', '81');

INSERT INTO Endereco(id, cep, estado, bairro, rua, numero)
VALUES (63, '91858-179', 'Rio Grande do Norte', 'Maracujá', 'Rua 31', '75');

INSERT INTO Endereco(id, cep, estado, bairro, rua, numero)
VALUES (64, '41865-475', 'Mato Grosso do Sul', 'Piquiá', 'Rua 59', '31');

INSERT INTO Endereco(id, cep, estado, bairro, rua, numero)
VALUES (65, '11870-896', 'Mato Grosso do Sul', 'Caju', 'Rua 44', '18');

INSERT INTO Endereco(id, cep, estado, bairro, rua, numero)
VALUES (66, '01888-866', 'Minas Gerais', 'Guariroba', 'Rua 75', '51');

INSERT INTO Endereco(id, cep, estado, bairro, rua, numero)
VALUES (67, '21892-418', 'Espírito Santo', 'Jambolão', 'Rua 32', '62');

INSERT INTO Endereco(id, cep, estado, bairro, rua, numero)
VALUES (68, '01908-987', 'Sergipe', 'Castanha do pará', 'Rua 23', '38');

INSERT INTO Endereco(id, cep, estado, bairro, rua, numero)
VALUES (69, '61911-911', 'Paraíba', 'Jenipapo', 'Rua 89', '96');

INSERT INTO Endereco(id, cep, estado, bairro, rua, numero)
VALUES (70, '91925-507', 'Bahia', 'Cajá', 'Rua 26', '50');

INSERT INTO Endereco(id, cep, estado, bairro, rua, numero)
VALUES (71, '21932-246', 'Goiás', 'Maracujá', 'Rua 20', '23');

INSERT INTO Endereco(id, cep, estado, bairro, rua, numero)
VALUES (72, '51943-135', 'São Paulo', 'Cacau', 'Rua 36', '79');

INSERT INTO Endereco(id, cep, estado, bairro, rua, numero)
VALUES (73, '61955-386', 'Rondônia', 'Maçã', 'Rua 61', '63');

INSERT INTO Endereco(id, cep, estado, bairro, rua, numero)
VALUES (74, '01967-395', 'Espírito Santo', 'Caju', 'Rua 32', '53');

INSERT INTO Endereco(id, cep, estado, bairro, rua, numero)
VALUES (75, '61970-763', 'Rio Grande do Sul', 'Damasco', 'Rua 35', '27');

INSERT INTO Endereco(id, cep, estado, bairro, rua, numero)
VALUES (76, '71988-256', 'Espírito Santo', 'Groselha vermelha', 'Rua 54', '54');

INSERT INTO Endereco(id, cep, estado, bairro, rua, numero)
VALUES (77, '71997-112', 'Mato Grosso', 'Cupuaçu', 'Rua 38', '22');

INSERT INTO Endereco(id, cep, estado, bairro, rua, numero)
VALUES (78, '42007-342', 'Minas Gerais', 'Mangaba', 'Rua 18', '22');

INSERT INTO Endereco(id, cep, estado, bairro, rua, numero)
VALUES (79, '02014-455', 'Pernambuco', 'Caqui chocolate', 'Rua 42', '50');

INSERT INTO Endereco(id, cep, estado, bairro, rua, numero)
VALUES (80, '52026-777', 'Minas Gerais', 'Glicosmis', 'Rua 51', '76');

INSERT INTO Endereco(id, cep, estado, bairro, rua, numero)
VALUES (81, '22030-840', 'Maranhão', 'Massala', 'Rua 69', '90');

INSERT INTO Endereco(id, cep, estado, bairro, rua, numero)
VALUES (82, '02047-433', 'Pernambuco', 'Cherimoya', 'Rua 16', '87');

INSERT INTO Endereco(id, cep, estado, bairro, rua, numero)
VALUES (83, '72056-216', 'Tocantins', 'Caraguata', 'Rua 69', '33');

INSERT INTO Endereco(id, cep, estado, bairro, rua, numero)
VALUES (84, '62061-849', 'Roraima', 'Juá de queimada', 'Rua 22', '91');

INSERT INTO Endereco(id, cep, estado, bairro, rua, numero)
VALUES (85, '82079-084', 'Mato Grosso', 'Figo', 'Rua 34', '82');

INSERT INTO Endereco(id, cep, estado, bairro, rua, numero)
VALUES (86, '82081-747', 'Piauí', 'Cardo branco', 'Rua 80', '61');

INSERT INTO Endereco(id, cep, estado, bairro, rua, numero)
VALUES (87, '52099-529', 'Distrito Federal', 'Pêra', 'Rua 44', '27');

INSERT INTO Endereco(id, cep, estado, bairro, rua, numero)
VALUES (88, '42104-600', 'Ceará', 'Caqui', 'Rua 56', '47');

INSERT INTO Endereco(id, cep, estado, bairro, rua, numero)
VALUES (89, '92114-238', 'Tocantins', 'Maçã argentina', 'Rua 81', '91');

INSERT INTO Endereco(id, cep, estado, bairro, rua, numero)
VALUES (90, '32123-234', 'Tocantins', 'Limão', 'Rua 86', '63');

INSERT INTO Endereco(id, cep, estado, bairro, rua, numero)
VALUES (91, '32138-872', 'Amazonas', 'Juá', 'Rua 36', '96');

INSERT INTO Endereco(id, cep, estado, bairro, rua, numero)
VALUES (92, '62143-424', 'Acre', 'Coco', 'Rua 99', '60');

INSERT INTO Endereco(id, cep, estado, bairro, rua, numero)
VALUES (93, '02151-668', 'Rio de Janeiro', 'Mamão', 'Rua 47', '18');

INSERT INTO Endereco(id, cep, estado, bairro, rua, numero)
VALUES (94, '02163-535', 'Roraima', 'Amora', 'Rua 35', '16');

INSERT INTO Endereco(id, cep, estado, bairro, rua, numero)
VALUES (95, '22176-599', 'Mato Grosso', 'Banana Pacova', 'Rua 58', '38');

INSERT INTO Endereco(id, cep, estado, bairro, rua, numero)
VALUES (96, '42189-590', 'Espírito Santo', 'Maçã', 'Rua 52', '74');

INSERT INTO Endereco(id, cep, estado, bairro, rua, numero)
VALUES (97, '42199-236', 'Amapá', 'Pêra Park', 'Rua 18', '20');

INSERT INTO Endereco(id, cep, estado, bairro, rua, numero)
VALUES (98, '22208-178', 'Bahia', 'Bacaba', 'Rua 28', '96');

INSERT INTO Endereco(id, cep, estado, bairro, rua, numero)
VALUES (99, '42211-976', 'Distrito Federal', 'Acerola', 'Rua 79', '50');

INSERT INTO Endereco(id, cep, estado, bairro, rua, numero)
VALUES (100, '32227-830', 'Santa Catarina', 'Café', 'Rua 91', '95');

INSERT INTO Endereco(id, cep, estado, bairro, rua, numero)
VALUES (101, '62238-759', 'São Paulo', 'Limão tahiti', 'Rua 53', '75');

INSERT INTO Endereco(id, cep, estado, bairro, rua, numero)
VALUES (102, '52241-682', 'Espírito Santo', 'Açaí', 'Rua 52', '99');

INSERT INTO Endereco(id, cep, estado, bairro, rua, numero)
VALUES (103, '02250-499', 'Goiás', 'Massala', 'Rua 29', '39');

INSERT INTO Endereco(id, cep, estado, bairro, rua, numero)
VALUES (104, '72261-079', 'Mato Grosso do Sul', 'Figo', 'Rua 93', '37');

INSERT INTO Endereco(id, cep, estado, bairro, rua, numero)
VALUES (105, '02272-709', 'Distrito Federal', 'Tarumã', 'Rua 12', '41');

INSERT INTO Endereco(id, cep, estado, bairro, rua, numero)
VALUES (106, '72285-643', 'Paraná', 'Pêra Williams', 'Rua 81', '85');

INSERT INTO Endereco(id, cep, estado, bairro, rua, numero)
VALUES (107, '12295-637', 'Goiás', 'Bacuri', 'Rua 27', '91');

INSERT INTO Endereco(id, cep, estado, bairro, rua, numero)
VALUES (108, '52306-969', 'São Paulo', 'Jambo amarelo', 'Rua 56', '65');

INSERT INTO Endereco(id, cep, estado, bairro, rua, numero)
VALUES (109, '82317-551', 'Mato Grosso do Sul', 'Guajirú', 'Rua 50', '66');

INSERT INTO Endereco(id, cep, estado, bairro, rua, numero)
VALUES (110, '02320-108', 'Sergipe', 'Sapota', 'Rua 80', '36');

INSERT INTO Endereco(id, cep, estado, bairro, rua, numero)
VALUES (111, '42330-361', 'Bahia', 'Tucumã', 'Rua 31', '95');

INSERT INTO Endereco(id, cep, estado, bairro, rua, numero)
VALUES (112, '52343-695', 'Ceará', 'Babaco', 'Rua 59', '55');

INSERT INTO Endereco(id, cep, estado, bairro, rua, numero)
VALUES (113, '52357-865', 'Acre', 'Tâmara natural', 'Rua 69', '90');

INSERT INTO Endereco(id, cep, estado, bairro, rua, numero)
VALUES (114, '92363-886', 'Amapá', 'Atemoya', 'Rua 68', '50');

INSERT INTO Endereco(id, cep, estado, bairro, rua, numero)
VALUES (115, '72376-341', 'Paraná', 'Romã', 'Rua 71', '71');

INSERT INTO Endereco(id, cep, estado, bairro, rua, numero)
VALUES (116, '92387-434', 'Amazonas', 'Biriba', 'Rua 32', '62');

INSERT INTO Endereco(id, cep, estado, bairro, rua, numero)
VALUES (117, '92393-901', 'Distrito Federal', 'Limão siciliano', 'Rua 21', '92');

INSERT INTO Endereco(id, cep, estado, bairro, rua, numero)
VALUES (118, '92407-432', 'Alagoas', 'Cajá', 'Rua 27', '21');

INSERT INTO Endereco(id, cep, estado, bairro, rua, numero)
VALUES (119, '32419-091', 'Paraná', 'Caqui paulista', 'Rua 28', '90');

INSERT INTO Endereco(id, cep, estado, bairro, rua, numero)
VALUES (120, '92426-037', 'Espírito Santo', 'Camu-camu', 'Rua 23', '73');

INSERT INTO Endereco(id, cep, estado, bairro, rua, numero)
VALUES (121, '02439-045', 'Rio Grande do Sul', 'Mamão formosa', 'Rua 83', '46');

INSERT INTO Endereco(id, cep, estado, bairro, rua, numero)
VALUES (122, '82449-136', 'Mato Grosso do Sul', 'Jujuba chinesa', 'Rua 66', '34');

INSERT INTO Endereco(id, cep, estado, bairro, rua, numero)
VALUES (123, '42458-632', 'Rondônia', 'Banana Ouro', 'Rua 65', '37');

INSERT INTO Endereco(id, cep, estado, bairro, rua, numero)
VALUES (124, '72460-395', 'Distrito Federal', 'Açaí', 'Rua 31', '16');

INSERT INTO Endereco(id, cep, estado, bairro, rua, numero)
VALUES (125, '62479-440', 'Tocantins', 'Champedaque', 'Rua 64', '28');

INSERT INTO Endereco(id, cep, estado, bairro, rua, numero)
VALUES (126, '82486-322', 'Tocantins', 'Guabiju', 'Rua 25', '30');

INSERT INTO Endereco(id, cep, estado, bairro, rua, numero)
VALUES (127, '02499-558', 'Maranhão', 'Castanha do pará', 'Rua 24', '25');

INSERT INTO Endereco(id, cep, estado, bairro, rua, numero)
VALUES (128, '22505-208', 'Rio Grande do Sul', 'Salak', 'Rua 91', '18');

INSERT INTO Endereco(id, cep, estado, bairro, rua, numero)
VALUES (129, '82513-523', 'Bahia', 'Jaracatiá', 'Rua 29', '63');

INSERT INTO Endereco(id, cep, estado, bairro, rua, numero)
VALUES (130, '92524-230', 'Minas Gerais', 'Melancia', 'Rua 45', '65');

INSERT INTO Endereco(id, cep, estado, bairro, rua, numero)
VALUES (131, '32530-159', 'Rio Grande do Sul', 'Feijoa', 'Rua 59', '33');

INSERT INTO Endereco(id, cep, estado, bairro, rua, numero)
VALUES (132, '72541-480', 'Goiás', 'Amora silvestre', 'Rua 95', '52');

INSERT INTO Endereco(id, cep, estado, bairro, rua, numero)
VALUES (133, '92554-855', 'Minas Gerais', 'Fruta - Pão', 'Rua 51', '39');

INSERT INTO Endereco(id, cep, estado, bairro, rua, numero)
VALUES (134, '62561-842', 'São Paulo', 'Pitaya', 'Rua 68', '86');

INSERT INTO Endereco(id, cep, estado, bairro, rua, numero)
VALUES (135, '82578-910', 'Acre', 'Camapu', 'Rua 30', '43');

INSERT INTO Endereco(id, cep, estado, bairro, rua, numero)
VALUES (136, '52586-967', 'Mato Grosso do Sul', 'Cajá-manga', 'Rua 95', '39');

INSERT INTO Endereco(id, cep, estado, bairro, rua, numero)
VALUES (137, '22592-209', 'Amazonas', 'Calamondin', 'Rua 32', '55');

INSERT INTO Endereco(id, cep, estado, bairro, rua, numero)
VALUES (138, '82602-076', 'Maranhão', 'Banana', 'Rua 23', '96');

INSERT INTO Endereco(id, cep, estado, bairro, rua, numero)
VALUES (139, '32611-121', 'Rio Grande do Norte', 'Figo da índia amarelo', 'Rua 74', '12');

INSERT INTO Endereco(id, cep, estado, bairro, rua, numero)
VALUES (140, '12623-467', 'Amapá', 'Camapu', 'Rua 21', '98');

INSERT INTO Endereco(id, cep, estado, bairro, rua, numero)
VALUES (141, '62639-501', 'Maranhão', 'Cereja fresca', 'Rua 84', '90');

INSERT INTO Endereco(id, cep, estado, bairro, rua, numero)
VALUES (142, '92645-421', 'Amazonas', 'Mexerica', 'Rua 60', '12');

INSERT INTO Endereco(id, cep, estado, bairro, rua, numero)
VALUES (143, '12654-564', 'Pernambuco', 'Kinkan', 'Rua 61', '89');

INSERT INTO Endereco(id, cep, estado, bairro, rua, numero)
VALUES (144, '62662-848', 'Minas Gerais', 'Uvaia', 'Rua 69', '28');

INSERT INTO Endereco(id, cep, estado, bairro, rua, numero)
VALUES (145, '62676-548', 'Maranhão', 'Amêndoa', 'Rua 46', '29');

INSERT INTO Endereco(id, cep, estado, bairro, rua, numero)
VALUES (146, '02680-476', 'Mato Grosso do Sul', 'Tâmara', 'Rua 82', '62');

INSERT INTO Endereco(id, cep, estado, bairro, rua, numero)
VALUES (147, '72693-504', 'Distrito Federal', 'Manga haden', 'Rua 11', '17');

INSERT INTO Endereco(id, cep, estado, bairro, rua, numero)
VALUES (148, '12705-316', 'Mato Grosso', 'Mamoncillo', 'Rua 64', '73');

INSERT INTO Endereco(id, cep, estado, bairro, rua, numero)
VALUES (149, '32715-878', 'Goiás', 'Cardo branco', 'Rua 27', '90');

INSERT INTO Endereco(id, cep, estado, bairro, rua, numero)
VALUES (150, '22726-778', 'Pará', 'Caqui paulista', 'Rua 79', '98');

INSERT INTO Endereco(id, cep, estado, bairro, rua, numero)
VALUES (151, '62739-658', 'Amapá', 'Mamoncillo', 'Rua 35', '79');

INSERT INTO Endereco(id, cep, estado, bairro, rua, numero)
VALUES (152, '32742-159', 'Pernambuco', 'Uvaia', 'Rua 61', '93');

INSERT INTO Endereco(id, cep, estado, bairro, rua, numero)
VALUES (153, '22759-023', 'Acre', 'Jujuba chinesa', 'Rua 36', '79');

INSERT INTO Endereco(id, cep, estado, bairro, rua, numero)
VALUES (154, '62768-764', 'Espírito Santo', 'Babaco', 'Rua 56', '31');

INSERT INTO Endereco(id, cep, estado, bairro, rua, numero)
VALUES (155, '12771-826', 'Goiás', 'Pistache', 'Rua 39', '83');

INSERT INTO Endereco(id, cep, estado, bairro, rua, numero)
VALUES (156, '02788-642', 'Roraima', 'Pistache', 'Rua 44', '75');

INSERT INTO Endereco(id, cep, estado, bairro, rua, numero)
VALUES (157, '12792-402', 'Pará', 'Mamey', 'Rua 10', '55');

INSERT INTO Endereco(id, cep, estado, bairro, rua, numero)
VALUES (158, '92807-739', 'São Paulo', 'Pitanga', 'Rua 11', '29');

INSERT INTO Endereco(id, cep, estado, bairro, rua, numero)
VALUES (159, '42810-123', 'Ceará', 'Coco fresco', 'Rua 28', '17');

INSERT INTO Endereco(id, cep, estado, bairro, rua, numero)
VALUES (160, '92826-738', 'Distrito Federal', 'Jurubeba', 'Rua 86', '47');

INSERT INTO Endereco(id, cep, estado, bairro, rua, numero)
VALUES (161, '72836-757', 'Pernambuco', 'Taiúva', 'Rua 94', '44');

INSERT INTO Endereco(id, cep, estado, bairro, rua, numero)
VALUES (162, '82846-609', 'Rondônia', 'Atemoya', 'Rua 45', '38');

INSERT INTO Endereco(id, cep, estado, bairro, rua, numero)
VALUES (163, '92851-610', 'São Paulo', 'Amora silvestre', 'Rua 20', '71');

INSERT INTO Endereco(id, cep, estado, bairro, rua, numero)
VALUES (164, '22865-304', 'Pernambuco', 'Naranjilla', 'Rua 94', '33');

INSERT INTO Endereco(id, cep, estado, bairro, rua, numero)
VALUES (165, '62877-529', 'Piauí', 'Jatobá', 'Rua 96', '68');

INSERT INTO Endereco(id, cep, estado, bairro, rua, numero)
VALUES (166, '22889-693', 'Piauí', 'Caimito', 'Rua 89', '66');

INSERT INTO Endereco(id, cep, estado, bairro, rua, numero)
VALUES (167, '72895-190', 'Maranhão', 'Pistache', 'Rua 72', '55');

INSERT INTO Endereco(id, cep, estado, bairro, rua, numero)
VALUES (168, '32901-176', 'Mato Grosso do Sul', 'Pistache', 'Rua 54', '59');

INSERT INTO Endereco(id, cep, estado, bairro, rua, numero)
VALUES (169, '32917-986', 'Ceará', 'Bilimbi', 'Rua 93', '39');

INSERT INTO Endereco(id, cep, estado, bairro, rua, numero)
VALUES (170, '12925-465', 'São Paulo', 'Araçá', 'Rua 39', '99');

INSERT INTO Endereco(id, cep, estado, bairro, rua, numero)
VALUES (171, '72931-830', 'Paraíba', 'Babaçu', 'Rua 42', '21');

INSERT INTO Endereco(id, cep, estado, bairro, rua, numero)
VALUES (172, '42941-139', 'Amazonas', 'Limão galego', 'Rua 50', '96');

INSERT INTO Endereco(id, cep, estado, bairro, rua, numero)
VALUES (173, '02958-146', 'Espírito Santo', 'Uva', 'Rua 43', '54');

INSERT INTO Endereco(id, cep, estado, bairro, rua, numero)
VALUES (174, '82965-442', 'Sergipe', 'Camu-camu', 'Rua 85', '73');

INSERT INTO Endereco(id, cep, estado, bairro, rua, numero)
VALUES (175, '62974-252', 'Rio Grande do Norte', 'Mamão', 'Rua 96', '56');

INSERT INTO Endereco(id, cep, estado, bairro, rua, numero)
VALUES (176, '02989-899', 'Amazonas', 'Banana', 'Rua 57', '15');

INSERT INTO Endereco(id, cep, estado, bairro, rua, numero)
VALUES (177, '32991-050', 'Distrito Federal', 'Langsat', 'Rua 50', '30');

INSERT INTO Endereco(id, cep, estado, bairro, rua, numero)
VALUES (178, '23008-764', 'Pernambuco', 'Noz Pecã', 'Rua 43', '38');

INSERT INTO Endereco(id, cep, estado, bairro, rua, numero)
VALUES (179, '63011-663', 'Tocantins', 'Manga tommy', 'Rua 30', '11');

INSERT INTO Endereco(id, cep, estado, bairro, rua, numero)
VALUES (180, '63026-540', 'Paraíba', 'Grumixama', 'Rua 19', '71');

INSERT INTO Endereco(id, cep, estado, bairro, rua, numero)
VALUES (181, '63030-054', 'Mato Grosso do Sul', 'Natanjila', 'Rua 64', '54');

INSERT INTO Endereco(id, cep, estado, bairro, rua, numero)
VALUES (182, '13048-949', 'Rondônia', 'Tomate Arbóreo', 'Rua 16', '71');

INSERT INTO Endereco(id, cep, estado, bairro, rua, numero)
VALUES (183, '13052-684', 'Espírito Santo', 'Santol', 'Rua 49', '33');

INSERT INTO Endereco(id, cep, estado, bairro, rua, numero)
VALUES (184, '33060-226', 'Goiás', 'Caqui paulista', 'Rua 28', '46');

INSERT INTO Endereco(id, cep, estado, bairro, rua, numero)
VALUES (185, '43078-762', 'Acre', 'Jambo', 'Rua 90', '67');

INSERT INTO Endereco(id, cep, estado, bairro, rua, numero)
VALUES (186, '43081-661', 'Espírito Santo', 'Avelã', 'Rua 95', '99');

INSERT INTO Endereco(id, cep, estado, bairro, rua, numero)
VALUES (187, '83096-593', 'Rio Grande do Sul', 'Carnaúba', 'Rua 59', '98');

INSERT INTO Endereco(id, cep, estado, bairro, rua, numero)
VALUES (188, '33100-933', 'Ceará', 'Salak', 'Rua 35', '18');

INSERT INTO Endereco(id, cep, estado, bairro, rua, numero)
VALUES (189, '73117-933', 'Rio de Janeiro', 'Mexerica', 'Rua 30', '68');

INSERT INTO Endereco(id, cep, estado, bairro, rua, numero)
VALUES (190, '63128-515', 'Pernambuco', 'Pequi', 'Rua 47', '88');

INSERT INTO Endereco(id, cep, estado, bairro, rua, numero)
VALUES (191, '73135-310', 'Espírito Santo', 'Noz Pecã', 'Rua 38', '83');

INSERT INTO Endereco(id, cep, estado, bairro, rua, numero)
VALUES (192, '33147-335', 'Espírito Santo', 'Melão', 'Rua 61', '87');

INSERT INTO Endereco(id, cep, estado, bairro, rua, numero)
VALUES (193, '83154-115', 'Bahia', 'Pêra Williams', 'Rua 30', '47');

INSERT INTO Endereco(id, cep, estado, bairro, rua, numero)
VALUES (194, '63168-728', 'Bahia', 'Mutamba', 'Rua 59', '36');

INSERT INTO Endereco(id, cep, estado, bairro, rua, numero)
VALUES (195, '53176-368', 'Paraná', 'Guaraná', 'Rua 40', '68');

INSERT INTO Endereco(id, cep, estado, bairro, rua, numero)
VALUES (196, '83187-776', 'Maranhão', 'Pêssego', 'Rua 70', '20');

INSERT INTO Endereco(id, cep, estado, bairro, rua, numero)
VALUES (197, '33195-505', 'Rio de Janeiro', 'Caraguata', 'Rua 25', '85');

INSERT INTO Endereco(id, cep, estado, bairro, rua, numero)
VALUES (198, '63205-624', 'Pará', 'Sapucaia', 'Rua 58', '80');

INSERT INTO Endereco(id, cep, estado, bairro, rua, numero)
VALUES (199, '33215-745', 'Tocantins', 'Ciriguela', 'Rua 83', '54');

INSERT INTO Endereco(id, cep, estado, bairro, rua, numero)
VALUES (200, '23222-326', 'Piauí', 'Abiu', 'Rua 33', '23');

INSERT INTO Endereco(id, cep, estado, bairro, rua, numero)
VALUES (201, '03237-155', 'Espírito Santo', 'Calabaça', 'Rua 30', '93');

INSERT INTO Endereco(id, cep, estado, bairro, rua, numero)
VALUES (202, '93245-223', 'Bahia', 'Murcote', 'Rua 48', '99');

INSERT INTO Endereco(id, cep, estado, bairro, rua, numero)
VALUES (203, '83254-688', 'Bahia', 'Cupuaçu', 'Rua 27', '84');

INSERT INTO Endereco(id, cep, estado, bairro, rua, numero)
VALUES (204, '43264-961', 'São Paulo', 'Mangostin', 'Rua 63', '78');

INSERT INTO Endereco(id, cep, estado, bairro, rua, numero)
VALUES (205, '63276-003', 'Minas Gerais', 'Guaraná', 'Rua 37', '31');

INSERT INTO Endereco(id, cep, estado, bairro, rua, numero)
VALUES (206, '03280-013', 'Tocantins', 'Babaçu', 'Rua 83', '88');

INSERT INTO Endereco(id, cep, estado, bairro, rua, numero)
VALUES (207, '93292-657', 'Bahia', 'Caqui japonês', 'Rua 98', '14');

INSERT INTO Endereco(id, cep, estado, bairro, rua, numero)
VALUES (208, '03303-116', 'Espírito Santo', 'Bilimbi', 'Rua 92', '23');

INSERT INTO Endereco(id, cep, estado, bairro, rua, numero)
VALUES (209, '93311-533', 'Mato Grosso', 'Santol', 'Rua 87', '78');

INSERT INTO Endereco(id, cep, estado, bairro, rua, numero)
VALUES (210, '83325-268', 'Rio de Janeiro', 'Jambo', 'Rua 40', '43');

INSERT INTO Endereco(id, cep, estado, bairro, rua, numero)
VALUES (211, '43331-928', 'Bahia', 'Guajirú', 'Rua 56', '75');

INSERT INTO Endereco(id, cep, estado, bairro, rua, numero)
VALUES (212, '43341-388', 'Santa Catarina', 'Banana figo', 'Rua 50', '14');

INSERT INTO Endereco(id, cep, estado, bairro, rua, numero)
VALUES (213, '33350-882', 'Rondônia', 'Mexerica Rio', 'Rua 90', '19');

INSERT INTO Endereco(id, cep, estado, bairro, rua, numero)
VALUES (214, '03364-894', 'Piauí', 'Mandacarú', 'Rua 18', '72');

INSERT INTO Endereco(id, cep, estado, bairro, rua, numero)
VALUES (215, '63371-346', 'Sergipe', 'Maçã Fuji', 'Rua 73', '15');

INSERT INTO Endereco(id, cep, estado, bairro, rua, numero)
VALUES (216, '93389-319', 'São Paulo', 'Bilimbi', 'Rua 26', '99');

INSERT INTO Endereco(id, cep, estado, bairro, rua, numero)
VALUES (217, '73391-448', 'Rio de Janeiro', 'Banana Maçã', 'Rua 34', '66');

INSERT INTO Endereco(id, cep, estado, bairro, rua, numero)
VALUES (218, '13409-055', 'Amazonas', 'Mandacarú', 'Rua 49', '99');

INSERT INTO Endereco(id, cep, estado, bairro, rua, numero)
VALUES (219, '73412-603', 'Goiás', 'Jenipapo', 'Rua 28', '39');

INSERT INTO Endereco(id, cep, estado, bairro, rua, numero)
VALUES (220, '43426-147', 'Alagoas', 'Manga bourbon', 'Rua 55', '52');

INSERT INTO Endereco(id, cep, estado, bairro, rua, numero)
VALUES (221, '33436-993', 'Acre', 'Mangostin', 'Rua 56', '29');

INSERT INTO Endereco(id, cep, estado, bairro, rua, numero)
VALUES (222, '53444-351', 'Tocantins', 'Castanha do pará', 'Rua 87', '37');

INSERT INTO Endereco(id, cep, estado, bairro, rua, numero)
VALUES (223, '33458-962', 'Goiás', 'Jambo', 'Rua 49', '25');

INSERT INTO Endereco(id, cep, estado, bairro, rua, numero)
VALUES (224, '53464-175', 'Pará', 'Pêssego', 'Rua 94', '35');

INSERT INTO Endereco(id, cep, estado, bairro, rua, numero)
VALUES (225, '13472-753', 'Paraíba', 'Amora', 'Rua 96', '16');

INSERT INTO Endereco(id, cep, estado, bairro, rua, numero)
VALUES (226, '73484-486', 'Bahia', 'Caqui japonês', 'Rua 55', '63');

INSERT INTO Endereco(id, cep, estado, bairro, rua, numero)
VALUES (227, '53498-685', 'Piauí', 'Melão', 'Rua 24', '92');

INSERT INTO Endereco(id, cep, estado, bairro, rua, numero)
VALUES (228, '43501-991', 'Mato Grosso', 'Abacaxi', 'Rua 48', '96');

INSERT INTO Endereco(id, cep, estado, bairro, rua, numero)
VALUES (229, '43519-946', 'Rio de Janeiro', 'Tamarilu', 'Rua 64', '41');

INSERT INTO Endereco(id, cep, estado, bairro, rua, numero)
VALUES (230, '33529-721', 'Mato Grosso', 'Massala', 'Rua 16', '48');

INSERT INTO Endereco(id, cep, estado, bairro, rua, numero)
VALUES (231, '83533-789', 'Bahia', 'Atemóia', 'Rua 40', '78');

INSERT INTO Endereco(id, cep, estado, bairro, rua, numero)
VALUES (232, '73543-949', 'Tocantins', 'Pitanga', 'Rua 96', '26');

INSERT INTO Endereco(id, cep, estado, bairro, rua, numero)
VALUES (233, '23559-202', 'Bahia', 'Limão galego', 'Rua 24', '59');

INSERT INTO Endereco(id, cep, estado, bairro, rua, numero)
VALUES (234, '53560-865', 'Paraíba', 'Maçã', 'Rua 80', '41');

INSERT INTO Endereco(id, cep, estado, bairro, rua, numero)
VALUES (235, '83576-372', 'Mato Grosso do Sul', 'Mamão papaia', 'Rua 82', '82');

INSERT INTO Endereco(id, cep, estado, bairro, rua, numero)
VALUES (236, '33589-969', 'Bahia', 'Mangaba', 'Rua 56', '54');

INSERT INTO Endereco(id, cep, estado, bairro, rua, numero)
VALUES (237, '03599-823', 'Tocantins', 'Calabaça', 'Rua 12', '20');

INSERT INTO Endereco(id, cep, estado, bairro, rua, numero)
VALUES (238, '13600-257', 'Mato Grosso do Sul', 'Morango', 'Rua 84', '72');

INSERT INTO Endereco(id, cep, estado, bairro, rua, numero)
VALUES (239, '53612-227', 'Sergipe', 'Tamarindo', 'Rua 17', '96');

INSERT INTO Endereco(id, cep, estado, bairro, rua, numero)
VALUES (240, '23625-193', 'Espírito Santo', 'Umê', 'Rua 42', '44');

INSERT INTO Endereco(id, cep, estado, bairro, rua, numero)
VALUES (241, '13639-003', 'Amazonas', 'Cutite', 'Rua 19', '64');

INSERT INTO Endereco(id, cep, estado, bairro, rua, numero)
VALUES (242, '23648-925', 'Roraima', 'Tangerina', 'Rua 26', '68');

INSERT INTO Endereco(id, cep, estado, bairro, rua, numero)
VALUES (243, '33650-379', 'Rio Grande do Norte', 'Mamão formosa', 'Rua 34', '72');

INSERT INTO Endereco(id, cep, estado, bairro, rua, numero)
VALUES (244, '13665-356', 'Rondônia', 'Pêra', 'Rua 31', '51');

INSERT INTO Endereco(id, cep, estado, bairro, rua, numero)
VALUES (245, '73674-848', 'Maranhão', 'Amora', 'Rua 44', '91');

INSERT INTO Endereco(id, cep, estado, bairro, rua, numero)
VALUES (246, '63681-123', 'Piauí', 'Ilama', 'Rua 65', '96');

INSERT INTO Endereco(id, cep, estado, bairro, rua, numero)
VALUES (247, '03698-724', 'Rio Grande do Sul', 'Uva branca', 'Rua 56', '64');

INSERT INTO Endereco(id, cep, estado, bairro, rua, numero)
VALUES (248, '83708-945', 'Piauí', 'Ameixa', 'Rua 87', '20');

INSERT INTO Endereco(id, cep, estado, bairro, rua, numero)
VALUES (249, '53710-735', 'Tocantins', 'Juá de queimada', 'Rua 70', '95');

INSERT INTO Endereco(id, cep, estado, bairro, rua, numero)
VALUES (250, '73723-147', 'Distrito Federal', 'Uvaia', 'Rua 46', '74');

INSERT INTO Endereco(id, cep, estado, bairro, rua, numero)
VALUES (251, '33735-060', 'Espírito Santo', 'Cajá-manga', 'Rua 37', '67');

INSERT INTO Endereco(id, cep, estado, bairro, rua, numero)
VALUES (252, '23747-263', 'Acre', 'Ameixa', 'Rua 48', '51');

INSERT INTO Endereco(id, cep, estado, bairro, rua, numero)
VALUES (253, '83757-819', 'Maranhão', 'Figo da índia vermelho', 'Rua 19', '11');

INSERT INTO Endereco(id, cep, estado, bairro, rua, numero)
VALUES (254, '53763-585', 'Acre', 'Caraguata', 'Rua 78', '73');

INSERT INTO Endereco(id, cep, estado, bairro, rua, numero)
VALUES (255, '43775-075', 'Alagoas', 'Maçã', 'Rua 33', '32');

INSERT INTO Endereco(id, cep, estado, bairro, rua, numero)
VALUES (256, '93781-918', 'Rio de Janeiro', 'Melancia branca', 'Rua 68', '23');

INSERT INTO Endereco(id, cep, estado, bairro, rua, numero)
VALUES (257, '23799-462', 'Paraíba', 'Mangostão', 'Rua 34', '62');

INSERT INTO Endereco(id, cep, estado, bairro, rua, numero)
VALUES (258, '63802-393', 'Bahia', 'Cajá-manga', 'Rua 87', '54');

INSERT INTO Endereco(id, cep, estado, bairro, rua, numero)
VALUES (259, '73818-627', 'Roraima', 'Pulasan', 'Rua 35', '70');

INSERT INTO Endereco(id, cep, estado, bairro, rua, numero)
VALUES (260, '53824-089', 'Paraná', 'Tamarindo', 'Rua 91', '25');

INSERT INTO Endereco(id, cep, estado, bairro, rua, numero)
VALUES (261, '43838-653', 'Rio de Janeiro', 'Jambo rosa', 'Rua 43', '30');

INSERT INTO Endereco(id, cep, estado, bairro, rua, numero)
VALUES (262, '03846-811', 'Tocantins', 'Castanha portuguesa', 'Rua 48', '37');

INSERT INTO Endereco(id, cep, estado, bairro, rua, numero)
VALUES (263, '03859-147', 'Maranhão', 'Juá', 'Rua 40', '82');

INSERT INTO Endereco(id, cep, estado, bairro, rua, numero)
VALUES (264, '43861-127', 'Bahia', 'Laranja lima', 'Rua 39', '11');

INSERT INTO Endereco(id, cep, estado, bairro, rua, numero)
VALUES (265, '43878-525', 'Paraná', 'Carambola', 'Rua 42', '99');

INSERT INTO Endereco(id, cep, estado, bairro, rua, numero)
VALUES (266, '03886-492', 'Maranhão', 'Guabiju', 'Rua 69', '66');

INSERT INTO Endereco(id, cep, estado, bairro, rua, numero)
VALUES (267, '13894-052', 'Amapá', 'Pistache', 'Rua 36', '71');

INSERT INTO Endereco(id, cep, estado, bairro, rua, numero)
VALUES (268, '53907-391', 'Minas Gerais', 'Banana figo', 'Rua 95', '49');

INSERT INTO Endereco(id, cep, estado, bairro, rua, numero)
VALUES (269, '43914-926', 'Amapá', 'Camu-camu', 'Rua 16', '65');

INSERT INTO Endereco(id, cep, estado, bairro, rua, numero)
VALUES (270, '03929-135', 'Rio de Janeiro', 'Murcote', 'Rua 25', '83');

INSERT INTO Endereco(id, cep, estado, bairro, rua, numero)
VALUES (271, '23934-506', 'Santa Catarina', 'Umbu', 'Rua 39', '91');

INSERT INTO Endereco(id, cep, estado, bairro, rua, numero)
VALUES (272, '63942-244', 'Acre', 'Jambo branco', 'Rua 86', '36');

INSERT INTO Endereco(id, cep, estado, bairro, rua, numero)
VALUES (273, '63953-814', 'Rio de Janeiro', 'Laranja lima', 'Rua 24', '47');

INSERT INTO Endereco(id, cep, estado, bairro, rua, numero)
VALUES (274, '43961-722', 'Minas Gerais', 'Ciriguela', 'Rua 92', '33');

INSERT INTO Endereco(id, cep, estado, bairro, rua, numero)
VALUES (275, '13978-782', 'Pernambuco', 'Mamão', 'Rua 74', '42');

INSERT INTO Endereco(id, cep, estado, bairro, rua, numero)
VALUES (276, '13987-188', 'Rondônia', 'Frutas do Cerrado', 'Rua 37', '63');

INSERT INTO Endereco(id, cep, estado, bairro, rua, numero)
VALUES (277, '53992-098', 'Paraná', 'Jaracatiá', 'Rua 28', '26');

INSERT INTO Endereco(id, cep, estado, bairro, rua, numero)
VALUES (278, '44000-080', 'Tocantins', 'Massala', 'Rua 48', '79');

INSERT INTO Endereco(id, cep, estado, bairro, rua, numero)
VALUES (279, '54010-106', 'Tocantins', 'Jatobáá', 'Rua 76', '42');

INSERT INTO Endereco(id, cep, estado, bairro, rua, numero)
VALUES (280, '24029-303', 'Mato Grosso do Sul', 'Toranja', 'Rua 29', '73');

INSERT INTO Endereco(id, cep, estado, bairro, rua, numero)
VALUES (281, '84039-481', 'Pará', 'Carambola', 'Rua 93', '23');

INSERT INTO Endereco(id, cep, estado, bairro, rua, numero)
VALUES (282, '64044-615', 'Goiás', 'Cajá vermelho', 'Rua 70', '51');

INSERT INTO Endereco(id, cep, estado, bairro, rua, numero)
VALUES (283, '54058-693', 'Alagoas', 'Umari', 'Rua 56', '58');

INSERT INTO Endereco(id, cep, estado, bairro, rua, numero)
VALUES (284, '14064-225', 'Espírito Santo', 'Umê', 'Rua 30', '75');

INSERT INTO Endereco(id, cep, estado, bairro, rua, numero)
VALUES (285, '84075-610', 'Rondônia', 'Carambola', 'Rua 93', '78');

INSERT INTO Endereco(id, cep, estado, bairro, rua, numero)
VALUES (286, '64083-921', 'Amapá', 'Juá', 'Rua 33', '28');

INSERT INTO Endereco(id, cep, estado, bairro, rua, numero)
VALUES (287, '34096-502', 'Mato Grosso do Sul', 'Coco fresco', 'Rua 48', '11');

INSERT INTO Endereco(id, cep, estado, bairro, rua, numero)
VALUES (288, '44106-094', 'Distrito Federal', 'Jaracatiá', 'Rua 34', '71');

INSERT INTO Endereco(id, cep, estado, bairro, rua, numero)
VALUES (289, '84115-497', 'Ceará', 'Limão galego', 'Rua 48', '36');

INSERT INTO Endereco(id, cep, estado, bairro, rua, numero)
VALUES (290, '74121-470', 'Tocantins', 'Veludo', 'Rua 84', '43');

INSERT INTO Endereco(id, cep, estado, bairro, rua, numero)
VALUES (291, '34131-308', 'Pará', 'Pitanga', 'Rua 35', '14');

INSERT INTO Endereco(id, cep, estado, bairro, rua, numero)
VALUES (292, '74144-813', 'Rio Grande do Norte', 'Manga bourbon', 'Rua 19', '79');

INSERT INTO Endereco(id, cep, estado, bairro, rua, numero)
VALUES (293, '84150-849', 'Sergipe', 'Cherimoya', 'Rua 89', '19');

INSERT INTO Endereco(id, cep, estado, bairro, rua, numero)
VALUES (294, '04163-222', 'Santa Catarina', 'Maracujá', 'Rua 29', '40');

INSERT INTO Endereco(id, cep, estado, bairro, rua, numero)
VALUES (295, '34170-724', 'Goiás', 'Marula', 'Rua 20', '44');

INSERT INTO Endereco(id, cep, estado, bairro, rua, numero)
VALUES (296, '94186-161', 'Sergipe', 'Manga bourbon', 'Rua 16', '56');

INSERT INTO Endereco(id, cep, estado, bairro, rua, numero)
VALUES (297, '24197-948', 'Ceará', 'Bacupari', 'Rua 64', '12');

INSERT INTO Endereco(id, cep, estado, bairro, rua, numero)
VALUES (298, '24206-865', 'Paraná', 'Veludo', 'Rua 85', '69');

INSERT INTO Endereco(id, cep, estado, bairro, rua, numero)
VALUES (299, '24211-252', 'Amazonas', 'Avocadoe', 'Rua 18', '56');

INSERT INTO Endereco(id, cep, estado, bairro, rua, numero)
VALUES (300, '14227-111', 'Roraima', 'Avelã', 'Rua 85', '85');

INSERT INTO Endereco(id, cep, estado, bairro, rua, numero)
VALUES (301, '14236-021', 'Tocantins', 'Uva niagara', 'Rua 14', '21');

INSERT INTO Endereco(id, cep, estado, bairro, rua, numero)
VALUES (302, '84241-014', 'Paraná', 'Ilama', 'Rua 69', '13');

INSERT INTO Endereco(id, cep, estado, bairro, rua, numero)
VALUES (303, '44250-942', 'Alagoas', 'Jamelão', 'Rua 24', '93');

INSERT INTO Endereco(id, cep, estado, bairro, rua, numero)
VALUES (304, '44262-049', 'Minas Gerais', 'Mirtilo', 'Rua 89', '78');

INSERT INTO Endereco(id, cep, estado, bairro, rua, numero)
VALUES (305, '24270-190', 'Piauí', 'Laranja pêra', 'Rua 59', '66');

INSERT INTO Endereco(id, cep, estado, bairro, rua, numero)
VALUES (306, '14283-876', 'Bahia', 'Jaracatiá', 'Rua 67', '14');

INSERT INTO Endereco(id, cep, estado, bairro, rua, numero)
VALUES (307, '74299-158', 'Rio Grande do Sul', 'Mirtilo', 'Rua 27', '32');

INSERT INTO Endereco(id, cep, estado, bairro, rua, numero)
VALUES (308, '44305-144', 'Espírito Santo', 'Cubiu', 'Rua 14', '89');

INSERT INTO Endereco(id, cep, estado, bairro, rua, numero)
VALUES (309, '04316-147', 'Amazonas', 'Maçaranduba', 'Rua 99', '69');

INSERT INTO Endereco(id, cep, estado, bairro, rua, numero)
VALUES (310, '74321-409', 'Mato Grosso', 'Goiaba branca', 'Rua 91', '33');

INSERT INTO Endereco(id, cep, estado, bairro, rua, numero)
VALUES (311, '64335-050', 'Sergipe', 'Uva passa', 'Rua 39', '79');

INSERT INTO Endereco(id, cep, estado, bairro, rua, numero)
VALUES (312, '74341-781', 'Roraima', 'Pinhão', 'Rua 88', '95');

INSERT INTO Endereco(id, cep, estado, bairro, rua, numero)
VALUES (313, '34350-999', 'Rio de Janeiro', 'Cabeludinha', 'Rua 69', '96');

INSERT INTO Endereco(id, cep, estado, bairro, rua, numero)
VALUES (314, '04364-159', 'Amapá', 'Ingá', 'Rua 16', '96');

INSERT INTO Endereco(id, cep, estado, bairro, rua, numero)
VALUES (315, '64374-502', 'Rio Grande do Norte', 'Framboesa', 'Rua 55', '51');

INSERT INTO Endereco(id, cep, estado, bairro, rua, numero)
VALUES (316, '04389-203', 'Pernambuco', 'Mamey', 'Rua 16', '82');

INSERT INTO Endereco(id, cep, estado, bairro, rua, numero)
VALUES (317, '54390-742', 'Maranhão', 'Champedaque', 'Rua 78', '90');

INSERT INTO Endereco(id, cep, estado, bairro, rua, numero)
VALUES (318, '94400-283', 'Mato Grosso do Sul', 'Caimito', 'Rua 70', '34');

INSERT INTO Endereco(id, cep, estado, bairro, rua, numero)
VALUES (319, '54418-169', 'Bahia', 'Marula', 'Rua 59', '30');

INSERT INTO Endereco(id, cep, estado, bairro, rua, numero)
VALUES (320, '54426-591', 'Alagoas', 'Piquiá', 'Rua 39', '45');

INSERT INTO Endereco(id, cep, estado, bairro, rua, numero)
VALUES (321, '34436-385', 'Paraná', 'Banana Maçã', 'Rua 23', '42');

INSERT INTO Endereco(id, cep, estado, bairro, rua, numero)
VALUES (322, '14443-398', 'Alagoas', 'Cambuci', 'Rua 96', '92');

INSERT INTO Endereco(id, cep, estado, bairro, rua, numero)
VALUES (323, '24451-205', 'Acre', 'Frutas do Cerrado', 'Rua 46', '73');

INSERT INTO Endereco(id, cep, estado, bairro, rua, numero)
VALUES (324, '84463-575', 'Rio Grande do Norte', 'Açaí', 'Rua 67', '53');

INSERT INTO Endereco(id, cep, estado, bairro, rua, numero)
VALUES (325, '04475-611', 'Minas Gerais', 'Banana', 'Rua 53', '80');

INSERT INTO Endereco(id, cep, estado, bairro, rua, numero)
VALUES (326, '24489-658', 'Ceará', 'Graviola', 'Rua 96', '35');

INSERT INTO Endereco(id, cep, estado, bairro, rua, numero)
VALUES (327, '54494-542', 'Rio Grande do Norte', 'Abacate', 'Rua 36', '67');

INSERT INTO Endereco(id, cep, estado, bairro, rua, numero)
VALUES (328, '34508-260', 'Goiás', 'Atemoya', 'Rua 64', '81');

INSERT INTO Endereco(id, cep, estado, bairro, rua, numero)
VALUES (329, '94516-327', 'Goiás', 'Damasco', 'Rua 19', '78');

INSERT INTO Endereco(id, cep, estado, bairro, rua, numero)
VALUES (330, '34522-155', 'Amazonas', 'Buriti', 'Rua 53', '43');

INSERT INTO Endereco(id, cep, estado, bairro, rua, numero)
VALUES (331, '54539-670', 'Espírito Santo', 'Carambola', 'Rua 92', '95');

INSERT INTO Endereco(id, cep, estado, bairro, rua, numero)
VALUES (332, '84547-326', 'Goiás', 'Caqui chocolate', 'Rua 89', '29');

INSERT INTO Endereco(id, cep, estado, bairro, rua, numero)
VALUES (333, '44557-996', 'Piauí', 'Jabuticaba branca', 'Rua 67', '42');

INSERT INTO Endereco(id, cep, estado, bairro, rua, numero)
VALUES (334, '54568-197', 'Pernambuco', 'Carnaúba', 'Rua 88', '26');

INSERT INTO Endereco(id, cep, estado, bairro, rua, numero)
VALUES (335, '54577-855', 'Maranhão', 'Bacaba', 'Rua 92', '37');

INSERT INTO Endereco(id, cep, estado, bairro, rua, numero)
VALUES (336, '34588-993', 'Bahia', 'Atemóia', 'Rua 33', '26');

INSERT INTO Endereco(id, cep, estado, bairro, rua, numero)
VALUES (337, '74591-872', 'Ceará', 'Physalis', 'Rua 21', '32');

INSERT INTO Endereco(id, cep, estado, bairro, rua, numero)
VALUES (338, '24600-351', 'Mato Grosso', 'Limas Ácidas e Doces', 'Rua 86', '50');

INSERT INTO Endereco(id, cep, estado, bairro, rua, numero)
VALUES (339, '84617-990', 'Pernambuco', 'Amora silvestre', 'Rua 95', '48');

INSERT INTO Endereco(id, cep, estado, bairro, rua, numero)
VALUES (340, '74626-683', 'Santa Catarina', 'Cabeludinha', 'Rua 97', '48');

INSERT INTO Endereco(id, cep, estado, bairro, rua, numero)
VALUES (341, '74635-335', 'Espírito Santo', 'Bacaba', 'Rua 34', '25');

INSERT INTO Endereco(id, cep, estado, bairro, rua, numero)
VALUES (342, '34642-269', 'Minas Gerais', 'Amora silvestre', 'Rua 82', '46');

INSERT INTO Endereco(id, cep, estado, bairro, rua, numero)
VALUES (343, '04659-298', 'Santa Catarina', 'Murcote', 'Rua 14', '83');

INSERT INTO Endereco(id, cep, estado, bairro, rua, numero)
VALUES (344, '44669-440', 'Minas Gerais', 'Goiaba', 'Rua 92', '52');

INSERT INTO Endereco(id, cep, estado, bairro, rua, numero)
VALUES (345, '14678-302', 'Minas Gerais', 'Mexerica', 'Rua 63', '42');

INSERT INTO Endereco(id, cep, estado, bairro, rua, numero)
VALUES (346, '54688-310', 'Santa Catarina', 'Limas Ácidas e Doces', 'Rua 21', '14');

INSERT INTO Endereco(id, cep, estado, bairro, rua, numero)
VALUES (347, '04698-480', 'Bahia', 'Uva', 'Rua 45', '19');

INSERT INTO Endereco(id, cep, estado, bairro, rua, numero)
VALUES (348, '64705-891', 'Santa Catarina', 'Noz Pecã', 'Rua 12', '91');

INSERT INTO Endereco(id, cep, estado, bairro, rua, numero)
VALUES (349, '24715-630', 'Piauí', 'Physalis', 'Rua 88', '76');

INSERT INTO Endereco(id, cep, estado, bairro, rua, numero)
VALUES (350, '94720-154', 'Paraná', 'Atemóia', 'Rua 90', '93');

INSERT INTO Endereco(id, cep, estado, bairro, rua, numero)
VALUES (351, '44737-386', 'Pará', 'Blueberry', 'Rua 53', '47');

INSERT INTO Endereco(id, cep, estado, bairro, rua, numero)
VALUES (352, '24744-921', 'Paraíba', 'Xixa', 'Rua 88', '35');

INSERT INTO Endereco(id, cep, estado, bairro, rua, numero)
VALUES (353, '54753-093', 'Ceará', 'Maracujá', 'Rua 61', '83');

INSERT INTO Endereco(id, cep, estado, bairro, rua, numero)
VALUES (354, '54768-009', 'Paraná', 'Jambo', 'Rua 16', '73');

INSERT INTO Endereco(id, cep, estado, bairro, rua, numero)
VALUES (355, '74775-174', 'Mato Grosso', 'Pulasan', 'Rua 14', '83');

INSERT INTO Endereco(id, cep, estado, bairro, rua, numero)
VALUES (356, '24786-999', 'Sergipe', 'Cajá vermelho', 'Rua 32', '25');

INSERT INTO Endereco(id, cep, estado, bairro, rua, numero)
VALUES (357, '64795-704', 'Distrito Federal', 'Banana prata', 'Rua 12', '70');

INSERT INTO Endereco(id, cep, estado, bairro, rua, numero)
VALUES (358, '84804-520', 'Rio de Janeiro', 'Maracujá', 'Rua 71', '87');

INSERT INTO Endereco(id, cep, estado, bairro, rua, numero)
VALUES (359, '64814-002', 'Ceará', 'Limão galego', 'Rua 12', '30');

INSERT INTO Endereco(id, cep, estado, bairro, rua, numero)
VALUES (360, '14821-378', 'Amazonas', 'Mamoncillo', 'Rua 59', '11');

INSERT INTO Endereco(id, cep, estado, bairro, rua, numero)
VALUES (361, '94834-136', 'Roraima', 'Caqui japonês', 'Rua 69', '82');

INSERT INTO Endereco(id, cep, estado, bairro, rua, numero)
VALUES (362, '44844-792', 'Maranhão', 'Baru', 'Rua 59', '40');

INSERT INTO Endereco(id, cep, estado, bairro, rua, numero)
VALUES (363, '54854-475', 'Sergipe', 'Cutite', 'Rua 73', '46');

INSERT INTO Endereco(id, cep, estado, bairro, rua, numero)
VALUES (364, '54867-502', 'Rondônia', 'Jabuticaba', 'Rua 18', '91');

INSERT INTO Endereco(id, cep, estado, bairro, rua, numero)
VALUES (365, '64874-125', 'Goiás', 'Amora', 'Rua 16', '55');

INSERT INTO Endereco(id, cep, estado, bairro, rua, numero)
VALUES (366, '84882-794', 'Rondônia', 'Groselha', 'Rua 97', '15');

INSERT INTO Endereco(id, cep, estado, bairro, rua, numero)
VALUES (367, '64898-871', 'Amazonas', 'Limão galego', 'Rua 68', '91');

INSERT INTO Endereco(id, cep, estado, bairro, rua, numero)
VALUES (368, '94907-333', 'Sergipe', 'Fruta - Pão', 'Rua 33', '10');

INSERT INTO Endereco(id, cep, estado, bairro, rua, numero)
VALUES (369, '04917-237', 'São Paulo', 'Granadilla', 'Rua 67', '79');

INSERT INTO Endereco(id, cep, estado, bairro, rua, numero)
VALUES (370, '14929-607', 'Amapá', 'Banana da terra', 'Rua 34', '36');

INSERT INTO Endereco(id, cep, estado, bairro, rua, numero)
VALUES (371, '44931-390', 'Paraíba', 'Ingá', 'Rua 15', '93');

INSERT INTO Endereco(id, cep, estado, bairro, rua, numero)
VALUES (372, '84942-832', 'Pará', 'Amora silvestre', 'Rua 34', '10');

INSERT INTO Endereco(id, cep, estado, bairro, rua, numero)
VALUES (373, '84956-342', 'Minas Gerais', 'Calabura', 'Rua 86', '49');

INSERT INTO Endereco(id, cep, estado, bairro, rua, numero)
VALUES (374, '04964-809', 'Amapá', 'Groselha vermelha', 'Rua 23', '20');

INSERT INTO Endereco(id, cep, estado, bairro, rua, numero)
VALUES (375, '34975-802', 'Rio Grande do Norte', 'Groselha vermelha', 'Rua 31', '86');

INSERT INTO Endereco(id, cep, estado, bairro, rua, numero)
VALUES (376, '34989-226', 'Alagoas', 'Camu-camu', 'Rua 11', '36');

INSERT INTO Endereco(id, cep, estado, bairro, rua, numero)
VALUES (377, '64995-350', 'Acre', 'Melancia amarela', 'Rua 55', '84');

INSERT INTO Endereco(id, cep, estado, bairro, rua, numero)
VALUES (378, '55009-866', 'Acre', 'Avelã', 'Rua 42', '13');

INSERT INTO Endereco(id, cep, estado, bairro, rua, numero)
VALUES (379, '75016-577', 'Rio Grande do Norte', 'Tangerina Poncâ', 'Rua 84', '92');

INSERT INTO Endereco(id, cep, estado, bairro, rua, numero)
VALUES (380, '35029-153', 'Tocantins', 'Ameixa', 'Rua 14', '47');

INSERT INTO Endereco(id, cep, estado, bairro, rua, numero)
VALUES (381, '15034-476', 'Amapá', 'Framboesa', 'Rua 39', '54');

INSERT INTO Endereco(id, cep, estado, bairro, rua, numero)
VALUES (382, '95045-443', 'Espírito Santo', 'Caimito branco', 'Rua 67', '89');

INSERT INTO Endereco(id, cep, estado, bairro, rua, numero)
VALUES (383, '55058-928', 'Rio de Janeiro', 'Uxi', 'Rua 93', '44');

INSERT INTO Endereco(id, cep, estado, bairro, rua, numero)
VALUES (384, '85069-983', 'Tocantins', 'Guajirú', 'Rua 84', '58');

INSERT INTO Endereco(id, cep, estado, bairro, rua, numero)
VALUES (385, '05071-516', 'Sergipe', 'Jerivá ou Jeribá', 'Rua 38', '88');

INSERT INTO Endereco(id, cep, estado, bairro, rua, numero)
VALUES (386, '25089-333', 'São Paulo', 'Tamarindo', 'Rua 70', '46');

INSERT INTO Endereco(id, cep, estado, bairro, rua, numero)
VALUES (387, '45098-015', 'Tocantins', 'Cutite', 'Rua 39', '42');

INSERT INTO Endereco(id, cep, estado, bairro, rua, numero)
VALUES (388, '45105-791', 'Paraná', 'Caimito branco', 'Rua 15', '28');

INSERT INTO Endereco(id, cep, estado, bairro, rua, numero)
VALUES (389, '05117-293', 'Ceará', 'Bacaba', 'Rua 30', '21');

INSERT INTO Endereco(id, cep, estado, bairro, rua, numero)
VALUES (390, '85123-974', 'Alagoas', 'Wampi', 'Rua 80', '63');

INSERT INTO Endereco(id, cep, estado, bairro, rua, numero)
VALUES (391, '15139-113', 'Mato Grosso do Sul', 'Coco', 'Rua 68', '66');

INSERT INTO Endereco(id, cep, estado, bairro, rua, numero)
VALUES (392, '05148-166', 'Distrito Federal', 'Santol', 'Rua 75', '78');

INSERT INTO Endereco(id, cep, estado, bairro, rua, numero)
VALUES (393, '85157-536', 'Goiás', 'Ameixa', 'Rua 56', '13');

INSERT INTO Endereco(id, cep, estado, bairro, rua, numero)
VALUES (394, '45169-858', 'Tocantins', 'Goiaba branca', 'Rua 28', '52');

INSERT INTO Endereco(id, cep, estado, bairro, rua, numero)
VALUES (395, '35172-612', 'Acre', 'Banana figo', 'Rua 22', '54');

INSERT INTO Endereco(id, cep, estado, bairro, rua, numero)
VALUES (396, '05188-176', 'Maranhão', 'Framboesa fresca', 'Rua 53', '51');

INSERT INTO Endereco(id, cep, estado, bairro, rua, numero)
VALUES (397, '95197-342', 'Alagoas', 'Mutamba', 'Rua 70', '83');

INSERT INTO Endereco(id, cep, estado, bairro, rua, numero)
VALUES (398, '75208-874', 'Amapá', 'Laranja valência', 'Rua 42', '83');

INSERT INTO Endereco(id, cep, estado, bairro, rua, numero)
VALUES (399, '15216-116', 'Piauí', 'Caraguata', 'Rua 37', '49');

INSERT INTO Endereco(id, cep, estado, bairro, rua, numero)
VALUES (400, '95228-796', 'Maranhão', 'Acerola', 'Rua 55', '89');

-- Popula a tabela Contato.

INSERT INTO Contato(id, Endereco_id) VALUES (1, 1);
INSERT INTO Contato(id, Endereco_id) VALUES (2, 2);
INSERT INTO Contato(id, Endereco_id) VALUES (3, 3);
INSERT INTO Contato(id, Endereco_id) VALUES (4, 4);
INSERT INTO Contato(id, Endereco_id) VALUES (5, 5);
INSERT INTO Contato(id, Endereco_id) VALUES (6, 6);
INSERT INTO Contato(id, Endereco_id) VALUES (7, 7);
INSERT INTO Contato(id, Endereco_id) VALUES (8, 8);
INSERT INTO Contato(id, Endereco_id) VALUES (9, 9);
INSERT INTO Contato(id, Endereco_id) VALUES (10, 10);
INSERT INTO Contato(id, Endereco_id) VALUES (11, 11);
INSERT INTO Contato(id, Endereco_id) VALUES (12, 12);
INSERT INTO Contato(id, Endereco_id) VALUES (13, 13);
INSERT INTO Contato(id, Endereco_id) VALUES (14, 14);
INSERT INTO Contato(id, Endereco_id) VALUES (15, 15);
INSERT INTO Contato(id, Endereco_id) VALUES (16, 16);
INSERT INTO Contato(id, Endereco_id) VALUES (17, 17);
INSERT INTO Contato(id, Endereco_id) VALUES (18, 18);
INSERT INTO Contato(id, Endereco_id) VALUES (19, 19);
INSERT INTO Contato(id, Endereco_id) VALUES (20, 20);
INSERT INTO Contato(id, Endereco_id) VALUES (21, 21);
INSERT INTO Contato(id, Endereco_id) VALUES (22, 22);
INSERT INTO Contato(id, Endereco_id) VALUES (23, 23);
INSERT INTO Contato(id, Endereco_id) VALUES (24, 24);
INSERT INTO Contato(id, Endereco_id) VALUES (25, 25);
INSERT INTO Contato(id, Endereco_id) VALUES (26, 26);
INSERT INTO Contato(id, Endereco_id) VALUES (27, 27);
INSERT INTO Contato(id, Endereco_id) VALUES (28, 28);
INSERT INTO Contato(id, Endereco_id) VALUES (29, 29);
INSERT INTO Contato(id, Endereco_id) VALUES (30, 30);
INSERT INTO Contato(id, Endereco_id) VALUES (31, 31);
INSERT INTO Contato(id, Endereco_id) VALUES (32, 32);
INSERT INTO Contato(id, Endereco_id) VALUES (33, 33);
INSERT INTO Contato(id, Endereco_id) VALUES (34, 34);
INSERT INTO Contato(id, Endereco_id) VALUES (35, 35);
INSERT INTO Contato(id, Endereco_id) VALUES (36, 36);
INSERT INTO Contato(id, Endereco_id) VALUES (37, 37);
INSERT INTO Contato(id, Endereco_id) VALUES (38, 38);
INSERT INTO Contato(id, Endereco_id) VALUES (39, 39);
INSERT INTO Contato(id, Endereco_id) VALUES (40, 40);
INSERT INTO Contato(id, Endereco_id) VALUES (41, 41);
INSERT INTO Contato(id, Endereco_id) VALUES (42, 42);
INSERT INTO Contato(id, Endereco_id) VALUES (43, 43);
INSERT INTO Contato(id, Endereco_id) VALUES (44, 44);
INSERT INTO Contato(id, Endereco_id) VALUES (45, 45);
INSERT INTO Contato(id, Endereco_id) VALUES (46, 46);
INSERT INTO Contato(id, Endereco_id) VALUES (47, 47);
INSERT INTO Contato(id, Endereco_id) VALUES (48, 48);
INSERT INTO Contato(id, Endereco_id) VALUES (49, 49);
INSERT INTO Contato(id, Endereco_id) VALUES (50, 50);
INSERT INTO Contato(id, Endereco_id) VALUES (51, 51);
INSERT INTO Contato(id, Endereco_id) VALUES (52, 52);
INSERT INTO Contato(id, Endereco_id) VALUES (53, 53);
INSERT INTO Contato(id, Endereco_id) VALUES (54, 54);
INSERT INTO Contato(id, Endereco_id) VALUES (55, 55);
INSERT INTO Contato(id, Endereco_id) VALUES (56, 56);
INSERT INTO Contato(id, Endereco_id) VALUES (57, 57);
INSERT INTO Contato(id, Endereco_id) VALUES (58, 58);
INSERT INTO Contato(id, Endereco_id) VALUES (59, 59);
INSERT INTO Contato(id, Endereco_id) VALUES (60, 60);
INSERT INTO Contato(id, Endereco_id) VALUES (61, 61);
INSERT INTO Contato(id, Endereco_id) VALUES (62, 62);
INSERT INTO Contato(id, Endereco_id) VALUES (63, 63);
INSERT INTO Contato(id, Endereco_id) VALUES (64, 64);
INSERT INTO Contato(id, Endereco_id) VALUES (65, 65);
INSERT INTO Contato(id, Endereco_id) VALUES (66, 66);
INSERT INTO Contato(id, Endereco_id) VALUES (67, 67);
INSERT INTO Contato(id, Endereco_id) VALUES (68, 68);
INSERT INTO Contato(id, Endereco_id) VALUES (69, 69);
INSERT INTO Contato(id, Endereco_id) VALUES (70, 70);
INSERT INTO Contato(id, Endereco_id) VALUES (71, 71);
INSERT INTO Contato(id, Endereco_id) VALUES (72, 72);
INSERT INTO Contato(id, Endereco_id) VALUES (73, 73);
INSERT INTO Contato(id, Endereco_id) VALUES (74, 74);
INSERT INTO Contato(id, Endereco_id) VALUES (75, 75);
INSERT INTO Contato(id, Endereco_id) VALUES (76, 76);
INSERT INTO Contato(id, Endereco_id) VALUES (77, 77);
INSERT INTO Contato(id, Endereco_id) VALUES (78, 78);
INSERT INTO Contato(id, Endereco_id) VALUES (79, 79);
INSERT INTO Contato(id, Endereco_id) VALUES (80, 80);
INSERT INTO Contato(id, Endereco_id) VALUES (81, 81);
INSERT INTO Contato(id, Endereco_id) VALUES (82, 82);
INSERT INTO Contato(id, Endereco_id) VALUES (83, 83);
INSERT INTO Contato(id, Endereco_id) VALUES (84, 84);
INSERT INTO Contato(id, Endereco_id) VALUES (85, 85);
INSERT INTO Contato(id, Endereco_id) VALUES (86, 86);
INSERT INTO Contato(id, Endereco_id) VALUES (87, 87);
INSERT INTO Contato(id, Endereco_id) VALUES (88, 88);
INSERT INTO Contato(id, Endereco_id) VALUES (89, 89);
INSERT INTO Contato(id, Endereco_id) VALUES (90, 90);
INSERT INTO Contato(id, Endereco_id) VALUES (91, 91);
INSERT INTO Contato(id, Endereco_id) VALUES (92, 92);
INSERT INTO Contato(id, Endereco_id) VALUES (93, 93);
INSERT INTO Contato(id, Endereco_id) VALUES (94, 94);
INSERT INTO Contato(id, Endereco_id) VALUES (95, 95);
INSERT INTO Contato(id, Endereco_id) VALUES (96, 96);
INSERT INTO Contato(id, Endereco_id) VALUES (97, 97);
INSERT INTO Contato(id, Endereco_id) VALUES (98, 98);
INSERT INTO Contato(id, Endereco_id) VALUES (99, 99);
INSERT INTO Contato(id, Endereco_id) VALUES (100, 100);
INSERT INTO Contato(id, Endereco_id) VALUES (101, 101);
INSERT INTO Contato(id, Endereco_id) VALUES (102, 102);
INSERT INTO Contato(id, Endereco_id) VALUES (103, 103);
INSERT INTO Contato(id, Endereco_id) VALUES (104, 104);
INSERT INTO Contato(id, Endereco_id) VALUES (105, 105);
INSERT INTO Contato(id, Endereco_id) VALUES (106, 106);
INSERT INTO Contato(id, Endereco_id) VALUES (107, 107);
INSERT INTO Contato(id, Endereco_id) VALUES (108, 108);
INSERT INTO Contato(id, Endereco_id) VALUES (109, 109);
INSERT INTO Contato(id, Endereco_id) VALUES (110, 110);
INSERT INTO Contato(id, Endereco_id) VALUES (111, 111);
INSERT INTO Contato(id, Endereco_id) VALUES (112, 112);
INSERT INTO Contato(id, Endereco_id) VALUES (113, 113);
INSERT INTO Contato(id, Endereco_id) VALUES (114, 114);
INSERT INTO Contato(id, Endereco_id) VALUES (115, 115);
INSERT INTO Contato(id, Endereco_id) VALUES (116, 116);
INSERT INTO Contato(id, Endereco_id) VALUES (117, 117);
INSERT INTO Contato(id, Endereco_id) VALUES (118, 118);
INSERT INTO Contato(id, Endereco_id) VALUES (119, 119);
INSERT INTO Contato(id, Endereco_id) VALUES (120, 120);
INSERT INTO Contato(id, Endereco_id) VALUES (121, 121);
INSERT INTO Contato(id, Endereco_id) VALUES (122, 122);
INSERT INTO Contato(id, Endereco_id) VALUES (123, 123);
INSERT INTO Contato(id, Endereco_id) VALUES (124, 124);
INSERT INTO Contato(id, Endereco_id) VALUES (125, 125);
INSERT INTO Contato(id, Endereco_id) VALUES (126, 126);
INSERT INTO Contato(id, Endereco_id) VALUES (127, 127);
INSERT INTO Contato(id, Endereco_id) VALUES (128, 128);
INSERT INTO Contato(id, Endereco_id) VALUES (129, 129);
INSERT INTO Contato(id, Endereco_id) VALUES (130, 130);
INSERT INTO Contato(id, Endereco_id) VALUES (131, 131);
INSERT INTO Contato(id, Endereco_id) VALUES (132, 132);
INSERT INTO Contato(id, Endereco_id) VALUES (133, 133);
INSERT INTO Contato(id, Endereco_id) VALUES (134, 134);
INSERT INTO Contato(id, Endereco_id) VALUES (135, 135);
INSERT INTO Contato(id, Endereco_id) VALUES (136, 136);
INSERT INTO Contato(id, Endereco_id) VALUES (137, 137);
INSERT INTO Contato(id, Endereco_id) VALUES (138, 138);
INSERT INTO Contato(id, Endereco_id) VALUES (139, 139);
INSERT INTO Contato(id, Endereco_id) VALUES (140, 140);
INSERT INTO Contato(id, Endereco_id) VALUES (141, 141);
INSERT INTO Contato(id, Endereco_id) VALUES (142, 142);
INSERT INTO Contato(id, Endereco_id) VALUES (143, 143);
INSERT INTO Contato(id, Endereco_id) VALUES (144, 144);
INSERT INTO Contato(id, Endereco_id) VALUES (145, 145);
INSERT INTO Contato(id, Endereco_id) VALUES (146, 146);
INSERT INTO Contato(id, Endereco_id) VALUES (147, 147);
INSERT INTO Contato(id, Endereco_id) VALUES (148, 148);
INSERT INTO Contato(id, Endereco_id) VALUES (149, 149);
INSERT INTO Contato(id, Endereco_id) VALUES (150, 150);
INSERT INTO Contato(id, Endereco_id) VALUES (151, 151);
INSERT INTO Contato(id, Endereco_id) VALUES (152, 152);
INSERT INTO Contato(id, Endereco_id) VALUES (153, 153);
INSERT INTO Contato(id, Endereco_id) VALUES (154, 154);
INSERT INTO Contato(id, Endereco_id) VALUES (155, 155);
INSERT INTO Contato(id, Endereco_id) VALUES (156, 156);
INSERT INTO Contato(id, Endereco_id) VALUES (157, 157);
INSERT INTO Contato(id, Endereco_id) VALUES (158, 158);
INSERT INTO Contato(id, Endereco_id) VALUES (159, 159);
INSERT INTO Contato(id, Endereco_id) VALUES (160, 160);
INSERT INTO Contato(id, Endereco_id) VALUES (161, 161);
INSERT INTO Contato(id, Endereco_id) VALUES (162, 162);
INSERT INTO Contato(id, Endereco_id) VALUES (163, 163);
INSERT INTO Contato(id, Endereco_id) VALUES (164, 164);
INSERT INTO Contato(id, Endereco_id) VALUES (165, 165);
INSERT INTO Contato(id, Endereco_id) VALUES (166, 166);
INSERT INTO Contato(id, Endereco_id) VALUES (167, 167);
INSERT INTO Contato(id, Endereco_id) VALUES (168, 168);
INSERT INTO Contato(id, Endereco_id) VALUES (169, 169);
INSERT INTO Contato(id, Endereco_id) VALUES (170, 170);
INSERT INTO Contato(id, Endereco_id) VALUES (171, 171);
INSERT INTO Contato(id, Endereco_id) VALUES (172, 172);
INSERT INTO Contato(id, Endereco_id) VALUES (173, 173);
INSERT INTO Contato(id, Endereco_id) VALUES (174, 174);
INSERT INTO Contato(id, Endereco_id) VALUES (175, 175);
INSERT INTO Contato(id, Endereco_id) VALUES (176, 176);
INSERT INTO Contato(id, Endereco_id) VALUES (177, 177);
INSERT INTO Contato(id, Endereco_id) VALUES (178, 178);
INSERT INTO Contato(id, Endereco_id) VALUES (179, 179);
INSERT INTO Contato(id, Endereco_id) VALUES (180, 180);
INSERT INTO Contato(id, Endereco_id) VALUES (181, 181);
INSERT INTO Contato(id, Endereco_id) VALUES (182, 182);
INSERT INTO Contato(id, Endereco_id) VALUES (183, 183);
INSERT INTO Contato(id, Endereco_id) VALUES (184, 184);
INSERT INTO Contato(id, Endereco_id) VALUES (185, 185);
INSERT INTO Contato(id, Endereco_id) VALUES (186, 186);
INSERT INTO Contato(id, Endereco_id) VALUES (187, 187);
INSERT INTO Contato(id, Endereco_id) VALUES (188, 188);
INSERT INTO Contato(id, Endereco_id) VALUES (189, 189);
INSERT INTO Contato(id, Endereco_id) VALUES (190, 190);
INSERT INTO Contato(id, Endereco_id) VALUES (191, 191);
INSERT INTO Contato(id, Endereco_id) VALUES (192, 192);
INSERT INTO Contato(id, Endereco_id) VALUES (193, 193);
INSERT INTO Contato(id, Endereco_id) VALUES (194, 194);
INSERT INTO Contato(id, Endereco_id) VALUES (195, 195);
INSERT INTO Contato(id, Endereco_id) VALUES (196, 196);
INSERT INTO Contato(id, Endereco_id) VALUES (197, 197);
INSERT INTO Contato(id, Endereco_id) VALUES (198, 198);
INSERT INTO Contato(id, Endereco_id) VALUES (199, 199);
INSERT INTO Contato(id, Endereco_id) VALUES (200, 200);

-- Popula a tabela Telefone.

INSERT INTO Telefone(id, numero, Contato_id)
VALUES (1, '(071) 3733-3542', 1);

INSERT INTO Telefone(id, numero, Contato_id)
VALUES (2, '(024) 3732-9234', 2);

INSERT INTO Telefone(id, numero, Contato_id)
VALUES (3, '(071) 3041-2811', 3);

INSERT INTO Telefone(id, numero, Contato_id)
VALUES (4, '(028) 3208-1873', 4);

INSERT INTO Telefone(id, numero, Contato_id)
VALUES (5, '(014) 3401-4585', 5);

INSERT INTO Telefone(id, numero, Contato_id)
VALUES (6, '(076) 3724-9405', 6);

INSERT INTO Telefone(id, numero, Contato_id)
VALUES (7, '(075) 3774-8693', 7);

INSERT INTO Telefone(id, numero, Contato_id)
VALUES (8, '(041) 3029-3307', 8);

INSERT INTO Telefone(id, numero, Contato_id)
VALUES (9, '(078) 3602-6583', 9);

INSERT INTO Telefone(id, numero, Contato_id)
VALUES (10, '(075) 3783-8388', 10);

INSERT INTO Telefone(id, numero, Contato_id)
VALUES (11, '(033) 3020-0608', 11);

INSERT INTO Telefone(id, numero, Contato_id)
VALUES (12, '(081) 3398-2032', 12);

INSERT INTO Telefone(id, numero, Contato_id)
VALUES (13, '(039) 3718-5621', 13);

INSERT INTO Telefone(id, numero, Contato_id)
VALUES (14, '(023) 3541-0222', 14);

INSERT INTO Telefone(id, numero, Contato_id)
VALUES (15, '(082) 3090-7758', 15);

INSERT INTO Telefone(id, numero, Contato_id)
VALUES (16, '(062) 3345-7455', 16);

INSERT INTO Telefone(id, numero, Contato_id)
VALUES (17, '(026) 3629-0176', 17);

INSERT INTO Telefone(id, numero, Contato_id)
VALUES (18, '(049) 3660-4690', 18);

INSERT INTO Telefone(id, numero, Contato_id)
VALUES (19, '(096) 3163-0257', 19);

INSERT INTO Telefone(id, numero, Contato_id)
VALUES (20, '(016) 3601-5008', 20);

INSERT INTO Telefone(id, numero, Contato_id)
VALUES (21, '(086) 3836-8514', 21);

INSERT INTO Telefone(id, numero, Contato_id)
VALUES (22, '(088) 3334-5550', 22);

INSERT INTO Telefone(id, numero, Contato_id)
VALUES (23, '(016) 3620-6589', 23);

INSERT INTO Telefone(id, numero, Contato_id)
VALUES (24, '(061) 3426-9239', 24);

INSERT INTO Telefone(id, numero, Contato_id)
VALUES (25, '(028) 3724-9026', 25);

INSERT INTO Telefone(id, numero, Contato_id)
VALUES (26, '(067) 3582-1989', 26);

INSERT INTO Telefone(id, numero, Contato_id)
VALUES (27, '(089) 3390-6187', 27);

INSERT INTO Telefone(id, numero, Contato_id)
VALUES (28, '(093) 3162-4026', 28);

INSERT INTO Telefone(id, numero, Contato_id)
VALUES (29, '(088) 3830-7980', 29);

INSERT INTO Telefone(id, numero, Contato_id)
VALUES (30, '(047) 3612-3288', 30);

INSERT INTO Telefone(id, numero, Contato_id)
VALUES (31, '(054) 3912-0997', 31);

INSERT INTO Telefone(id, numero, Contato_id)
VALUES (32, '(055) 3970-8727', 32);

INSERT INTO Telefone(id, numero, Contato_id)
VALUES (33, '(022) 3407-7999', 33);

INSERT INTO Telefone(id, numero, Contato_id)
VALUES (34, '(055) 3455-7046', 34);

INSERT INTO Telefone(id, numero, Contato_id)
VALUES (35, '(063) 3453-2899', 35);

INSERT INTO Telefone(id, numero, Contato_id)
VALUES (36, '(075) 3636-2049', 36);

INSERT INTO Telefone(id, numero, Contato_id)
VALUES (37, '(072) 3439-7895', 37);

INSERT INTO Telefone(id, numero, Contato_id)
VALUES (38, '(034) 3638-0493', 38);

INSERT INTO Telefone(id, numero, Contato_id)
VALUES (39, '(055) 3085-4707', 39);

INSERT INTO Telefone(id, numero, Contato_id)
VALUES (40, '(095) 3130-0811', 40);

INSERT INTO Telefone(id, numero, Contato_id)
VALUES (41, '(073) 3865-7123', 41);

INSERT INTO Telefone(id, numero, Contato_id)
VALUES (42, '(026) 3240-5016', 42);

INSERT INTO Telefone(id, numero, Contato_id)
VALUES (43, '(021) 3533-6079', 43);

INSERT INTO Telefone(id, numero, Contato_id)
VALUES (44, '(053) 3862-5130', 44);

INSERT INTO Telefone(id, numero, Contato_id)
VALUES (45, '(074) 3247-1395', 45);

INSERT INTO Telefone(id, numero, Contato_id)
VALUES (46, '(098) 3669-7363', 46);

INSERT INTO Telefone(id, numero, Contato_id)
VALUES (47, '(037) 3781-5011', 47);

INSERT INTO Telefone(id, numero, Contato_id)
VALUES (48, '(037) 3142-1343', 48);

INSERT INTO Telefone(id, numero, Contato_id)
VALUES (49, '(091) 3747-3215', 49);

INSERT INTO Telefone(id, numero, Contato_id)
VALUES (50, '(034) 3523-9704', 50);

INSERT INTO Telefone(id, numero, Contato_id)
VALUES (51, '(087) 3942-3240', 51);

INSERT INTO Telefone(id, numero, Contato_id)
VALUES (52, '(039) 3100-2754', 52);

INSERT INTO Telefone(id, numero, Contato_id)
VALUES (53, '(082) 3924-7555', 53);

INSERT INTO Telefone(id, numero, Contato_id)
VALUES (54, '(033) 3902-3898', 54);

INSERT INTO Telefone(id, numero, Contato_id)
VALUES (55, '(054) 3439-3647', 55);

INSERT INTO Telefone(id, numero, Contato_id)
VALUES (56, '(044) 3900-8290', 56);

INSERT INTO Telefone(id, numero, Contato_id)
VALUES (57, '(012) 3679-1928', 57);

INSERT INTO Telefone(id, numero, Contato_id)
VALUES (58, '(073) 3664-3649', 58);

INSERT INTO Telefone(id, numero, Contato_id)
VALUES (59, '(026) 3083-7522', 59);

INSERT INTO Telefone(id, numero, Contato_id)
VALUES (60, '(048) 3668-4658', 60);

INSERT INTO Telefone(id, numero, Contato_id)
VALUES (61, '(047) 3620-2427', 61);

INSERT INTO Telefone(id, numero, Contato_id)
VALUES (62, '(077) 3167-8116', 62);

INSERT INTO Telefone(id, numero, Contato_id)
VALUES (63, '(011) 3551-0211', 63);

INSERT INTO Telefone(id, numero, Contato_id)
VALUES (64, '(072) 3447-2801', 64);

INSERT INTO Telefone(id, numero, Contato_id)
VALUES (65, '(084) 3770-6439', 65);

INSERT INTO Telefone(id, numero, Contato_id)
VALUES (66, '(051) 3917-1300', 66);

INSERT INTO Telefone(id, numero, Contato_id)
VALUES (67, '(087) 3736-6660', 67);

INSERT INTO Telefone(id, numero, Contato_id)
VALUES (68, '(051) 3385-4892', 68);

INSERT INTO Telefone(id, numero, Contato_id)
VALUES (69, '(079) 3034-0468', 69);

INSERT INTO Telefone(id, numero, Contato_id)
VALUES (70, '(065) 3205-6967', 70);

INSERT INTO Telefone(id, numero, Contato_id)
VALUES (71, '(041) 3292-4837', 71);

INSERT INTO Telefone(id, numero, Contato_id)
VALUES (72, '(047) 3262-8161', 72);

INSERT INTO Telefone(id, numero, Contato_id)
VALUES (73, '(017) 3634-2988', 73);

INSERT INTO Telefone(id, numero, Contato_id)
VALUES (74, '(074) 3150-4434', 74);

INSERT INTO Telefone(id, numero, Contato_id)
VALUES (75, '(052) 3625-2127', 75);

INSERT INTO Telefone(id, numero, Contato_id)
VALUES (76, '(062) 3552-8086', 76);

INSERT INTO Telefone(id, numero, Contato_id)
VALUES (77, '(087) 3777-1353', 77);

INSERT INTO Telefone(id, numero, Contato_id)
VALUES (78, '(042) 3441-3465', 78);

INSERT INTO Telefone(id, numero, Contato_id)
VALUES (79, '(094) 3567-1534', 79);

INSERT INTO Telefone(id, numero, Contato_id)
VALUES (80, '(099) 3105-5772', 80);

INSERT INTO Telefone(id, numero, Contato_id)
VALUES (81, '(037) 3803-2005', 81);

INSERT INTO Telefone(id, numero, Contato_id)
VALUES (82, '(035) 3839-9551', 82);

INSERT INTO Telefone(id, numero, Contato_id)
VALUES (83, '(063) 3740-4913', 83);

INSERT INTO Telefone(id, numero, Contato_id)
VALUES (84, '(095) 3853-9223', 84);

INSERT INTO Telefone(id, numero, Contato_id)
VALUES (85, '(097) 3566-0174', 85);

INSERT INTO Telefone(id, numero, Contato_id)
VALUES (86, '(072) 3633-2759', 86);

INSERT INTO Telefone(id, numero, Contato_id)
VALUES (87, '(064) 3898-8954', 87);

INSERT INTO Telefone(id, numero, Contato_id)
VALUES (88, '(099) 3683-5581', 88);

INSERT INTO Telefone(id, numero, Contato_id)
VALUES (89, '(013) 3735-5956', 89);

INSERT INTO Telefone(id, numero, Contato_id)
VALUES (90, '(054) 3213-4861', 90);

INSERT INTO Telefone(id, numero, Contato_id)
VALUES (91, '(076) 3253-9419', 91);

INSERT INTO Telefone(id, numero, Contato_id)
VALUES (92, '(097) 3170-9312', 92);

INSERT INTO Telefone(id, numero, Contato_id)
VALUES (93, '(055) 3097-1754', 93);

INSERT INTO Telefone(id, numero, Contato_id)
VALUES (94, '(019) 3644-3419', 94);

INSERT INTO Telefone(id, numero, Contato_id)
VALUES (95, '(043) 3859-7401', 95);

INSERT INTO Telefone(id, numero, Contato_id)
VALUES (96, '(089) 3334-0654', 96);

INSERT INTO Telefone(id, numero, Contato_id)
VALUES (97, '(028) 3889-0909', 97);

INSERT INTO Telefone(id, numero, Contato_id)
VALUES (98, '(081) 3916-9198', 98);

INSERT INTO Telefone(id, numero, Contato_id)
VALUES (99, '(066) 3976-2812', 99);

INSERT INTO Telefone(id, numero, Contato_id)
VALUES (100, '(043) 3298-8837', 100);

INSERT INTO Telefone(id, numero, Contato_id)
VALUES (101, '(066) 3956-2865', 101);

INSERT INTO Telefone(id, numero, Contato_id)
VALUES (102, '(026) 3497-7270', 102);

INSERT INTO Telefone(id, numero, Contato_id)
VALUES (103, '(041) 3333-3109', 103);

INSERT INTO Telefone(id, numero, Contato_id)
VALUES (104, '(049) 3620-7319', 104);

INSERT INTO Telefone(id, numero, Contato_id)
VALUES (105, '(081) 3933-3363', 105);

INSERT INTO Telefone(id, numero, Contato_id)
VALUES (106, '(066) 3330-7478', 106);

INSERT INTO Telefone(id, numero, Contato_id)
VALUES (107, '(019) 3913-9275', 107);

INSERT INTO Telefone(id, numero, Contato_id)
VALUES (108, '(088) 3097-2559', 108);

INSERT INTO Telefone(id, numero, Contato_id)
VALUES (109, '(028) 3666-6711', 109);

INSERT INTO Telefone(id, numero, Contato_id)
VALUES (110, '(057) 3440-2822', 110);

INSERT INTO Telefone(id, numero, Contato_id)
VALUES (111, '(049) 3129-4760', 111);

INSERT INTO Telefone(id, numero, Contato_id)
VALUES (112, '(028) 3251-4848', 112);

INSERT INTO Telefone(id, numero, Contato_id)
VALUES (113, '(044) 3930-5969', 113);

INSERT INTO Telefone(id, numero, Contato_id)
VALUES (114, '(044) 3208-0269', 114);

INSERT INTO Telefone(id, numero, Contato_id)
VALUES (115, '(073) 3073-6933', 115);

INSERT INTO Telefone(id, numero, Contato_id)
VALUES (116, '(033) 3987-0979', 116);

INSERT INTO Telefone(id, numero, Contato_id)
VALUES (117, '(059) 3872-2483', 117);

INSERT INTO Telefone(id, numero, Contato_id)
VALUES (118, '(059) 3815-7199', 118);

INSERT INTO Telefone(id, numero, Contato_id)
VALUES (119, '(014) 3942-1259', 119);

INSERT INTO Telefone(id, numero, Contato_id)
VALUES (120, '(023) 3091-6271', 120);

INSERT INTO Telefone(id, numero, Contato_id)
VALUES (121, '(088) 3141-8364', 121);

INSERT INTO Telefone(id, numero, Contato_id)
VALUES (122, '(017) 3673-8382', 122);

INSERT INTO Telefone(id, numero, Contato_id)
VALUES (123, '(062) 3904-6272', 123);

INSERT INTO Telefone(id, numero, Contato_id)
VALUES (124, '(049) 3091-0665', 124);

INSERT INTO Telefone(id, numero, Contato_id)
VALUES (125, '(047) 3465-3032', 125);

INSERT INTO Telefone(id, numero, Contato_id)
VALUES (126, '(068) 3054-7005', 126);

INSERT INTO Telefone(id, numero, Contato_id)
VALUES (127, '(079) 3001-9920', 127);

INSERT INTO Telefone(id, numero, Contato_id)
VALUES (128, '(016) 3858-9414', 128);

INSERT INTO Telefone(id, numero, Contato_id)
VALUES (129, '(034) 3902-7082', 129);

INSERT INTO Telefone(id, numero, Contato_id)
VALUES (130, '(015) 3172-6201', 130);

INSERT INTO Telefone(id, numero, Contato_id)
VALUES (131, '(072) 3449-3984', 131);

INSERT INTO Telefone(id, numero, Contato_id)
VALUES (132, '(093) 3516-1427', 132);

INSERT INTO Telefone(id, numero, Contato_id)
VALUES (133, '(054) 3176-8267', 133);

INSERT INTO Telefone(id, numero, Contato_id)
VALUES (134, '(081) 3888-8306', 134);

INSERT INTO Telefone(id, numero, Contato_id)
VALUES (135, '(036) 3616-1272', 135);

INSERT INTO Telefone(id, numero, Contato_id)
VALUES (136, '(092) 3803-9458', 136);

INSERT INTO Telefone(id, numero, Contato_id)
VALUES (137, '(083) 3835-0429', 137);

INSERT INTO Telefone(id, numero, Contato_id)
VALUES (138, '(022) 3706-0083', 138);

INSERT INTO Telefone(id, numero, Contato_id)
VALUES (139, '(082) 3030-0073', 139);

INSERT INTO Telefone(id, numero, Contato_id)
VALUES (140, '(033) 3670-4271', 140);

INSERT INTO Telefone(id, numero, Contato_id)
VALUES (141, '(033) 3955-2250', 141);

INSERT INTO Telefone(id, numero, Contato_id)
VALUES (142, '(059) 3781-5634', 142);

INSERT INTO Telefone(id, numero, Contato_id)
VALUES (143, '(037) 3037-5337', 143);

INSERT INTO Telefone(id, numero, Contato_id)
VALUES (144, '(096) 3859-1136', 144);

INSERT INTO Telefone(id, numero, Contato_id)
VALUES (145, '(082) 3578-1324', 145);

INSERT INTO Telefone(id, numero, Contato_id)
VALUES (146, '(014) 3288-5386', 146);

INSERT INTO Telefone(id, numero, Contato_id)
VALUES (147, '(096) 3655-3052', 147);

INSERT INTO Telefone(id, numero, Contato_id)
VALUES (148, '(085) 3506-6046', 148);

INSERT INTO Telefone(id, numero, Contato_id)
VALUES (149, '(032) 3628-7366', 149);

INSERT INTO Telefone(id, numero, Contato_id)
VALUES (150, '(022) 3903-4766', 150);

INSERT INTO Telefone(id, numero, Contato_id)
VALUES (151, '(055) 3490-9125', 151);

INSERT INTO Telefone(id, numero, Contato_id)
VALUES (152, '(029) 3158-5252', 152);

INSERT INTO Telefone(id, numero, Contato_id)
VALUES (153, '(095) 3272-6326', 153);

INSERT INTO Telefone(id, numero, Contato_id)
VALUES (154, '(021) 3705-8268', 154);

INSERT INTO Telefone(id, numero, Contato_id)
VALUES (155, '(096) 3995-0972', 155);

INSERT INTO Telefone(id, numero, Contato_id)
VALUES (156, '(092) 3817-7873', 156);

INSERT INTO Telefone(id, numero, Contato_id)
VALUES (157, '(011) 3448-8257', 157);

INSERT INTO Telefone(id, numero, Contato_id)
VALUES (158, '(072) 3156-8159', 158);

INSERT INTO Telefone(id, numero, Contato_id)
VALUES (159, '(099) 3096-0596', 159);

INSERT INTO Telefone(id, numero, Contato_id)
VALUES (160, '(056) 3525-4031', 160);

INSERT INTO Telefone(id, numero, Contato_id)
VALUES (161, '(044) 3263-5483', 161);

INSERT INTO Telefone(id, numero, Contato_id)
VALUES (162, '(055) 3756-9090', 162);

INSERT INTO Telefone(id, numero, Contato_id)
VALUES (163, '(049) 3717-2829', 163);

INSERT INTO Telefone(id, numero, Contato_id)
VALUES (164, '(046) 3972-6784', 164);

INSERT INTO Telefone(id, numero, Contato_id)
VALUES (165, '(072) 3679-9818', 165);

INSERT INTO Telefone(id, numero, Contato_id)
VALUES (166, '(091) 3230-4903', 166);

INSERT INTO Telefone(id, numero, Contato_id)
VALUES (167, '(037) 3865-8854', 167);

INSERT INTO Telefone(id, numero, Contato_id)
VALUES (168, '(081) 3620-0944', 168);

INSERT INTO Telefone(id, numero, Contato_id)
VALUES (169, '(099) 3812-0574', 169);

INSERT INTO Telefone(id, numero, Contato_id)
VALUES (170, '(047) 3899-1552', 170);

INSERT INTO Telefone(id, numero, Contato_id)
VALUES (171, '(056) 3174-4694', 171);

INSERT INTO Telefone(id, numero, Contato_id)
VALUES (172, '(075) 3624-6188', 172);

INSERT INTO Telefone(id, numero, Contato_id)
VALUES (173, '(033) 3637-0557', 173);

INSERT INTO Telefone(id, numero, Contato_id)
VALUES (174, '(091) 3742-1176', 174);

INSERT INTO Telefone(id, numero, Contato_id)
VALUES (175, '(022) 3431-2805', 175);

INSERT INTO Telefone(id, numero, Contato_id)
VALUES (176, '(026) 3399-9809', 176);

INSERT INTO Telefone(id, numero, Contato_id)
VALUES (177, '(019) 3775-0808', 177);

INSERT INTO Telefone(id, numero, Contato_id)
VALUES (178, '(077) 3632-5530', 178);

INSERT INTO Telefone(id, numero, Contato_id)
VALUES (179, '(076) 3176-0121', 179);

INSERT INTO Telefone(id, numero, Contato_id)
VALUES (180, '(073) 3131-4585', 180);

INSERT INTO Telefone(id, numero, Contato_id)
VALUES (181, '(076) 3867-0816', 181);

INSERT INTO Telefone(id, numero, Contato_id)
VALUES (182, '(074) 3278-1271', 182);

INSERT INTO Telefone(id, numero, Contato_id)
VALUES (183, '(028) 3906-9780', 183);

INSERT INTO Telefone(id, numero, Contato_id)
VALUES (184, '(065) 3446-3318', 184);

INSERT INTO Telefone(id, numero, Contato_id)
VALUES (185, '(054) 3751-9543', 185);

INSERT INTO Telefone(id, numero, Contato_id)
VALUES (186, '(029) 3903-6620', 186);

INSERT INTO Telefone(id, numero, Contato_id)
VALUES (187, '(079) 3921-2181', 187);

INSERT INTO Telefone(id, numero, Contato_id)
VALUES (188, '(026) 3847-3810', 188);

INSERT INTO Telefone(id, numero, Contato_id)
VALUES (189, '(076) 3725-6541', 189);

INSERT INTO Telefone(id, numero, Contato_id)
VALUES (190, '(037) 3853-1710', 190);

INSERT INTO Telefone(id, numero, Contato_id)
VALUES (191, '(089) 3312-6408', 191);

INSERT INTO Telefone(id, numero, Contato_id)
VALUES (192, '(037) 3755-8001', 192);

INSERT INTO Telefone(id, numero, Contato_id)
VALUES (193, '(056) 3772-4584', 193);

INSERT INTO Telefone(id, numero, Contato_id)
VALUES (194, '(089) 3059-6875', 194);

INSERT INTO Telefone(id, numero, Contato_id)
VALUES (195, '(042) 3899-0443', 195);

INSERT INTO Telefone(id, numero, Contato_id)
VALUES (196, '(025) 3141-8055', 196);

INSERT INTO Telefone(id, numero, Contato_id)
VALUES (197, '(089) 3149-4049', 197);

INSERT INTO Telefone(id, numero, Contato_id)
VALUES (198, '(024) 3357-2545', 198);

INSERT INTO Telefone(id, numero, Contato_id)
VALUES (199, '(046) 3816-9907', 199);

INSERT INTO Telefone(id, numero, Contato_id)
VALUES (200, '(056) 3815-1826', 200);

-- Popula a tabela Motorista.

INSERT INTO Motorista(id, nome, cpf, rg, cnh, disponibilidade, Contato_id, Veiculo_id)
VALUES (1, 'Rashad Romer', '108.233.379-88', '7903218', '71331530495', false, 1, 1);

INSERT INTO Motorista(id, nome, cpf, rg, cnh, disponibilidade, Contato_id, Veiculo_id)
VALUES (2, 'Teresa Tant', '930.234.856-62', '2823222', '59721546699', false, 2, 2);

INSERT INTO Motorista(id, nome, cpf, rg, cnh, disponibilidade, Contato_id, Veiculo_id)
VALUES (3, 'Kyoko Korn', '544.235.476-06', '6293239', '24861550510', false, 3, 3);

INSERT INTO Motorista(id, nome, cpf, rg, cnh, disponibilidade, Contato_id, Veiculo_id)
VALUES (4, 'Latonya Leaman', '280.236.592-21', '9973247', '95501561260', true, 4, 4);

INSERT INTO Motorista(id, nome, cpf, rg, cnh, disponibilidade, Contato_id, Veiculo_id)
VALUES (5, 'Luigi Lamay', '469.237.080-46', '5333259', '99591571744', true, 5, 5);

INSERT INTO Motorista(id, nome, cpf, rg, cnh, disponibilidade, Contato_id, Veiculo_id)
VALUES (6, 'Suzanne Scola', '617.238.935-58', '8303264', '59721587377', true, 6, 6);

INSERT INTO Motorista(id, nome, cpf, rg, cnh, disponibilidade, Contato_id, Veiculo_id)
VALUES (7, 'Tabitha Tunnell', '918.239.045-51', '9463272', '13861597495', false, 7, 7);

INSERT INTO Motorista(id, nome, cpf, rg, cnh, disponibilidade, Contato_id, Veiculo_id)
VALUES (8, 'Lonny Lacasse', '614.240.178-79', '9593281', '43801609212', false, 8, 8);

INSERT INTO Motorista(id, nome, cpf, rg, cnh, disponibilidade, Contato_id, Veiculo_id)
VALUES (9, 'Tangela Trowbridge', '378.241.713-81', '0033291', '86091615460', true, 9, 9);

INSERT INTO Motorista(id, nome, cpf, rg, cnh, disponibilidade, Contato_id, Veiculo_id)
VALUES (10, 'Theressa Tarkington', '293.242.354-86', '5313305', '13741624088', true, 10, 10);

INSERT INTO Motorista(id, nome, cpf, rg, cnh, disponibilidade, Contato_id, Veiculo_id)
VALUES (11, 'Bettye Beaubien', '198.243.848-08', '0743316', '39741636173', true, 11, 11);

INSERT INTO Motorista(id, nome, cpf, rg, cnh, disponibilidade, Contato_id, Veiculo_id)
VALUES (12, 'Sung Southall', '765.244.071-55', '7503323', '88191642750', true, 12, 12);

INSERT INTO Motorista(id, nome, cpf, rg, cnh, disponibilidade, Contato_id, Veiculo_id)
VALUES (13, 'Leighann Logan', '714.245.193-73', '3203331', '77911656981', true, 13, 13);

INSERT INTO Motorista(id, nome, cpf, rg, cnh, disponibilidade, Contato_id, Veiculo_id)
VALUES (14, 'Avery Almanzar', '822.246.501-87', '4143346', '80791665660', true, 14, 14);

INSERT INTO Motorista(id, nome, cpf, rg, cnh, disponibilidade, Contato_id, Veiculo_id)
VALUES (15, 'Horace Huber', '405.247.236-85', '4843356', '60801670931', true, 15, 15);

INSERT INTO Motorista(id, nome, cpf, rg, cnh, disponibilidade, Contato_id, Veiculo_id)
VALUES (16, 'Candace Calderone', '839.248.746-38', '2863364', '97471680784', true, 16, 16);

INSERT INTO Motorista(id, nome, cpf, rg, cnh, disponibilidade, Contato_id, Veiculo_id)
VALUES (17, 'Selma Siegler', '275.249.059-82', '0503373', '35091696048', true, 17, 17);

INSERT INTO Motorista(id, nome, cpf, rg, cnh, disponibilidade, Contato_id, Veiculo_id)
VALUES (18, 'Ok Oyler', '384.250.731-16', '1263388', '99341705879', true, 18, 18);

INSERT INTO Motorista(id, nome, cpf, rg, cnh, disponibilidade, Contato_id, Veiculo_id)
VALUES (19, 'Rex Raynes', '152.251.960-85', '0243395', '70591717355', false, 19, 19);

INSERT INTO Motorista(id, nome, cpf, rg, cnh, disponibilidade, Contato_id, Veiculo_id)
VALUES (20, 'Mariela Mccorkle', '167.252.685-49', '3323401', '69671726132', false, 20, 20);

INSERT INTO Motorista(id, nome, cpf, rg, cnh, disponibilidade, Contato_id, Veiculo_id)
VALUES (21, 'Andres Auman', '315.253.213-26', '8633418', '10781733763', true, 21, 21);

INSERT INTO Motorista(id, nome, cpf, rg, cnh, disponibilidade, Contato_id, Veiculo_id)
VALUES (22, 'Vera Vannote', '166.254.192-90', '6593427', '05631742597', false, 22, 22);

INSERT INTO Motorista(id, nome, cpf, rg, cnh, disponibilidade, Contato_id, Veiculo_id)
VALUES (23, 'Cristine Condie', '605.255.300-42', '5413437', '32121751462', false, 23, 23);

INSERT INTO Motorista(id, nome, cpf, rg, cnh, disponibilidade, Contato_id, Veiculo_id)
VALUES (24, 'Andree Audet', '275.256.381-04', '6823442', '06661769888', true, 24, 24);

INSERT INTO Motorista(id, nome, cpf, rg, cnh, disponibilidade, Contato_id, Veiculo_id)
VALUES (25, 'Samual Sparacino', '443.257.204-60', '9023456', '88241774082', true, 25, 25);

INSERT INTO Motorista(id, nome, cpf, rg, cnh, disponibilidade, Contato_id, Veiculo_id)
VALUES (26, 'Rosalba Riehl', '636.258.009-66', '8393468', '90651789077', false, 26, 26);

INSERT INTO Motorista(id, nome, cpf, rg, cnh, disponibilidade, Contato_id, Veiculo_id)
VALUES (27, 'Blair Becerra', '209.259.233-90', '9163472', '44361793518', true, 27, 27);

INSERT INTO Motorista(id, nome, cpf, rg, cnh, disponibilidade, Contato_id, Veiculo_id)
VALUES (28, 'Ilene Iman', '392.260.097-98', '0383481', '58831805139', true, 28, 28);

INSERT INTO Motorista(id, nome, cpf, rg, cnh, disponibilidade, Contato_id, Veiculo_id)
VALUES (29, 'Sherley Stuber', '698.261.371-64', '7473496', '87311818991', true, 29, 29);

INSERT INTO Motorista(id, nome, cpf, rg, cnh, disponibilidade, Contato_id, Veiculo_id)
VALUES (30, 'Leslee Lafler', '179.262.822-11', '6553507', '46531829102', true, 30, 30);

INSERT INTO Motorista(id, nome, cpf, rg, cnh, disponibilidade, Contato_id, Veiculo_id)
VALUES (31, 'Lavonne Leverette', '377.263.993-50', '5093517', '47841835137', false, 31, 31);

INSERT INTO Motorista(id, nome, cpf, rg, cnh, disponibilidade, Contato_id, Veiculo_id)
VALUES (32, 'Chantal Chubb', '134.264.069-95', '0143525', '12161848613', false, 32, 32);

INSERT INTO Motorista(id, nome, cpf, rg, cnh, disponibilidade, Contato_id, Veiculo_id)
VALUES (33, 'Ozie Ottley', '632.265.668-03', '1763539', '90361853309', true, 33, 33);

INSERT INTO Motorista(id, nome, cpf, rg, cnh, disponibilidade, Contato_id, Veiculo_id)
VALUES (34, 'Judie Jaycox', '205.266.250-50', '9743544', '36751863965', true, 34, 34);

INSERT INTO Motorista(id, nome, cpf, rg, cnh, disponibilidade, Contato_id, Veiculo_id)
VALUES (35, 'Faye Fluellen', '317.267.878-31', '3393551', '07161871819', true, 35, 35);

INSERT INTO Motorista(id, nome, cpf, rg, cnh, disponibilidade, Contato_id, Veiculo_id)
VALUES (36, 'Shakia Snelson', '112.268.302-04', '8373565', '62991888046', false, 36, 36);

INSERT INTO Motorista(id, nome, cpf, rg, cnh, disponibilidade, Contato_id, Veiculo_id)
VALUES (37, 'Louisa Lathan', '308.269.765-12', '4273578', '34411898898', true, 37, 37);

INSERT INTO Motorista(id, nome, cpf, rg, cnh, disponibilidade, Contato_id, Veiculo_id)
VALUES (38, 'Dexter Dana', '747.270.248-32', '2243587', '75781902194', false, 38, 38);

INSERT INTO Motorista(id, nome, cpf, rg, cnh, disponibilidade, Contato_id, Veiculo_id)
VALUES (39, 'Ray Ridder', '180.271.341-10', '2833592', '13001914797', true, 39, 39);

INSERT INTO Motorista(id, nome, cpf, rg, cnh, disponibilidade, Contato_id, Veiculo_id)
VALUES (40, 'Kenny Kosak', '219.272.632-01', '8223602', '88711929198', true, 40, 40);

INSERT INTO Motorista(id, nome, cpf, rg, cnh, disponibilidade, Contato_id, Veiculo_id)
VALUES (41, 'Eliz Elie', '059.273.558-99', '8773616', '48981933867', true, 41, 41);

INSERT INTO Motorista(id, nome, cpf, rg, cnh, disponibilidade, Contato_id, Veiculo_id)
VALUES (42, 'Nichole Newingham', '016.274.502-61', '4823628', '63291945702', true, 42, 42);

INSERT INTO Motorista(id, nome, cpf, rg, cnh, disponibilidade, Contato_id, Veiculo_id)
VALUES (43, 'Saul Soto', '187.275.245-02', '8143633', '16461951323', false, 43, 43);

INSERT INTO Motorista(id, nome, cpf, rg, cnh, disponibilidade, Contato_id, Veiculo_id)
VALUES (44, 'Julissa Jone', '787.276.382-77', '0633640', '14791962763', false, 44, 44);

INSERT INTO Motorista(id, nome, cpf, rg, cnh, disponibilidade, Contato_id, Veiculo_id)
VALUES (45, 'Abram Applin', '496.277.210-39', '4023655', '06381976847', false, 45, 45);

INSERT INTO Motorista(id, nome, cpf, rg, cnh, disponibilidade, Contato_id, Veiculo_id)
VALUES (46, 'Rosenda Rossman', '631.278.746-85', '0763667', '34451985216', true, 46, 46);

INSERT INTO Motorista(id, nome, cpf, rg, cnh, disponibilidade, Contato_id, Veiculo_id)
VALUES (47, 'Nidia Nembhard', '803.279.268-82', '5463675', '08011991765', false, 47, 47);

INSERT INTO Motorista(id, nome, cpf, rg, cnh, disponibilidade, Contato_id, Veiculo_id)
VALUES (48, 'Patty Preece', '091.280.969-23', '8663684', '20812009874', true, 48, 48);

INSERT INTO Motorista(id, nome, cpf, rg, cnh, disponibilidade, Contato_id, Veiculo_id)
VALUES (49, 'Berenice Butt', '876.281.055-73', '3223691', '35162016611', false, 49, 49);

INSERT INTO Motorista(id, nome, cpf, rg, cnh, disponibilidade, Contato_id, Veiculo_id)
VALUES (50, 'Ashlee Andreas', '615.282.204-51', '3183707', '07462028485', true, 50, 50);

INSERT INTO Motorista(id, nome, cpf, rg, cnh, disponibilidade, Contato_id, Veiculo_id)
VALUES (51, 'Marisela Morrow', '481.283.619-90', '9563719', '29422034574', false, 51, 51);

INSERT INTO Motorista(id, nome, cpf, rg, cnh, disponibilidade, Contato_id, Veiculo_id)
VALUES (52, 'Katheleen Kenan', '266.284.751-18', '0393727', '00982042468', false, 52, 52);

INSERT INTO Motorista(id, nome, cpf, rg, cnh, disponibilidade, Contato_id, Veiculo_id)
VALUES (53, 'Scarlett Schiavo', '591.285.727-29', '2013731', '03662051706', false, 53, 53);

INSERT INTO Motorista(id, nome, cpf, rg, cnh, disponibilidade, Contato_id, Veiculo_id)
VALUES (54, 'Collin Cuneo', '754.286.291-73', '0743749', '24032064445', true, 54, 54);

INSERT INTO Motorista(id, nome, cpf, rg, cnh, disponibilidade, Contato_id, Veiculo_id)
VALUES (55, 'Sharika Severs', '110.287.829-27', '4843758', '37122077014', true, 55, 55);

INSERT INTO Motorista(id, nome, cpf, rg, cnh, disponibilidade, Contato_id, Veiculo_id)
VALUES (56, 'Ardelle Arrieta', '778.288.386-37', '7583769', '58142087783', false, 56, 56);

INSERT INTO Motorista(id, nome, cpf, rg, cnh, disponibilidade, Contato_id, Veiculo_id)
VALUES (57, 'Gaynelle Geraghty', '777.289.680-86', '9353777', '00592097912', false, 57, 57);

INSERT INTO Motorista(id, nome, cpf, rg, cnh, disponibilidade, Contato_id, Veiculo_id)
VALUES (58, 'Noemi Nuzzo', '396.290.062-41', '8383784', '34672108837', true, 58, 58);

INSERT INTO Motorista(id, nome, cpf, rg, cnh, disponibilidade, Contato_id, Veiculo_id)
VALUES (59, 'Willis Wilkens', '945.291.628-57', '2243798', '45052118457', false, 59, 59);

INSERT INTO Motorista(id, nome, cpf, rg, cnh, disponibilidade, Contato_id, Veiculo_id)
VALUES (60, 'Nisha Neilson', '673.292.200-27', '0533803', '42402123640', true, 60, 60);

INSERT INTO Motorista(id, nome, cpf, rg, cnh, disponibilidade, Contato_id, Veiculo_id)
VALUES (61, 'Trula Toomey', '658.293.008-77', '8663817', '53252133187', true, 61, 61);

INSERT INTO Motorista(id, nome, cpf, rg, cnh, disponibilidade, Contato_id, Veiculo_id)
VALUES (62, 'Jonie Johnstone', '052.294.940-24', '9543823', '95122141479', false, 62, 62);

INSERT INTO Motorista(id, nome, cpf, rg, cnh, disponibilidade, Contato_id, Veiculo_id)
VALUES (63, 'Tod Traughber', '506.295.324-02', '1453838', '79742156267', true, 63, 63);

INSERT INTO Motorista(id, nome, cpf, rg, cnh, disponibilidade, Contato_id, Veiculo_id)
VALUES (64, 'Nidia Null', '631.296.106-66', '4203845', '36152160527', false, 64, 64);

INSERT INTO Motorista(id, nome, cpf, rg, cnh, disponibilidade, Contato_id, Veiculo_id)
VALUES (65, 'Mamie Mccumber', '241.297.936-02', '4293854', '16292176157', false, 65, 65);

INSERT INTO Motorista(id, nome, cpf, rg, cnh, disponibilidade, Contato_id, Veiculo_id)
VALUES (66, 'Becky Babcock', '901.298.236-09', '8753866', '03672180089', false, 66, 66);

INSERT INTO Motorista(id, nome, cpf, rg, cnh, disponibilidade, Contato_id, Veiculo_id)
VALUES (67, 'Yvone Yaple', '937.299.809-73', '3233875', '72982191022', true, 67, 67);

INSERT INTO Motorista(id, nome, cpf, rg, cnh, disponibilidade, Contato_id, Veiculo_id)
VALUES (68, 'Bee Breck', '082.300.869-23', '6903888', '79012200397', false, 68, 68);

INSERT INTO Motorista(id, nome, cpf, rg, cnh, disponibilidade, Contato_id, Veiculo_id)
VALUES (69, 'Ara Alves', '521.301.539-05', '6413898', '18902215862', true, 69, 69);

INSERT INTO Motorista(id, nome, cpf, rg, cnh, disponibilidade, Contato_id, Veiculo_id)
VALUES (70, 'May Mongillo', '666.302.953-02', '0423904', '40122224994', true, 70, 70);

INSERT INTO Motorista(id, nome, cpf, rg, cnh, disponibilidade, Contato_id, Veiculo_id)
VALUES (71, 'Angel Altizer', '887.303.373-00', '1163915', '22852239406', false, 71, 71);

INSERT INTO Motorista(id, nome, cpf, rg, cnh, disponibilidade, Contato_id, Veiculo_id)
VALUES (72, 'Bo Bledsoe', '980.304.861-86', '0953928', '99772247079', true, 72, 72);

INSERT INTO Motorista(id, nome, cpf, rg, cnh, disponibilidade, Contato_id, Veiculo_id)
VALUES (73, 'Andre Avis', '193.305.701-08', '3583935', '38612250658', false, 73, 73);

INSERT INTO Motorista(id, nome, cpf, rg, cnh, disponibilidade, Contato_id, Veiculo_id)
VALUES (74, 'Lanny Lennon', '303.306.705-45', '7373944', '38242266150', true, 74, 74);

INSERT INTO Motorista(id, nome, cpf, rg, cnh, disponibilidade, Contato_id, Veiculo_id)
VALUES (75, 'Carla Cogdill', '103.307.511-67', '2743956', '27252274869', true, 75, 75);

INSERT INTO Motorista(id, nome, cpf, rg, cnh, disponibilidade, Contato_id, Veiculo_id)
VALUES (76, 'Donna Dobbin', '102.308.171-40', '0843968', '89922282358', false, 76, 76);

INSERT INTO Motorista(id, nome, cpf, rg, cnh, disponibilidade, Contato_id, Veiculo_id)
VALUES (77, 'Troy Turman', '216.309.221-06', '8023970', '82262293919', true, 77, 77);

INSERT INTO Motorista(id, nome, cpf, rg, cnh, disponibilidade, Contato_id, Veiculo_id)
VALUES (78, 'Mozella Mcneil', '245.310.547-79', '6993988', '24402302812', false, 78, 78);

INSERT INTO Motorista(id, nome, cpf, rg, cnh, disponibilidade, Contato_id, Veiculo_id)
VALUES (79, 'Jennell Jarrett', '798.311.243-85', '8093996', '39092315159', false, 79, 79);

INSERT INTO Motorista(id, nome, cpf, rg, cnh, disponibilidade, Contato_id, Veiculo_id)
VALUES (80, 'Tasha Tu', '384.312.393-07', '1604008', '58872324257', true, 80, 80);

INSERT INTO Motorista(id, nome, cpf, rg, cnh, disponibilidade, Contato_id, Veiculo_id)
VALUES (81, 'Reena Releford', '008.313.533-34', '0044013', '11402332773', true, 81, 81);

INSERT INTO Motorista(id, nome, cpf, rg, cnh, disponibilidade, Contato_id, Veiculo_id)
VALUES (82, 'Carin Crabill', '481.314.385-97', '3684020', '94552343402', false, 82, 82);

INSERT INTO Motorista(id, nome, cpf, rg, cnh, disponibilidade, Contato_id, Veiculo_id)
VALUES (83, 'Ernestine Eberhardt', '061.315.788-51', '1584032', '93732355454', false, 83, 83);

INSERT INTO Motorista(id, nome, cpf, rg, cnh, disponibilidade, Contato_id, Veiculo_id)
VALUES (84, 'Berenice Benshoof', '578.316.497-71', '8264046', '43082361198', false, 84, 84);

INSERT INTO Motorista(id, nome, cpf, rg, cnh, disponibilidade, Contato_id, Veiculo_id)
VALUES (85, 'Sharleen Spengler', '940.317.548-33', '5904053', '05902375938', true, 85, 85);

INSERT INTO Motorista(id, nome, cpf, rg, cnh, disponibilidade, Contato_id, Veiculo_id)
VALUES (86, 'Ruth Routt', '509.318.694-02', '9064061', '55282382629', false, 86, 86);

INSERT INTO Motorista(id, nome, cpf, rg, cnh, disponibilidade, Contato_id, Veiculo_id)
VALUES (87, 'Marivel Mangum', '782.319.346-80', '2754074', '10102398368', false, 87, 87);

INSERT INTO Motorista(id, nome, cpf, rg, cnh, disponibilidade, Contato_id, Veiculo_id)
VALUES (88, 'Bobby Burchard', '976.320.930-65', '5784089', '97142404186', true, 88, 88);

INSERT INTO Motorista(id, nome, cpf, rg, cnh, disponibilidade, Contato_id, Veiculo_id)
VALUES (89, 'Candance Ceniceros', '295.321.585-31', '6174094', '88562415502', false, 89, 89);

INSERT INTO Motorista(id, nome, cpf, rg, cnh, disponibilidade, Contato_id, Veiculo_id)
VALUES (90, 'Jamee Jaillet', '220.322.450-30', '2564100', '78922420748', false, 90, 90);

INSERT INTO Motorista(id, nome, cpf, rg, cnh, disponibilidade, Contato_id, Veiculo_id)
VALUES (91, 'Anh Arens', '575.323.541-41', '2614118', '26492434470', true, 91, 91);

INSERT INTO Motorista(id, nome, cpf, rg, cnh, disponibilidade, Contato_id, Veiculo_id)
VALUES (92, 'Arvilla Amore', '557.324.853-04', '7904123', '30112447447', true, 92, 92);

INSERT INTO Motorista(id, nome, cpf, rg, cnh, disponibilidade, Contato_id, Veiculo_id)
VALUES (93, 'Sierra Suess', '230.325.307-81', '7394134', '16822457724', false, 93, 93);

INSERT INTO Motorista(id, nome, cpf, rg, cnh, disponibilidade, Contato_id, Veiculo_id)
VALUES (94, 'Arthur Armagost', '793.326.553-64', '5704140', '69592467172', true, 94, 94);

INSERT INTO Motorista(id, nome, cpf, rg, cnh, disponibilidade, Contato_id, Veiculo_id)
VALUES (95, 'Cami Chaplin', '410.327.319-02', '0414151', '67192476203', false, 95, 95);

INSERT INTO Motorista(id, nome, cpf, rg, cnh, disponibilidade, Contato_id, Veiculo_id)
VALUES (96, 'Joi Jarrell', '454.328.841-13', '5904167', '80132481729', true, 96, 96);

INSERT INTO Motorista(id, nome, cpf, rg, cnh, disponibilidade, Contato_id, Veiculo_id)
VALUES (97, 'Claudie Curtsinger', '036.329.134-61', '7874170', '39102496084', false, 97, 97);

INSERT INTO Motorista(id, nome, cpf, rg, cnh, disponibilidade, Contato_id, Veiculo_id)
VALUES (98, 'Luisa Leinen', '905.330.100-48', '0994184', '46102507748', true, 98, 98);

INSERT INTO Motorista(id, nome, cpf, rg, cnh, disponibilidade, Contato_id, Veiculo_id)
VALUES (99, 'Kendra Kitzman', '059.331.032-86', '4784196', '88522513352', true, 99, 99);

INSERT INTO Motorista(id, nome, cpf, rg, cnh, disponibilidade, Contato_id, Veiculo_id)
VALUES (100, 'Lucille Lirette', '728.332.710-47', '6894200', '32032528961', false, 100, 100);

-- Popula a tabela Empresa.

INSERT INTO Empresa(id, nome, cnpj, Contato_id)
VALUES (1, 'Petrobras', '69.247.294/0001-00', 101);

INSERT INTO Empresa(id, nome, cnpj, Contato_id)
VALUES (2, 'BR Distribuidora', '02.248.285/0001-55', 102);

INSERT INTO Empresa(id, nome, cnpj, Contato_id)
VALUES (3, 'Vale', '79.249.882/0001-36', 103);

INSERT INTO Empresa(id, nome, cnpj, Contato_id)
VALUES (4, 'Ipiranga Produtos', '40.250.802/0002-60', 104);

INSERT INTO Empresa(id, nome, cnpj, Contato_id)
VALUES (5, 'Raízen', '40.251.835/0001-77', 105);

INSERT INTO Empresa(id, nome, cnpj, Contato_id)
VALUES (6, 'Fiat', '87.252.736/0002-31', 106);

INSERT INTO Empresa(id, nome, cnpj, Contato_id)
VALUES (7, 'Volkswagen', '34.253.601/0002-88', 107);

INSERT INTO Empresa(id, nome, cnpj, Contato_id)
VALUES (8, 'Vivo', '24.254.277/0001-99', 108);

INSERT INTO Empresa(id, nome, cnpj, Contato_id)
VALUES (9, 'Bunge Alimentos', '77.255.591/0001-12', 109);

INSERT INTO Empresa(id, nome, cnpj, Contato_id)
VALUES (10, 'Cargill', '76.256.570/0002-39', 110);

INSERT INTO Empresa(id, nome, cnpj, Contato_id)
VALUES (11, 'Braskem', '99.257.585/0002-98', 111);

INSERT INTO Empresa(id, nome, cnpj, Contato_id)
VALUES (12, 'Pão de Açúcar', '47.258.423/0001-56', 112);

INSERT INTO Empresa(id, nome, cnpj, Contato_id)
VALUES (13, 'TIM', '63.259.808/0001-76', 113);

INSERT INTO Empresa(id, nome, cnpj, Contato_id)
VALUES (14, 'General Motors', '76.260.165/0001-75', 114);

INSERT INTO Empresa(id, nome, cnpj, Contato_id)
VALUES (15, 'Telefônica', '79.261.710/0002-56', 115);

INSERT INTO Empresa(id, nome, cnpj, Contato_id)
VALUES (16, 'Casas Bahia', '24.262.074/0002-13', 116);

INSERT INTO Empresa(id, nome, cnpj, Contato_id)
VALUES (17, 'Walmart', '99.263.574/0001-88', 117);

INSERT INTO Empresa(id, nome, cnpj, Contato_id)
VALUES (18, 'Ambev', '13.264.466/0001-11', 118);

INSERT INTO Empresa(id, nome, cnpj, Contato_id)
VALUES (19, 'ArcelorMittal Brasil', '83.265.370/0002-77', 119);

INSERT INTO Empresa(id, nome, cnpj, Contato_id)
VALUES (20, 'Correios', '37.266.070/0001-13', 120);

INSERT INTO Empresa(id, nome, cnpj, Contato_id)
VALUES (21, 'Mercedes-Benz', '71.267.989/0001-26', 121);

INSERT INTO Empresa(id, nome, cnpj, Contato_id)
VALUES (22, 'JBS', '55.268.934/0002-83', 122);

INSERT INTO Empresa(id, nome, cnpj, Contato_id)
VALUES (23, 'Carrefour', '81.269.125/0001-05', 123);

INSERT INTO Empresa(id, nome, cnpj, Contato_id)
VALUES (24, 'TAM', '52.270.822/0002-61', 124);

INSERT INTO Empresa(id, nome, cnpj, Contato_id)
VALUES (25, 'Brasil Foods/Sadia', '37.271.176/0001-08', 125);

INSERT INTO Empresa(id, nome, cnpj, Contato_id)
VALUES (26, 'Brasil Foods', '92.272.607/0001-93', 126);

INSERT INTO Empresa(id, nome, cnpj, Contato_id)
VALUES (27, 'Telemar', '40.273.581/0002-01', 127);

INSERT INTO Empresa(id, nome, cnpj, Contato_id)
VALUES (28, 'Cosan', '02.274.127/0002-71', 128);

INSERT INTO Empresa(id, nome, cnpj, Contato_id)
VALUES (29, 'Ford', '66.275.444/0002-87', 129);

INSERT INTO Empresa(id, nome, cnpj, Contato_id)
VALUES (30, 'Atacadão', '14.276.011/0002-30', 130);

INSERT INTO Empresa(id, nome, cnpj, Contato_id)
VALUES (31, 'CSN', '75.277.771/0002-32', 131);

INSERT INTO Empresa(id, nome, cnpj, Contato_id)
VALUES (32, 'Claro', '93.278.312/0002-72', 132);

INSERT INTO Empresa(id, nome, cnpj, Contato_id)
VALUES (33, 'Usiminas', '74.279.003/0001-88', 133);

INSERT INTO Empresa(id, nome, cnpj, Contato_id)
VALUES (34, 'Embratel', '28.280.943/0002-70', 134);

INSERT INTO Empresa(id, nome, cnpj, Contato_id)
VALUES (35, 'Moto Honda', '83.281.296/0001-03', 135);

INSERT INTO Empresa(id, nome, cnpj, Contato_id)
VALUES (36, 'Sabesp', '68.282.954/0001-03', 136);

INSERT INTO Empresa(id, nome, cnpj, Contato_id)
VALUES (37, 'AES Eletropaulo', '43.283.502/0002-48', 137);

INSERT INTO Empresa(id, nome, cnpj, Contato_id)
VALUES (38, 'ADM', '77.284.852/0002-69', 138);

INSERT INTO Empresa(id, nome, cnpj, Contato_id)
VALUES (39, 'Oi (TNL PCS)', '32.285.305/0002-03', 139);

INSERT INTO Empresa(id, nome, cnpj, Contato_id)
VALUES (40, 'MAN', '29.286.781/0001-34', 140);

INSERT INTO Empresa(id, nome, cnpj, Contato_id)
VALUES (41, 'Toyota', '94.287.933/0002-42', 141);

INSERT INTO Empresa(id, nome, cnpj, Contato_id)
VALUES (42, 'Cemig Distribuição', '99.288.023/0001-48', 142);

INSERT INTO Empresa(id, nome, cnpj, Contato_id)
VALUES (43, 'Embraer', '38.289.284/0002-96', 143);

INSERT INTO Empresa(id, nome, cnpj, Contato_id)
VALUES (44, 'Globo', '40.290.701/0001-84', 144);

INSERT INTO Empresa(id, nome, cnpj, Contato_id)
VALUES (45, 'Construtora Odebrecht', '30.291.696/0002-95', 145);

INSERT INTO Empresa(id, nome, cnpj, Contato_id)
VALUES (46, 'Samsung', '60.292.260/0001-78', 146);

INSERT INTO Empresa(id, nome, cnpj, Contato_id)
VALUES (47, 'Copersucar', '71.293.979/0001-20', 147);

INSERT INTO Empresa(id, nome, cnpj, Contato_id)
VALUES (48, 'Gerdau Aços Longos', '14.294.682/0002-65', 148);

INSERT INTO Empresa(id, nome, cnpj, Contato_id)
VALUES (49, 'Nextel', '96.295.867/0001-00', 149);

INSERT INTO Empresa(id, nome, cnpj, Contato_id)
VALUES (50, 'Renault', '52.296.342/0001-31', 150);

INSERT INTO Empresa(id, nome, cnpj, Contato_id)
VALUES (51, 'Ale', '45.297.816/0001-23', 151);

INSERT INTO Empresa(id, nome, cnpj, Contato_id)
VALUES (52, 'Oi', '78.298.971/0001-72', 152);

INSERT INTO Empresa(id, nome, cnpj, Contato_id)
VALUES (53, 'GOL', '35.299.291/0001-38', 153);

INSERT INTO Empresa(id, nome, cnpj, Contato_id)
VALUES (54, 'Unilever', '51.300.349/0002-94', 154);

INSERT INTO Empresa(id, nome, cnpj, Contato_id)
VALUES (55, 'Samarco', '81.301.474/0002-78', 155);

INSERT INTO Empresa(id, nome, cnpj, Contato_id)
VALUES (56, 'Furnas', '11.302.329/0001-69', 156);

INSERT INTO Empresa(id, nome, cnpj, Contato_id)
VALUES (57, 'Amil', '17.303.808/0002-85', 157);

INSERT INTO Empresa(id, nome, cnpj, Contato_id)
VALUES (58, 'GE', '11.304.917/0001-71', 158);

INSERT INTO Empresa(id, nome, cnpj, Contato_id)
VALUES (59, 'Refap', '72.305.553/0002-97', 159);

INSERT INTO Empresa(id, nome, cnpj, Contato_id)
VALUES (60, 'Itaipu Binacional', '07.306.204/0002-05', 160);

INSERT INTO Empresa(id, nome, cnpj, Contato_id)
VALUES (61, 'Louis Dreyfus', '64.307.021/0002-85', 161);

INSERT INTO Empresa(id, nome, cnpj, Contato_id)
VALUES (62, 'Peugeot Citroën', '53.308.926/0002-57', 162);

INSERT INTO Empresa(id, nome, cnpj, Contato_id)
VALUES (63, 'Light', '88.309.839/0002-46', 163);

INSERT INTO Empresa(id, nome, cnpj, Contato_id)
VALUES (64, 'Lojas Americanas', '22.310.572/0002-08', 164);

INSERT INTO Empresa(id, nome, cnpj, Contato_id)
VALUES (65, 'Honda Automóveis', '51.311.296/0001-91', 165);

INSERT INTO Empresa(id, nome, cnpj, Contato_id)
VALUES (66, 'Natura', '71.312.023/0002-35', 166);

INSERT INTO Empresa(id, nome, cnpj, Contato_id)
VALUES (67, 'Whirlpool', '93.313.742/0002-82', 167);

INSERT INTO Empresa(id, nome, cnpj, Contato_id)
VALUES (68, 'Basf', '71.314.881/0001-75', 168);

INSERT INTO Empresa(id, nome, cnpj, Contato_id)
VALUES (69, 'CPFL Paulista', '12.315.186/0002-14', 169);

INSERT INTO Empresa(id, nome, cnpj, Contato_id)
VALUES (70, 'Coamo', '24.316.172/0001-19', 170);

INSERT INTO Empresa(id, nome, cnpj, Contato_id)
VALUES (71, 'Souza Cruz', '95.317.429/0001-20', 171);

INSERT INTO Empresa(id, nome, cnpj, Contato_id)
VALUES (72, 'Makro', '77.318.917/0002-64', 172);

INSERT INTO Empresa(id, nome, cnpj, Contato_id)
VALUES (73, 'Copel', '39.319.716/0001-06', 173);

INSERT INTO Empresa(id, nome, cnpj, Contato_id)
VALUES (74, 'Votoran', '23.320.649/0001-46', 174);

INSERT INTO Empresa(id, nome, cnpj, Contato_id)
VALUES (75, 'Magazine Luiza', '17.321.067/0001-78', 175);

INSERT INTO Empresa(id, nome, cnpj, Contato_id)
VALUES (76, 'Chesf', '96.322.970/0002-90', 176);

INSERT INTO Empresa(id, nome, cnpj, Contato_id)
VALUES (77, 'Nestlé', '10.323.584/0001-36', 177);

INSERT INTO Empresa(id, nome, cnpj, Contato_id)
VALUES (78, 'Gerdau Açominas', '65.324.816/0002-27', 178);

INSERT INTO Empresa(id, nome, cnpj, Contato_id)
VALUES (79, 'Coelba', '58.325.569/0002-77', 179);

INSERT INTO Empresa(id, nome, cnpj, Contato_id)
VALUES (80, 'Transpetro', '92.326.943/0001-88', 180);

INSERT INTO Empresa(id, nome, cnpj, Contato_id)
VALUES (81, 'Suzano', '94.327.941/0001-80', 181);

INSERT INTO Empresa(id, nome, cnpj, Contato_id)
VALUES (82, 'Heringer', '39.328.787/0002-09', 182);

INSERT INTO Empresa(id, nome, cnpj, Contato_id)
VALUES (83, 'CNH', '12.329.462/0001-24', 183);

INSERT INTO Empresa(id, nome, cnpj, Contato_id)
VALUES (84, 'Paranapanema', '83.330.754/0002-17', 184);

INSERT INTO Empresa(id, nome, cnpj, Contato_id)
VALUES (85, 'Iveco', '89.331.622/0001-73', 185);

INSERT INTO Empresa(id, nome, cnpj, Contato_id)
VALUES (86, 'Ponto Frio', '93.332.301/0001-53', 186);

INSERT INTO Empresa(id, nome, cnpj, Contato_id)
VALUES (87, 'Marfrig', '10.333.966/0002-84', 187);

INSERT INTO Empresa(id, nome, cnpj, Contato_id)
VALUES (88, 'Camargo Corrêa', '29.334.533/0002-14', 188);

INSERT INTO Empresa(id, nome, cnpj, Contato_id)
VALUES (89, 'Bunge Fertilizantes', '70.335.488/0001-58', 189);

INSERT INTO Empresa(id, nome, cnpj, Contato_id)
VALUES (90, 'Mitsubishi Motors', '03.336.741/0001-42', 190);

INSERT INTO Empresa(id, nome, cnpj, Contato_id)
VALUES (91, 'Andrade Gutierrez', '15.337.372/0001-37', 191);

INSERT INTO Empresa(id, nome, cnpj, Contato_id)
VALUES (92, 'Bayer', '28.338.719/0001-31', 192);

INSERT INTO Empresa(id, nome, cnpj, Contato_id)
VALUES (93, 'Avon', '70.339.925/0002-70', 193);

INSERT INTO Empresa(id, nome, cnpj, Contato_id)
VALUES (94, 'Eletronorte', '60.340.878/0001-79', 194);

INSERT INTO Empresa(id, nome, cnpj, Contato_id)
VALUES (95, 'Robert Bosch', '55.341.146/0001-80', 195);

INSERT INTO Empresa(id, nome, cnpj, Contato_id)
VALUES (96, 'HP', '94.342.529/0002-46', 196);

INSERT INTO Empresa(id, nome, cnpj, Contato_id)
VALUES (97, 'Braskem Qpar', '07.343.983/0002-96', 197);

INSERT INTO Empresa(id, nome, cnpj, Contato_id)
VALUES (98, 'Spal', '32.344.153/0001-15', 198);

INSERT INTO Empresa(id, nome, cnpj, Contato_id)
VALUES (99, 'Tag', '50.345.800/0002-18', 199);

INSERT INTO Empresa(id, nome, cnpj, Contato_id)
VALUES (100, 'Comgás', '18.346.226/0001-72', 200);

-- Popula a tabela Servico.

INSERT INTO Servico(id, tipoServico, TipoCarga_id, quantidadeCarga, unidadeCarga, dataPedido, distancia, unidadeDistancia,Empresa_id, origem, destino, descricao)
VALUES (1, 'ECONOMICO', 3, '783', 'unidades', '2011-9-27 23:29', 1029, 'Km', 6, 201, 202, null);

INSERT INTO Servico(id, tipoServico, TipoCarga_id, quantidadeCarga, unidadeCarga, dataPedido, distancia, unidadeDistancia,Empresa_id, origem, destino, descricao)
VALUES (2, 'EXPRESSO', 2, '668', 'cabeças', '2011-5-16 18:12', 369, 'Km', 41, 203, 204, null);

INSERT INTO Servico(id, tipoServico, TipoCarga_id, quantidadeCarga, unidadeCarga, dataPedido, distancia, unidadeDistancia,Empresa_id, origem, destino, descricao)
VALUES (3, 'EXPRESSO', 10, '411', 'gramas', '2011-3-21 18:7', 81, 'Km', 89, 205, 206, null);

INSERT INTO Servico(id, tipoServico, TipoCarga_id, quantidadeCarga, unidadeCarga, dataPedido, distancia, unidadeDistancia,Empresa_id, origem, destino, descricao)
VALUES (4, 'ECONOMICO', 7, '497', 'gramas', '2011-1-12 7:16', 410, 'milhas', 30, 207, 208, 'A entrega deve ser feitas em mãos e com assinatura do dono.');

INSERT INTO Servico(id, tipoServico, TipoCarga_id, quantidadeCarga, unidadeCarga, dataPedido, distancia, unidadeDistancia,Empresa_id, origem, destino, descricao)
VALUES (5, 'EXPRESSO', 1, '987', 'cabeças', '2011-9-14 16:14', 1163, 'Km', 74, 209, 210, 'A carga será verificada por um especialista que estará no local de entrega. E somente pode ser entregue com a aprovação assinada do especialista.');

INSERT INTO Servico(id, tipoServico, TipoCarga_id, quantidadeCarga, unidadeCarga, dataPedido, distancia, unidadeDistancia,Empresa_id, origem, destino, descricao)
VALUES (6, 'ECONOMICO', 5, '439', 'cabeças', '2011-1-17 17:22', 286, 'Km', 16, 211, 212, 'A carga deve estar com gps, por toda a viagem.');

INSERT INTO Servico(id, tipoServico, TipoCarga_id, quantidadeCarga, unidadeCarga, dataPedido, distancia, unidadeDistancia,Empresa_id, origem, destino, descricao)
VALUES (7, 'NORMAL', 4, '703', 'unidades', '2011-2-10 0:43', 682, 'milhas', 21, 213, 214, null);

INSERT INTO Servico(id, tipoServico, TipoCarga_id, quantidadeCarga, unidadeCarga, dataPedido, distancia, unidadeDistancia,Empresa_id, origem, destino, descricao)
VALUES (8, 'NORMAL', 6, '387', 'gramas', '2011-2-4 2:12', 1151, 'Km', 100, 215, 216, 'A entrega deve ser feitas em mãos e com assinatura do dono.');

INSERT INTO Servico(id, tipoServico, TipoCarga_id, quantidadeCarga, unidadeCarga, dataPedido, distancia, unidadeDistancia,Empresa_id, origem, destino, descricao)
VALUES (9, 'NORMAL', 4, '538', 'kilogramas', '2011-2-9 19:33', 779, 'milhas', 37, 217, 218, null);

INSERT INTO Servico(id, tipoServico, TipoCarga_id, quantidadeCarga, unidadeCarga, dataPedido, distancia, unidadeDistancia,Empresa_id, origem, destino, descricao)
VALUES (10, 'EXPRESSO', 6, '122', 'kilogramas', '2011-8-12 23:18', 106, 'Km', 49, 219, 220, null);

INSERT INTO Servico(id, tipoServico, TipoCarga_id, quantidadeCarga, unidadeCarga, dataPedido, distancia, unidadeDistancia,Empresa_id, origem, destino, descricao)
VALUES (11, 'EXPRESSO', 2, '811', 'kilogramas', '2011-10-25 11:22', 1049, 'Km', 24, 221, 222, null);

INSERT INTO Servico(id, tipoServico, TipoCarga_id, quantidadeCarga, unidadeCarga, dataPedido, distancia, unidadeDistancia,Empresa_id, origem, destino, descricao)
VALUES (12, 'ECONOMICO', 4, '361', 'kilogramas', '2011-7-19 1:57', 90, 'Km', 95, 223, 224, null);

INSERT INTO Servico(id, tipoServico, TipoCarga_id, quantidadeCarga, unidadeCarga, dataPedido, distancia, unidadeDistancia,Empresa_id, origem, destino, descricao)
VALUES (13, 'NORMAL', 1, '909', 'gramas', '2011-3-17 11:30', 282, 'milhas', 94, 225, 226, 'A carga deve ser deixada no campo ao lado do prédio principal.');

INSERT INTO Servico(id, tipoServico, TipoCarga_id, quantidadeCarga, unidadeCarga, dataPedido, distancia, unidadeDistancia,Empresa_id, origem, destino, descricao)
VALUES (14, 'EXPRESSO', 8, '311', 'cabeças', '2011-6-7 14:39', 459, 'milhas', 30, 227, 228, 'A entrega deve ser feita pela manhã.');

INSERT INTO Servico(id, tipoServico, TipoCarga_id, quantidadeCarga, unidadeCarga, dataPedido, distancia, unidadeDistancia,Empresa_id, origem, destino, descricao)
VALUES (15, 'ECONOMICO', 2, '457', 'kilogramas', '2011-8-7 21:42', 831, 'milhas', 57, 229, 230, 'A carga deve ser deixada no campo ao lado do prédio principal.');

INSERT INTO Servico(id, tipoServico, TipoCarga_id, quantidadeCarga, unidadeCarga, dataPedido, distancia, unidadeDistancia,Empresa_id, origem, destino, descricao)
VALUES (16, 'NORMAL', 8, '651', 'unidades', '2011-3-6 4:26', 27, 'Km', 75, 231, 232, null);

INSERT INTO Servico(id, tipoServico, TipoCarga_id, quantidadeCarga, unidadeCarga, dataPedido, distancia, unidadeDistancia,Empresa_id, origem, destino, descricao)
VALUES (17, 'EXPRESSO', 8, '304', 'kilogramas', '2011-1-29 13:44', 348, 'milhas', 66, 233, 234, 'A carga deve estar com gps, por toda a viagem.');

INSERT INTO Servico(id, tipoServico, TipoCarga_id, quantidadeCarga, unidadeCarga, dataPedido, distancia, unidadeDistancia,Empresa_id, origem, destino, descricao)
VALUES (18, 'NORMAL', 7, '647', 'gramas', '2011-11-20 15:59', 666, 'milhas', 70, 235, 236, null);

INSERT INTO Servico(id, tipoServico, TipoCarga_id, quantidadeCarga, unidadeCarga, dataPedido, distancia, unidadeDistancia,Empresa_id, origem, destino, descricao)
VALUES (19, 'EXPRESSO', 2, '369', 'gramas', '2011-7-11 8:44', 757, 'milhas', 56, 237, 238, 'A entrega deve ser feita pela manhã.');

INSERT INTO Servico(id, tipoServico, TipoCarga_id, quantidadeCarga, unidadeCarga, dataPedido, distancia, unidadeDistancia,Empresa_id, origem, destino, descricao)
VALUES (20, 'NORMAL', 3, '773', 'unidades', '2011-5-19 18:4', 837, 'Km', 93, 239, 240, 'A carga deve estar com gps, por toda a viagem.');

INSERT INTO Servico(id, tipoServico, TipoCarga_id, quantidadeCarga, unidadeCarga, dataPedido, distancia, unidadeDistancia,Empresa_id, origem, destino, descricao)
VALUES (21, 'NORMAL', 4, '908', 'gramas', '2011-12-11 20:47', 870, 'milhas', 22, 241, 242, null);

INSERT INTO Servico(id, tipoServico, TipoCarga_id, quantidadeCarga, unidadeCarga, dataPedido, distancia, unidadeDistancia,Empresa_id, origem, destino, descricao)
VALUES (22, 'NORMAL', 10, '128', 'unidades', '2011-5-15 4:41', 1046, 'milhas', 8, 243, 244, 'A entrega não pode demorar. Em caso de atraso, deve ser avisado que o serviço não será cobrado. Este é um cliente importante para a empresa, e não podemos desapontá-los');

INSERT INTO Servico(id, tipoServico, TipoCarga_id, quantidadeCarga, unidadeCarga, dataPedido, distancia, unidadeDistancia,Empresa_id, origem, destino, descricao)
VALUES (23, 'ECONOMICO', 8, '308', 'cabeças', '2011-5-17 13:23', 1166, 'milhas', 64, 245, 246, 'Pegaro máximo de estradas livres.');

INSERT INTO Servico(id, tipoServico, TipoCarga_id, quantidadeCarga, unidadeCarga, dataPedido, distancia, unidadeDistancia,Empresa_id, origem, destino, descricao)
VALUES (24, 'ECONOMICO', 10, '310', 'cabeças', '2011-9-28 19:56', 518, 'Km', 57, 247, 248, 'A carga deve ser deixada no campo ao lado do prédio principal.');

INSERT INTO Servico(id, tipoServico, TipoCarga_id, quantidadeCarga, unidadeCarga, dataPedido, distancia, unidadeDistancia,Empresa_id, origem, destino, descricao)
VALUES (25, 'NORMAL', 6, '664', 'kilogramas', '2011-1-19 22:22', 275, 'milhas', 78, 249, 250, 'Passar apenas por caminhos asfaltados.');

INSERT INTO Servico(id, tipoServico, TipoCarga_id, quantidadeCarga, unidadeCarga, dataPedido, distancia, unidadeDistancia,Empresa_id, origem, destino, descricao)
VALUES (26, 'ECONOMICO', 7, '830', 'unidades', '2011-4-4 5:42', 95, 'milhas', 7, 251, 252, null);

INSERT INTO Servico(id, tipoServico, TipoCarga_id, quantidadeCarga, unidadeCarga, dataPedido, distancia, unidadeDistancia,Empresa_id, origem, destino, descricao)
VALUES (27, 'NORMAL', 2, '741', 'cabeças', '2011-3-18 10:22', 1019, 'milhas', 32, 253, 254, null);

INSERT INTO Servico(id, tipoServico, TipoCarga_id, quantidadeCarga, unidadeCarga, dataPedido, distancia, unidadeDistancia,Empresa_id, origem, destino, descricao)
VALUES (28, 'EXPRESSO', 1, '938', 'unidades', '2011-2-5 13:4', 852, 'Km', 78, 255, 256, null);

INSERT INTO Servico(id, tipoServico, TipoCarga_id, quantidadeCarga, unidadeCarga, dataPedido, distancia, unidadeDistancia,Empresa_id, origem, destino, descricao)
VALUES (29, 'NORMAL', 9, '293', 'unidades', '2011-12-17 18:18', 72, 'Km', 45, 257, 258, 'Atrasos não serão tolerados para essa entrega.');

INSERT INTO Servico(id, tipoServico, TipoCarga_id, quantidadeCarga, unidadeCarga, dataPedido, distancia, unidadeDistancia,Empresa_id, origem, destino, descricao)
VALUES (30, 'NORMAL', 2, '318', 'cabeças', '2011-7-5 12:54', 498, 'milhas', 86, 259, 260, 'A entrega deve ser feitas em mãos e com assinatura do dono.');

INSERT INTO Servico(id, tipoServico, TipoCarga_id, quantidadeCarga, unidadeCarga, dataPedido, distancia, unidadeDistancia,Empresa_id, origem, destino, descricao)
VALUES (31, 'EXPRESSO', 7, '738', 'cabeças', '2011-3-29 22:16', 1048, 'Km', 22, 261, 262, null);

INSERT INTO Servico(id, tipoServico, TipoCarga_id, quantidadeCarga, unidadeCarga, dataPedido, distancia, unidadeDistancia,Empresa_id, origem, destino, descricao)
VALUES (32, 'EXPRESSO', 8, '718', 'gramas', '2011-8-23 0:14', 227, 'Km', 70, 263, 264, 'A carga será verificada por um especialista que estará no local de entrega. E somente pode ser entregue com a aprovação assinada do especialista.');

INSERT INTO Servico(id, tipoServico, TipoCarga_id, quantidadeCarga, unidadeCarga, dataPedido, distancia, unidadeDistancia,Empresa_id, origem, destino, descricao)
VALUES (33, 'EXPRESSO', 5, '399', 'cabeças', '2011-3-17 7:28', 580, 'milhas', 70, 265, 266, 'Evitar caminhos esburacados, a carga é muito sensível.');

INSERT INTO Servico(id, tipoServico, TipoCarga_id, quantidadeCarga, unidadeCarga, dataPedido, distancia, unidadeDistancia,Empresa_id, origem, destino, descricao)
VALUES (34, 'ECONOMICO', 6, '765', 'unidades', '2011-1-18 15:39', 273, 'Km', 69, 267, 268, 'A entrega não pode demorar. Em caso de atraso, deve ser avisado que o serviço não será cobrado. Este é um cliente importante para a empresa, e não podemos desapontá-los');

INSERT INTO Servico(id, tipoServico, TipoCarga_id, quantidadeCarga, unidadeCarga, dataPedido, distancia, unidadeDistancia,Empresa_id, origem, destino, descricao)
VALUES (35, 'EXPRESSO', 10, '285', 'kilogramas', '2011-11-21 14:25', 88, 'milhas', 81, 269, 270, 'A carga será verificada por um especialista que estará no local de entrega. E somente pode ser entregue com a aprovação assinada do especialista.');

INSERT INTO Servico(id, tipoServico, TipoCarga_id, quantidadeCarga, unidadeCarga, dataPedido, distancia, unidadeDistancia,Empresa_id, origem, destino, descricao)
VALUES (36, 'ECONOMICO', 4, '154', 'gramas', '2011-6-10 22:36', 649, 'Km', 23, 271, 272, null);

INSERT INTO Servico(id, tipoServico, TipoCarga_id, quantidadeCarga, unidadeCarga, dataPedido, distancia, unidadeDistancia,Empresa_id, origem, destino, descricao)
VALUES (37, 'ECONOMICO', 10, '370', 'kilogramas', '2011-10-3 20:55', 289, 'milhas', 4, 273, 274, 'A entrega deve ser feita pela manhã.');

INSERT INTO Servico(id, tipoServico, TipoCarga_id, quantidadeCarga, unidadeCarga, dataPedido, distancia, unidadeDistancia,Empresa_id, origem, destino, descricao)
VALUES (38, 'EXPRESSO', 9, '489', 'cabeças', '2011-6-24 20:5', 131, 'Km', 15, 275, 276, 'A carga deve ser deixada no campo ao lado do prédio principal.');

INSERT INTO Servico(id, tipoServico, TipoCarga_id, quantidadeCarga, unidadeCarga, dataPedido, distancia, unidadeDistancia,Empresa_id, origem, destino, descricao)
VALUES (39, 'NORMAL', 9, '626', 'gramas', '2011-8-21 16:16', 252, 'milhas', 75, 277, 278, 'Em caso de acidentes, muito cuidado com a carga, pois é altamente inflamável.');

INSERT INTO Servico(id, tipoServico, TipoCarga_id, quantidadeCarga, unidadeCarga, dataPedido, distancia, unidadeDistancia,Empresa_id, origem, destino, descricao)
VALUES (40, 'EXPRESSO', 1, '908', 'gramas', '2011-12-7 1:1', 622, 'milhas', 23, 279, 280, 'A carga deve ser deixada no campo ao lado do prédio principal.');

INSERT INTO Servico(id, tipoServico, TipoCarga_id, quantidadeCarga, unidadeCarga, dataPedido, distancia, unidadeDistancia,Empresa_id, origem, destino, descricao)
VALUES (41, 'EXPRESSO', 4, '805', 'kilogramas', '2011-3-29 6:23', 256, 'Km', 69, 281, 282, null);

INSERT INTO Servico(id, tipoServico, TipoCarga_id, quantidadeCarga, unidadeCarga, dataPedido, distancia, unidadeDistancia,Empresa_id, origem, destino, descricao)
VALUES (42, 'EXPRESSO', 1, '766', 'kilogramas', '2011-7-1 3:54', 1032, 'Km', 86, 283, 284, 'A entrega não pode demorar. Em caso de atraso, deve ser avisado que o serviço não será cobrado. Este é um cliente importante para a empresa, e não podemos desapontá-los');

INSERT INTO Servico(id, tipoServico, TipoCarga_id, quantidadeCarga, unidadeCarga, dataPedido, distancia, unidadeDistancia,Empresa_id, origem, destino, descricao)
VALUES (43, 'NORMAL', 6, '222', 'unidades', '2011-1-29 13:47', 90, 'milhas', 72, 285, 286, 'A entrega deve ser feita pela manhã.');

INSERT INTO Servico(id, tipoServico, TipoCarga_id, quantidadeCarga, unidadeCarga, dataPedido, distancia, unidadeDistancia,Empresa_id, origem, destino, descricao)
VALUES (44, 'EXPRESSO', 6, '593', 'kilogramas', '2011-2-20 11:57', 929, 'milhas', 54, 287, 288, 'Passar apenas por caminhos asfaltados.');

INSERT INTO Servico(id, tipoServico, TipoCarga_id, quantidadeCarga, unidadeCarga, dataPedido, distancia, unidadeDistancia,Empresa_id, origem, destino, descricao)
VALUES (45, 'ECONOMICO', 4, '597', 'kilogramas', '2011-9-11 18:41', 1069, 'Km', 4, 289, 290, 'A carga deve ser deixada no campo ao lado do prédio principal.');

INSERT INTO Servico(id, tipoServico, TipoCarga_id, quantidadeCarga, unidadeCarga, dataPedido, distancia, unidadeDistancia,Empresa_id, origem, destino, descricao)
VALUES (46, 'EXPRESSO', 10, '160', 'cabeças', '2011-1-4 8:23', 848, 'Km', 13, 291, 292, null);

INSERT INTO Servico(id, tipoServico, TipoCarga_id, quantidadeCarga, unidadeCarga, dataPedido, distancia, unidadeDistancia,Empresa_id, origem, destino, descricao)
VALUES (47, 'NORMAL', 7, '333', 'unidades', '2011-12-14 19:37', 773, 'milhas', 94, 293, 294, null);

INSERT INTO Servico(id, tipoServico, TipoCarga_id, quantidadeCarga, unidadeCarga, dataPedido, distancia, unidadeDistancia,Empresa_id, origem, destino, descricao)
VALUES (48, 'EXPRESSO', 6, '751', 'kilogramas', '2011-11-16 4:19', 86, 'Km', 94, 295, 296, 'A carga deve ser deixada no campo ao lado do prédio principal.');

INSERT INTO Servico(id, tipoServico, TipoCarga_id, quantidadeCarga, unidadeCarga, dataPedido, distancia, unidadeDistancia,Empresa_id, origem, destino, descricao)
VALUES (49, 'EXPRESSO', 1, '970', 'kilogramas', '2011-5-12 7:51', 868, 'milhas', 10, 297, 298, null);

INSERT INTO Servico(id, tipoServico, TipoCarga_id, quantidadeCarga, unidadeCarga, dataPedido, distancia, unidadeDistancia,Empresa_id, origem, destino, descricao)
VALUES (50, 'NORMAL', 7, '853', 'cabeças', '2011-3-3 6:0', 947, 'Km', 100, 299, 300, 'A entrega deve ser feitas em mãos e com assinatura do dono.');

INSERT INTO Servico(id, tipoServico, TipoCarga_id, quantidadeCarga, unidadeCarga, dataPedido, distancia, unidadeDistancia,Empresa_id, origem, destino, descricao)
VALUES (51, 'EXPRESSO', 5, '382', 'cabeças', '2011-12-28 3:22', 171, 'milhas', 2, 301, 302, null);

INSERT INTO Servico(id, tipoServico, TipoCarga_id, quantidadeCarga, unidadeCarga, dataPedido, distancia, unidadeDistancia,Empresa_id, origem, destino, descricao)
VALUES (52, 'NORMAL', 10, '968', 'cabeças', '2011-8-7 10:12', 804, 'milhas', 91, 303, 304, 'A carga será verificada por um especialista que estará no local de entrega. E somente pode ser entregue com a aprovação assinada do especialista.');

INSERT INTO Servico(id, tipoServico, TipoCarga_id, quantidadeCarga, unidadeCarga, dataPedido, distancia, unidadeDistancia,Empresa_id, origem, destino, descricao)
VALUES (53, 'EXPRESSO', 9, '540', 'cabeças', '2011-4-27 16:12', 754, 'Km', 97, 305, 306, 'A entrega deve ser feitas em mãos e com assinatura do dono.');

INSERT INTO Servico(id, tipoServico, TipoCarga_id, quantidadeCarga, unidadeCarga, dataPedido, distancia, unidadeDistancia,Empresa_id, origem, destino, descricao)
VALUES (54, 'ECONOMICO', 2, '547', 'unidades', '2011-2-20 16:42', 324, 'Km', 52, 307, 308, null);

INSERT INTO Servico(id, tipoServico, TipoCarga_id, quantidadeCarga, unidadeCarga, dataPedido, distancia, unidadeDistancia,Empresa_id, origem, destino, descricao)
VALUES (55, 'ECONOMICO', 3, '347', 'unidades', '2011-1-9 8:24', 915, 'Km', 15, 309, 310, 'A carga deve ser deixada no campo ao lado do prédio principal.');

INSERT INTO Servico(id, tipoServico, TipoCarga_id, quantidadeCarga, unidadeCarga, dataPedido, distancia, unidadeDistancia,Empresa_id, origem, destino, descricao)
VALUES (56, 'NORMAL', 2, '828', 'cabeças', '2011-6-1 7:39', 66, 'milhas', 47, 311, 312, null);

INSERT INTO Servico(id, tipoServico, TipoCarga_id, quantidadeCarga, unidadeCarga, dataPedido, distancia, unidadeDistancia,Empresa_id, origem, destino, descricao)
VALUES (57, 'ECONOMICO', 2, '168', 'gramas', '2011-3-27 12:29', 886, 'Km', 87, 313, 314, 'Passar apenas por caminhos asfaltados.');

INSERT INTO Servico(id, tipoServico, TipoCarga_id, quantidadeCarga, unidadeCarga, dataPedido, distancia, unidadeDistancia,Empresa_id, origem, destino, descricao)
VALUES (58, 'ECONOMICO', 8, '368', 'cabeças', '2011-4-25 3:38', 1138, 'Km', 79, 315, 316, 'Em caso de acidentes, muito cuidado com a carga, pois é altamente inflamável.');

INSERT INTO Servico(id, tipoServico, TipoCarga_id, quantidadeCarga, unidadeCarga, dataPedido, distancia, unidadeDistancia,Empresa_id, origem, destino, descricao)
VALUES (59, 'NORMAL', 8, '244', 'gramas', '2011-11-4 2:58', 680, 'Km', 29, 317, 318, 'Atrasos não serão tolerados para essa entrega.');

INSERT INTO Servico(id, tipoServico, TipoCarga_id, quantidadeCarga, unidadeCarga, dataPedido, distancia, unidadeDistancia,Empresa_id, origem, destino, descricao)
VALUES (60, 'NORMAL', 4, '232', 'unidades', '2011-5-29 2:41', 454, 'milhas', 59, 319, 320, null);

INSERT INTO Servico(id, tipoServico, TipoCarga_id, quantidadeCarga, unidadeCarga, dataPedido, distancia, unidadeDistancia,Empresa_id, origem, destino, descricao)
VALUES (61, 'NORMAL', 3, '719', 'unidades', '2011-11-13 9:8', 163, 'milhas', 31, 321, 322, 'Passar apenas por caminhos asfaltados.');

INSERT INTO Servico(id, tipoServico, TipoCarga_id, quantidadeCarga, unidadeCarga, dataPedido, distancia, unidadeDistancia,Empresa_id, origem, destino, descricao)
VALUES (62, 'EXPRESSO', 7, '101', 'kilogramas', '2011-5-15 13:22', 378, 'milhas', 64, 323, 324, null);

INSERT INTO Servico(id, tipoServico, TipoCarga_id, quantidadeCarga, unidadeCarga, dataPedido, distancia, unidadeDistancia,Empresa_id, origem, destino, descricao)
VALUES (63, 'ECONOMICO', 1, '771', 'gramas', '2011-8-17 4:34', 169, 'milhas', 63, 325, 326, null);

INSERT INTO Servico(id, tipoServico, TipoCarga_id, quantidadeCarga, unidadeCarga, dataPedido, distancia, unidadeDistancia,Empresa_id, origem, destino, descricao)
VALUES (64, 'ECONOMICO', 3, '306', 'unidades', '2011-10-9 15:32', 689, 'Km', 60, 327, 328, 'Atrasos não serão tolerados para essa entrega.');

INSERT INTO Servico(id, tipoServico, TipoCarga_id, quantidadeCarga, unidadeCarga, dataPedido, distancia, unidadeDistancia,Empresa_id, origem, destino, descricao)
VALUES (65, 'EXPRESSO', 2, '197', 'unidades', '2011-3-19 16:22', 651, 'milhas', 7, 329, 330, 'A carga será verificada por um especialista que estará no local de entrega. E somente pode ser entregue com a aprovação assinada do especialista.');

INSERT INTO Servico(id, tipoServico, TipoCarga_id, quantidadeCarga, unidadeCarga, dataPedido, distancia, unidadeDistancia,Empresa_id, origem, destino, descricao)
VALUES (66, 'NORMAL', 6, '973', 'kilogramas', '2011-1-8 16:9', 614, 'milhas', 82, 331, 332, 'A carga deve estar com gps, por toda a viagem.');

INSERT INTO Servico(id, tipoServico, TipoCarga_id, quantidadeCarga, unidadeCarga, dataPedido, distancia, unidadeDistancia,Empresa_id, origem, destino, descricao)
VALUES (67, 'ECONOMICO', 6, '297', 'kilogramas', '2011-10-4 19:31', 364, 'milhas', 40, 333, 334, null);

INSERT INTO Servico(id, tipoServico, TipoCarga_id, quantidadeCarga, unidadeCarga, dataPedido, distancia, unidadeDistancia,Empresa_id, origem, destino, descricao)
VALUES (68, 'EXPRESSO', 1, '198', 'gramas', '2011-4-22 19:9', 399, 'Km', 45, 335, 336, null);

INSERT INTO Servico(id, tipoServico, TipoCarga_id, quantidadeCarga, unidadeCarga, dataPedido, distancia, unidadeDistancia,Empresa_id, origem, destino, descricao)
VALUES (69, 'NORMAL', 5, '554', 'cabeças', '2011-9-24 0:51', 519, 'Km', 56, 337, 338, null);

INSERT INTO Servico(id, tipoServico, TipoCarga_id, quantidadeCarga, unidadeCarga, dataPedido, distancia, unidadeDistancia,Empresa_id, origem, destino, descricao)
VALUES (70, 'ECONOMICO', 9, '176', 'cabeças', '2011-1-8 12:47', 725, 'Km', 78, 339, 340, 'Passar apenas por caminhos asfaltados.');

INSERT INTO Servico(id, tipoServico, TipoCarga_id, quantidadeCarga, unidadeCarga, dataPedido, distancia, unidadeDistancia,Empresa_id, origem, destino, descricao)
VALUES (71, 'NORMAL', 6, '952', 'unidades', '2011-2-20 19:14', 916, 'milhas', 74, 341, 342, 'A carga deve estar com gps, por toda a viagem.');

INSERT INTO Servico(id, tipoServico, TipoCarga_id, quantidadeCarga, unidadeCarga, dataPedido, distancia, unidadeDistancia,Empresa_id, origem, destino, descricao)
VALUES (72, 'EXPRESSO', 3, '758', 'cabeças', '2011-7-1 10:57', 1079, 'Km', 5, 343, 344, 'A carga será verificada por um especialista que estará no local de entrega. E somente pode ser entregue com a aprovação assinada do especialista.');

INSERT INTO Servico(id, tipoServico, TipoCarga_id, quantidadeCarga, unidadeCarga, dataPedido, distancia, unidadeDistancia,Empresa_id, origem, destino, descricao)
VALUES (73, 'EXPRESSO', 8, '845', 'cabeças', '2011-2-2 6:43', 194, 'Km', 90, 345, 346, 'A carga deve estar com gps, por toda a viagem.');

INSERT INTO Servico(id, tipoServico, TipoCarga_id, quantidadeCarga, unidadeCarga, dataPedido, distancia, unidadeDistancia,Empresa_id, origem, destino, descricao)
VALUES (74, 'NORMAL', 3, '478', 'unidades', '2011-7-29 10:53', 855, 'Km', 95, 347, 348, null);

INSERT INTO Servico(id, tipoServico, TipoCarga_id, quantidadeCarga, unidadeCarga, dataPedido, distancia, unidadeDistancia,Empresa_id, origem, destino, descricao)
VALUES (75, 'ECONOMICO', 2, '671', 'gramas', '2011-11-2 8:28', 509, 'Km', 7, 349, 350, 'A entrega não pode demorar. Em caso de atraso, deve ser avisado que o serviço não será cobrado. Este é um cliente importante para a empresa, e não podemos desapontá-los');

INSERT INTO Servico(id, tipoServico, TipoCarga_id, quantidadeCarga, unidadeCarga, dataPedido, distancia, unidadeDistancia,Empresa_id, origem, destino, descricao)
VALUES (76, 'ECONOMICO', 10, '460', 'kilogramas', '2011-7-11 10:55', 161, 'milhas', 8, 351, 352, 'A carga deve estar com gps, por toda a viagem.');

INSERT INTO Servico(id, tipoServico, TipoCarga_id, quantidadeCarga, unidadeCarga, dataPedido, distancia, unidadeDistancia,Empresa_id, origem, destino, descricao)
VALUES (77, 'NORMAL', 1, '867', 'kilogramas', '2011-7-5 6:7', 1161, 'milhas', 68, 353, 354, 'A carga deve estar com gps, por toda a viagem.');

INSERT INTO Servico(id, tipoServico, TipoCarga_id, quantidadeCarga, unidadeCarga, dataPedido, distancia, unidadeDistancia,Empresa_id, origem, destino, descricao)
VALUES (78, 'EXPRESSO', 8, '459', 'kilogramas', '2011-1-7 11:7', 359, 'Km', 22, 355, 356, null);

INSERT INTO Servico(id, tipoServico, TipoCarga_id, quantidadeCarga, unidadeCarga, dataPedido, distancia, unidadeDistancia,Empresa_id, origem, destino, descricao)
VALUES (79, 'EXPRESSO', 6, '665', 'unidades', '2011-6-15 11:27', 171, 'Km', 21, 357, 358, 'A entrega não pode demorar. Em caso de atraso, deve ser avisado que o serviço não será cobrado. Este é um cliente importante para a empresa, e não podemos desapontá-los');

INSERT INTO Servico(id, tipoServico, TipoCarga_id, quantidadeCarga, unidadeCarga, dataPedido, distancia, unidadeDistancia,Empresa_id, origem, destino, descricao)
VALUES (80, 'EXPRESSO', 7, '456', 'kilogramas', '2011-10-1 20:40', 734, 'Km', 60, 359, 360, 'A carga deve estar com gps, por toda a viagem.');

INSERT INTO Servico(id, tipoServico, TipoCarga_id, quantidadeCarga, unidadeCarga, dataPedido, distancia, unidadeDistancia,Empresa_id, origem, destino, descricao)
VALUES (81, 'ECONOMICO', 1, '433', 'unidades', '2011-12-28 15:42', 240, 'Km', 92, 361, 362, 'Atrasos não serão tolerados para essa entrega.');

INSERT INTO Servico(id, tipoServico, TipoCarga_id, quantidadeCarga, unidadeCarga, dataPedido, distancia, unidadeDistancia,Empresa_id, origem, destino, descricao)
VALUES (82, 'ECONOMICO', 3, '725', 'unidades', '2011-3-24 1:46', 358, 'Km', 46, 363, 364, 'Atrasos não serão tolerados para essa entrega.');

INSERT INTO Servico(id, tipoServico, TipoCarga_id, quantidadeCarga, unidadeCarga, dataPedido, distancia, unidadeDistancia,Empresa_id, origem, destino, descricao)
VALUES (83, 'NORMAL', 2, '200', 'kilogramas', '2011-10-22 22:41', 839, 'Km', 30, 365, 366, 'Atrasos não serão tolerados para essa entrega.');

INSERT INTO Servico(id, tipoServico, TipoCarga_id, quantidadeCarga, unidadeCarga, dataPedido, distancia, unidadeDistancia,Empresa_id, origem, destino, descricao)
VALUES (84, 'EXPRESSO', 8, '387', 'kilogramas', '2011-6-28 19:42', 642, 'milhas', 27, 367, 368, null);

INSERT INTO Servico(id, tipoServico, TipoCarga_id, quantidadeCarga, unidadeCarga, dataPedido, distancia, unidadeDistancia,Empresa_id, origem, destino, descricao)
VALUES (85, 'ECONOMICO', 5, '671', 'kilogramas', '2011-12-15 14:28', 247, 'milhas', 66, 369, 370, null);

INSERT INTO Servico(id, tipoServico, TipoCarga_id, quantidadeCarga, unidadeCarga, dataPedido, distancia, unidadeDistancia,Empresa_id, origem, destino, descricao)
VALUES (86, 'EXPRESSO', 8, '266', 'unidades', '2011-2-20 10:29', 602, 'milhas', 27, 371, 372, 'A carga será verificada por um especialista que estará no local de entrega. E somente pode ser entregue com a aprovação assinada do especialista.');

INSERT INTO Servico(id, tipoServico, TipoCarga_id, quantidadeCarga, unidadeCarga, dataPedido, distancia, unidadeDistancia,Empresa_id, origem, destino, descricao)
VALUES (87, 'EXPRESSO', 10, '274', 'cabeças', '2011-11-11 23:42', 1137, 'milhas', 97, 373, 374, null);

INSERT INTO Servico(id, tipoServico, TipoCarga_id, quantidadeCarga, unidadeCarga, dataPedido, distancia, unidadeDistancia,Empresa_id, origem, destino, descricao)
VALUES (88, 'ECONOMICO', 2, '104', 'gramas', '2011-11-29 23:20', 50, 'Km', 70, 375, 376, null);

INSERT INTO Servico(id, tipoServico, TipoCarga_id, quantidadeCarga, unidadeCarga, dataPedido, distancia, unidadeDistancia,Empresa_id, origem, destino, descricao)
VALUES (89, 'ECONOMICO', 4, '551', 'gramas', '2011-10-13 10:58', 262, 'Km', 69, 377, 378, 'A carga deve estar com gps, por toda a viagem.');

INSERT INTO Servico(id, tipoServico, TipoCarga_id, quantidadeCarga, unidadeCarga, dataPedido, distancia, unidadeDistancia,Empresa_id, origem, destino, descricao)
VALUES (90, 'EXPRESSO', 7, '993', 'kilogramas', '2011-10-16 14:46', 209, 'Km', 84, 379, 380, 'A entrega deve ser feitas em mãos e com assinatura do dono.');

INSERT INTO Servico(id, tipoServico, TipoCarga_id, quantidadeCarga, unidadeCarga, dataPedido, distancia, unidadeDistancia,Empresa_id, origem, destino, descricao)
VALUES (91, 'ECONOMICO', 9, '327', 'kilogramas', '2011-4-24 1:19', 299, 'Km', 19, 381, 382, null);

INSERT INTO Servico(id, tipoServico, TipoCarga_id, quantidadeCarga, unidadeCarga, dataPedido, distancia, unidadeDistancia,Empresa_id, origem, destino, descricao)
VALUES (92, 'ECONOMICO', 3, '954', 'unidades', '2011-11-17 10:15', 119, 'Km', 64, 383, 384, null);

INSERT INTO Servico(id, tipoServico, TipoCarga_id, quantidadeCarga, unidadeCarga, dataPedido, distancia, unidadeDistancia,Empresa_id, origem, destino, descricao)
VALUES (93, 'NORMAL', 8, '394', 'unidades', '2011-1-25 16:26', 1066, 'Km', 81, 385, 386, 'A entrega deve ser feita pela manhã.');

INSERT INTO Servico(id, tipoServico, TipoCarga_id, quantidadeCarga, unidadeCarga, dataPedido, distancia, unidadeDistancia,Empresa_id, origem, destino, descricao)
VALUES (94, 'ECONOMICO', 4, '423', 'gramas', '2011-11-18 6:42', 92, 'Km', 68, 387, 388, 'Atrasos não serão tolerados para essa entrega.');

INSERT INTO Servico(id, tipoServico, TipoCarga_id, quantidadeCarga, unidadeCarga, dataPedido, distancia, unidadeDistancia,Empresa_id, origem, destino, descricao)
VALUES (95, 'ECONOMICO', 9, '180', 'kilogramas', '2011-12-13 21:58', 420, 'Km', 44, 389, 390, 'A entrega deve ser feitas em mãos e com assinatura do dono.');

INSERT INTO Servico(id, tipoServico, TipoCarga_id, quantidadeCarga, unidadeCarga, dataPedido, distancia, unidadeDistancia,Empresa_id, origem, destino, descricao)
VALUES (96, 'EXPRESSO', 8, '896', 'gramas', '2011-3-5 0:33', 993, 'milhas', 73, 391, 392, null);

INSERT INTO Servico(id, tipoServico, TipoCarga_id, quantidadeCarga, unidadeCarga, dataPedido, distancia, unidadeDistancia,Empresa_id, origem, destino, descricao)
VALUES (97, 'EXPRESSO', 3, '663', 'gramas', '2011-12-10 5:57', 298, 'milhas', 34, 393, 394, null);

INSERT INTO Servico(id, tipoServico, TipoCarga_id, quantidadeCarga, unidadeCarga, dataPedido, distancia, unidadeDistancia,Empresa_id, origem, destino, descricao)
VALUES (98, 'ECONOMICO', 7, '171', 'gramas', '2011-6-25 6:11', 527, 'Km', 18, 395, 396, null);

INSERT INTO Servico(id, tipoServico, TipoCarga_id, quantidadeCarga, unidadeCarga, dataPedido, distancia, unidadeDistancia,Empresa_id, origem, destino, descricao)
VALUES (99, 'EXPRESSO', 6, '849', 'kilogramas', '2011-12-2 3:59', 456, 'milhas', 76, 397, 398, null);

INSERT INTO Servico(id, tipoServico, TipoCarga_id, quantidadeCarga, unidadeCarga, dataPedido, distancia, unidadeDistancia,Empresa_id, origem, destino, descricao)
VALUES (100, 'EXPRESSO', 10, '374', 'unidades', '2011-10-28 3:57', 604, 'milhas', 48, 399, 400, 'Evitar caminhos esburacados, a carga é muito sensível.');

-- Popula a tabela Transporte.

INSERT INTO Transporte(id, dataIniciou, dataTerminou, custoTransporte, quantidadeCarga, Servico_id, Motorista_id)
VALUES (1, '2012-1-27 6:35', null, 396.37, 11, 19, 72);

INSERT INTO Transporte(id, dataIniciou, dataTerminou, custoTransporte, quantidadeCarga, Servico_id, Motorista_id)
VALUES (2, '2012-10-27 13:23', '2013-9-14 21:37', 600.22, 48, 63, 63);

INSERT INTO Transporte(id, dataIniciou, dataTerminou, custoTransporte, quantidadeCarga, Servico_id, Motorista_id)
VALUES (3, '2012-6-15 6:21', '2013-3-23 17:8', 400.62, 71, 78, 15);

INSERT INTO Transporte(id, dataIniciou, dataTerminou, custoTransporte, quantidadeCarga, Servico_id, Motorista_id)
VALUES (4, '2012-12-5 17:5', '2013-1-2 20:16', 811.94, 51, 84, 57);

INSERT INTO Transporte(id, dataIniciou, dataTerminou, custoTransporte, quantidadeCarga, Servico_id, Motorista_id)
VALUES (5, '2012-4-6 17:7', null, 247.30, 30, 22, 89);

INSERT INTO Transporte(id, dataIniciou, dataTerminou, custoTransporte, quantidadeCarga, Servico_id, Motorista_id)
VALUES (6, '2012-8-4 14:38', null, 212.05, 22, 65, 25);

INSERT INTO Transporte(id, dataIniciou, dataTerminou, custoTransporte, quantidadeCarga, Servico_id, Motorista_id)
VALUES (7, '2012-11-7 23:38', null, 173.94, 31, 12, 43);

INSERT INTO Transporte(id, dataIniciou, dataTerminou, custoTransporte, quantidadeCarga, Servico_id, Motorista_id)
VALUES (8, '2012-11-21 7:29', '2013-1-3 6:3', 180.89, 90, 21, 18);

INSERT INTO Transporte(id, dataIniciou, dataTerminou, custoTransporte, quantidadeCarga, Servico_id, Motorista_id)
VALUES (9, '2012-4-27 17:26', '2013-3-23 0:1', 586.09, 80, 74, 23);

INSERT INTO Transporte(id, dataIniciou, dataTerminou, custoTransporte, quantidadeCarga, Servico_id, Motorista_id)
VALUES (10, '2012-10-11 22:15', null, 943.52, 84, 36, 66);

INSERT INTO Transporte(id, dataIniciou, dataTerminou, custoTransporte, quantidadeCarga, Servico_id, Motorista_id)
VALUES (11, '2012-10-4 9:21', null, 891.33, 10, 12, 37);

INSERT INTO Transporte(id, dataIniciou, dataTerminou, custoTransporte, quantidadeCarga, Servico_id, Motorista_id)
VALUES (12, '2012-6-14 16:50', '2013-8-23 21:3', 181.92, 12, 49, 96);

INSERT INTO Transporte(id, dataIniciou, dataTerminou, custoTransporte, quantidadeCarga, Servico_id, Motorista_id)
VALUES (13, '2012-5-17 2:29', null, 100.36, 70, 38, 10);

INSERT INTO Transporte(id, dataIniciou, dataTerminou, custoTransporte, quantidadeCarga, Servico_id, Motorista_id)
VALUES (14, '2012-9-29 19:24', null, 445.92, 20, 94, 66);

INSERT INTO Transporte(id, dataIniciou, dataTerminou, custoTransporte, quantidadeCarga, Servico_id, Motorista_id)
VALUES (15, '2012-3-9 6:15', null, 163.29, 23, 96, 50);

INSERT INTO Transporte(id, dataIniciou, dataTerminou, custoTransporte, quantidadeCarga, Servico_id, Motorista_id)
VALUES (16, '2012-2-24 12:7', null, 466.08, 86, 49, 57);

INSERT INTO Transporte(id, dataIniciou, dataTerminou, custoTransporte, quantidadeCarga, Servico_id, Motorista_id)
VALUES (17, '2012-7-21 3:59', null, 143.43, 47, 81, 19);

INSERT INTO Transporte(id, dataIniciou, dataTerminou, custoTransporte, quantidadeCarga, Servico_id, Motorista_id)
VALUES (18, '2012-5-21 3:6', null, 395.71, 14, 56, 60);

INSERT INTO Transporte(id, dataIniciou, dataTerminou, custoTransporte, quantidadeCarga, Servico_id, Motorista_id)
VALUES (19, '2012-6-14 10:55', null, 178.40, 81, 32, 8);

INSERT INTO Transporte(id, dataIniciou, dataTerminou, custoTransporte, quantidadeCarga, Servico_id, Motorista_id)
VALUES (20, '2012-1-23 23:59', '2013-9-11 21:25', 660.16, 19, 68, 9);

INSERT INTO Transporte(id, dataIniciou, dataTerminou, custoTransporte, quantidadeCarga, Servico_id, Motorista_id)
VALUES (21, '2012-1-22 16:46', null, 608.18, 36, 47, 10);

INSERT INTO Transporte(id, dataIniciou, dataTerminou, custoTransporte, quantidadeCarga, Servico_id, Motorista_id)
VALUES (22, '2012-7-4 2:35', '2013-3-13 3:35', 806.99, 18, 85, 55);

INSERT INTO Transporte(id, dataIniciou, dataTerminou, custoTransporte, quantidadeCarga, Servico_id, Motorista_id)
VALUES (23, '2012-11-21 22:13', null, 322.53, 99, 36, 28);

INSERT INTO Transporte(id, dataIniciou, dataTerminou, custoTransporte, quantidadeCarga, Servico_id, Motorista_id)
VALUES (24, '2012-6-22 7:7', null, 151.94, 52, 21, 14);

INSERT INTO Transporte(id, dataIniciou, dataTerminou, custoTransporte, quantidadeCarga, Servico_id, Motorista_id)
VALUES (25, '2012-5-21 14:39', null, 724.19, 10, 43, 74);

INSERT INTO Transporte(id, dataIniciou, dataTerminou, custoTransporte, quantidadeCarga, Servico_id, Motorista_id)
VALUES (26, '2012-5-9 1:17', null, 323.94, 54, 38, 16);

INSERT INTO Transporte(id, dataIniciou, dataTerminou, custoTransporte, quantidadeCarga, Servico_id, Motorista_id)
VALUES (27, '2012-1-8 4:15', null, 179.35, 25, 74, 74);

INSERT INTO Transporte(id, dataIniciou, dataTerminou, custoTransporte, quantidadeCarga, Servico_id, Motorista_id)
VALUES (28, '2012-12-8 18:58', null, 899.65, 21, 60, 33);

INSERT INTO Transporte(id, dataIniciou, dataTerminou, custoTransporte, quantidadeCarga, Servico_id, Motorista_id)
VALUES (29, '2012-4-6 16:46', '2013-5-5 11:28', 659.53, 37, 50, 23);

INSERT INTO Transporte(id, dataIniciou, dataTerminou, custoTransporte, quantidadeCarga, Servico_id, Motorista_id)
VALUES (30, '2012-7-7 0:21', '2013-12-6 11:2', 680.68, 69, 85, 74);

INSERT INTO Transporte(id, dataIniciou, dataTerminou, custoTransporte, quantidadeCarga, Servico_id, Motorista_id)
VALUES (31, '2012-7-2 0:1', '2013-10-5 20:19', 541.32, 59, 89, 73);

INSERT INTO Transporte(id, dataIniciou, dataTerminou, custoTransporte, quantidadeCarga, Servico_id, Motorista_id)
VALUES (32, '2012-7-18 12:48', '2013-11-11 7:4', 654.22, 94, 41, 54);

INSERT INTO Transporte(id, dataIniciou, dataTerminou, custoTransporte, quantidadeCarga, Servico_id, Motorista_id)
VALUES (33, '2012-9-12 14:34', null, 214.63, 17, 8, 38);

INSERT INTO Transporte(id, dataIniciou, dataTerminou, custoTransporte, quantidadeCarga, Servico_id, Motorista_id)
VALUES (34, '2012-12-23 23:14', null, 808.09, 87, 35, 98);

INSERT INTO Transporte(id, dataIniciou, dataTerminou, custoTransporte, quantidadeCarga, Servico_id, Motorista_id)
VALUES (35, '2012-6-10 22:56', null, 657.64, 87, 56, 66);

INSERT INTO Transporte(id, dataIniciou, dataTerminou, custoTransporte, quantidadeCarga, Servico_id, Motorista_id)
VALUES (36, '2012-6-15 23:31', null, 199.18, 13, 16, 33);

INSERT INTO Transporte(id, dataIniciou, dataTerminou, custoTransporte, quantidadeCarga, Servico_id, Motorista_id)
VALUES (37, '2012-10-17 0:1', null, 354.41, 28, 82, 82);

INSERT INTO Transporte(id, dataIniciou, dataTerminou, custoTransporte, quantidadeCarga, Servico_id, Motorista_id)
VALUES (38, '2012-2-2 8:41', null, 736.38, 18, 83, 86);

INSERT INTO Transporte(id, dataIniciou, dataTerminou, custoTransporte, quantidadeCarga, Servico_id, Motorista_id)
VALUES (39, '2012-3-15 23:38', null, 923.80, 11, 74, 58);

INSERT INTO Transporte(id, dataIniciou, dataTerminou, custoTransporte, quantidadeCarga, Servico_id, Motorista_id)
VALUES (40, '2012-5-27 5:18', null, 150.10, 27, 52, 80);

INSERT INTO Transporte(id, dataIniciou, dataTerminou, custoTransporte, quantidadeCarga, Servico_id, Motorista_id)
VALUES (41, '2012-3-10 7:3', null, 416.41, 57, 8, 86);

INSERT INTO Transporte(id, dataIniciou, dataTerminou, custoTransporte, quantidadeCarga, Servico_id, Motorista_id)
VALUES (42, '2012-9-14 15:8', '2013-5-8 2:12', 190.27, 26, 86, 90);

INSERT INTO Transporte(id, dataIniciou, dataTerminou, custoTransporte, quantidadeCarga, Servico_id, Motorista_id)
VALUES (43, '2012-3-10 17:31', '2013-2-23 0:37', 625.62, 17, 17, 78);

INSERT INTO Transporte(id, dataIniciou, dataTerminou, custoTransporte, quantidadeCarga, Servico_id, Motorista_id)
VALUES (44, '2012-8-6 21:50', '2013-6-22 20:10', 896.14, 47, 64, 91);

INSERT INTO Transporte(id, dataIniciou, dataTerminou, custoTransporte, quantidadeCarga, Servico_id, Motorista_id)
VALUES (45, '2012-2-15 19:9', null, 175.84, 39, 65, 54);

INSERT INTO Transporte(id, dataIniciou, dataTerminou, custoTransporte, quantidadeCarga, Servico_id, Motorista_id)
VALUES (46, '2012-1-3 23:53', '2013-4-5 2:3', 378.30, 89, 92, 58);

INSERT INTO Transporte(id, dataIniciou, dataTerminou, custoTransporte, quantidadeCarga, Servico_id, Motorista_id)
VALUES (47, '2012-3-19 12:27', null, 866.14, 86, 3, 55);

INSERT INTO Transporte(id, dataIniciou, dataTerminou, custoTransporte, quantidadeCarga, Servico_id, Motorista_id)
VALUES (48, '2012-6-21 1:24', '2013-12-29 6:38', 993.96, 54, 2, 100);

INSERT INTO Transporte(id, dataIniciou, dataTerminou, custoTransporte, quantidadeCarga, Servico_id, Motorista_id)
VALUES (49, '2012-12-7 9:27', '2013-4-4 19:4', 468.42, 69, 74, 67);

INSERT INTO Transporte(id, dataIniciou, dataTerminou, custoTransporte, quantidadeCarga, Servico_id, Motorista_id)
VALUES (50, '2012-8-20 3:21', '2013-7-19 19:44', 897.10, 51, 77, 75);

INSERT INTO Transporte(id, dataIniciou, dataTerminou, custoTransporte, quantidadeCarga, Servico_id, Motorista_id)
VALUES (51, '2012-5-15 15:32', '2013-8-25 15:20', 858.07, 85, 8, 61);

INSERT INTO Transporte(id, dataIniciou, dataTerminou, custoTransporte, quantidadeCarga, Servico_id, Motorista_id)
VALUES (52, '2012-4-10 19:9', null, 307.23, 42, 11, 57);

INSERT INTO Transporte(id, dataIniciou, dataTerminou, custoTransporte, quantidadeCarga, Servico_id, Motorista_id)
VALUES (53, '2012-11-25 6:41', null, 211.43, 68, 6, 27);

INSERT INTO Transporte(id, dataIniciou, dataTerminou, custoTransporte, quantidadeCarga, Servico_id, Motorista_id)
VALUES (54, '2012-5-13 6:32', null, 995.78, 89, 61, 93);

INSERT INTO Transporte(id, dataIniciou, dataTerminou, custoTransporte, quantidadeCarga, Servico_id, Motorista_id)
VALUES (55, '2012-4-19 9:30', '2013-7-14 12:18', 644.20, 93, 83, 85);

INSERT INTO Transporte(id, dataIniciou, dataTerminou, custoTransporte, quantidadeCarga, Servico_id, Motorista_id)
VALUES (56, '2012-9-12 8:46', '2013-5-18 4:13', 910.73, 87, 31, 50);

INSERT INTO Transporte(id, dataIniciou, dataTerminou, custoTransporte, quantidadeCarga, Servico_id, Motorista_id)
VALUES (57, '2012-10-12 9:38', '2013-9-3 0:50', 136.11, 42, 77, 72);

INSERT INTO Transporte(id, dataIniciou, dataTerminou, custoTransporte, quantidadeCarga, Servico_id, Motorista_id)
VALUES (58, '2012-2-15 14:30', '2013-4-24 17:26', 182.35, 61, 87, 42);

INSERT INTO Transporte(id, dataIniciou, dataTerminou, custoTransporte, quantidadeCarga, Servico_id, Motorista_id)
VALUES (59, '2012-9-16 22:50', '2013-11-6 2:31', 639.61, 58, 100, 72);

INSERT INTO Transporte(id, dataIniciou, dataTerminou, custoTransporte, quantidadeCarga, Servico_id, Motorista_id)
VALUES (60, '2012-1-21 21:30', null, 100.99, 10, 54, 92);

INSERT INTO Transporte(id, dataIniciou, dataTerminou, custoTransporte, quantidadeCarga, Servico_id, Motorista_id)
VALUES (61, '2012-10-11 3:35', '2013-1-27 12:59', 990.92, 53, 20, 90);

INSERT INTO Transporte(id, dataIniciou, dataTerminou, custoTransporte, quantidadeCarga, Servico_id, Motorista_id)
VALUES (62, '2012-1-15 18:53', null, 103.15, 63, 94, 67);

INSERT INTO Transporte(id, dataIniciou, dataTerminou, custoTransporte, quantidadeCarga, Servico_id, Motorista_id)
VALUES (63, '2012-7-22 19:27', '2013-7-4 7:22', 513.33, 84, 2, 30);

INSERT INTO Transporte(id, dataIniciou, dataTerminou, custoTransporte, quantidadeCarga, Servico_id, Motorista_id)
VALUES (64, '2012-10-21 6:59', '2013-5-13 14:15', 188.42, 35, 99, 53);

INSERT INTO Transporte(id, dataIniciou, dataTerminou, custoTransporte, quantidadeCarga, Servico_id, Motorista_id)
VALUES (65, '2012-3-4 7:47', '2013-5-6 17:27', 326.55, 47, 1, 93);

INSERT INTO Transporte(id, dataIniciou, dataTerminou, custoTransporte, quantidadeCarga, Servico_id, Motorista_id)
VALUES (66, '2012-6-9 7:47', null, 166.01, 46, 100, 55);

INSERT INTO Transporte(id, dataIniciou, dataTerminou, custoTransporte, quantidadeCarga, Servico_id, Motorista_id)
VALUES (67, '2012-12-5 20:31', '2013-7-8 6:54', 677.05, 52, 20, 10);

INSERT INTO Transporte(id, dataIniciou, dataTerminou, custoTransporte, quantidadeCarga, Servico_id, Motorista_id)
VALUES (68, '2012-10-6 10:48', '2013-2-11 14:27', 131.35, 49, 97, 38);

INSERT INTO Transporte(id, dataIniciou, dataTerminou, custoTransporte, quantidadeCarga, Servico_id, Motorista_id)
VALUES (69, '2012-11-23 10:38', null, 505.30, 74, 26, 71);

INSERT INTO Transporte(id, dataIniciou, dataTerminou, custoTransporte, quantidadeCarga, Servico_id, Motorista_id)
VALUES (70, '2012-9-13 6:32', null, 621.43, 76, 48, 29);

INSERT INTO Transporte(id, dataIniciou, dataTerminou, custoTransporte, quantidadeCarga, Servico_id, Motorista_id)
VALUES (71, '2012-9-7 6:16', '2013-7-14 23:3', 165.51, 15, 89, 93);

INSERT INTO Transporte(id, dataIniciou, dataTerminou, custoTransporte, quantidadeCarga, Servico_id, Motorista_id)
VALUES (72, '2012-5-10 20:32', null, 129.54, 88, 51, 70);

INSERT INTO Transporte(id, dataIniciou, dataTerminou, custoTransporte, quantidadeCarga, Servico_id, Motorista_id)
VALUES (73, '2012-2-11 2:54', null, 602.34, 64, 29, 55);

INSERT INTO Transporte(id, dataIniciou, dataTerminou, custoTransporte, quantidadeCarga, Servico_id, Motorista_id)
VALUES (74, '2012-11-15 10:16', null, 794.84, 44, 14, 94);

INSERT INTO Transporte(id, dataIniciou, dataTerminou, custoTransporte, quantidadeCarga, Servico_id, Motorista_id)
VALUES (75, '2012-10-14 19:54', '2013-9-16 17:47', 208.44, 28, 65, 50);

INSERT INTO Transporte(id, dataIniciou, dataTerminou, custoTransporte, quantidadeCarga, Servico_id, Motorista_id)
VALUES (76, '2012-4-5 14:36', null, 145.07, 56, 93, 73);

INSERT INTO Transporte(id, dataIniciou, dataTerminou, custoTransporte, quantidadeCarga, Servico_id, Motorista_id)
VALUES (77, '2012-11-26 0:26', '2013-10-19 6:17', 127.51, 56, 75, 34);

INSERT INTO Transporte(id, dataIniciou, dataTerminou, custoTransporte, quantidadeCarga, Servico_id, Motorista_id)
VALUES (78, '2012-12-6 2:55', null, 570.35, 81, 71, 95);

INSERT INTO Transporte(id, dataIniciou, dataTerminou, custoTransporte, quantidadeCarga, Servico_id, Motorista_id)
VALUES (79, '2012-8-4 0:49', null, 133.61, 45, 23, 48);

INSERT INTO Transporte(id, dataIniciou, dataTerminou, custoTransporte, quantidadeCarga, Servico_id, Motorista_id)
VALUES (80, '2012-8-1 8:11', null, 309.32, 12, 72, 24);

INSERT INTO Transporte(id, dataIniciou, dataTerminou, custoTransporte, quantidadeCarga, Servico_id, Motorista_id)
VALUES (81, '2012-6-7 4:49', '2013-9-27 22:58', 815.38, 88, 56, 5);

INSERT INTO Transporte(id, dataIniciou, dataTerminou, custoTransporte, quantidadeCarga, Servico_id, Motorista_id)
VALUES (82, '2012-12-6 11:56', null, 101.13, 55, 86, 68);

INSERT INTO Transporte(id, dataIniciou, dataTerminou, custoTransporte, quantidadeCarga, Servico_id, Motorista_id)
VALUES (83, '2012-9-17 1:22', null, 475.75, 76, 67, 2);

INSERT INTO Transporte(id, dataIniciou, dataTerminou, custoTransporte, quantidadeCarga, Servico_id, Motorista_id)
VALUES (84, '2012-11-8 9:42', '2013-10-1 19:0', 109.41, 91, 22, 59);

INSERT INTO Transporte(id, dataIniciou, dataTerminou, custoTransporte, quantidadeCarga, Servico_id, Motorista_id)
VALUES (85, '2012-3-18 7:56', null, 345.08, 77, 19, 48);

INSERT INTO Transporte(id, dataIniciou, dataTerminou, custoTransporte, quantidadeCarga, Servico_id, Motorista_id)
VALUES (86, '2012-5-5 21:41', '2013-7-29 7:50', 190.87, 16, 91, 15);

INSERT INTO Transporte(id, dataIniciou, dataTerminou, custoTransporte, quantidadeCarga, Servico_id, Motorista_id)
VALUES (87, '2012-6-15 20:55', '2013-1-15 4:15', 308.70, 81, 50, 49);

INSERT INTO Transporte(id, dataIniciou, dataTerminou, custoTransporte, quantidadeCarga, Servico_id, Motorista_id)
VALUES (88, '2012-7-4 5:30', null, 600.32, 92, 71, 36);

INSERT INTO Transporte(id, dataIniciou, dataTerminou, custoTransporte, quantidadeCarga, Servico_id, Motorista_id)
VALUES (89, '2012-9-13 17:41', null, 926.07, 20, 69, 10);

INSERT INTO Transporte(id, dataIniciou, dataTerminou, custoTransporte, quantidadeCarga, Servico_id, Motorista_id)
VALUES (90, '2012-4-14 14:8', '2013-1-25 4:47', 740.70, 18, 21, 73);

INSERT INTO Transporte(id, dataIniciou, dataTerminou, custoTransporte, quantidadeCarga, Servico_id, Motorista_id)
VALUES (91, '2012-10-10 17:39', '2013-6-24 7:5', 778.59, 12, 41, 20);

INSERT INTO Transporte(id, dataIniciou, dataTerminou, custoTransporte, quantidadeCarga, Servico_id, Motorista_id)
VALUES (92, '2012-3-27 0:39', '2013-11-6 0:47', 616.32, 37, 31, 66);

INSERT INTO Transporte(id, dataIniciou, dataTerminou, custoTransporte, quantidadeCarga, Servico_id, Motorista_id)
VALUES (93, '2012-8-18 23:57', '2013-8-17 2:2', 144.89, 83, 53, 36);

INSERT INTO Transporte(id, dataIniciou, dataTerminou, custoTransporte, quantidadeCarga, Servico_id, Motorista_id)
VALUES (94, '2012-7-24 19:11', null, 296.73, 79, 82, 15);

INSERT INTO Transporte(id, dataIniciou, dataTerminou, custoTransporte, quantidadeCarga, Servico_id, Motorista_id)
VALUES (95, '2012-2-21 2:56', null, 346.92, 74, 29, 100);

INSERT INTO Transporte(id, dataIniciou, dataTerminou, custoTransporte, quantidadeCarga, Servico_id, Motorista_id)
VALUES (96, '2012-10-8 9:42', '2013-12-10 5:28', 492.12, 37, 17, 76);

INSERT INTO Transporte(id, dataIniciou, dataTerminou, custoTransporte, quantidadeCarga, Servico_id, Motorista_id)
VALUES (97, '2012-6-14 1:25', '2013-7-15 10:7', 740.11, 19, 83, 14);

INSERT INTO Transporte(id, dataIniciou, dataTerminou, custoTransporte, quantidadeCarga, Servico_id, Motorista_id)
VALUES (98, '2012-12-21 17:47', null, 337.32, 96, 48, 9);

INSERT INTO Transporte(id, dataIniciou, dataTerminou, custoTransporte, quantidadeCarga, Servico_id, Motorista_id)
VALUES (99, '2012-5-24 23:49', null, 607.55, 76, 52, 88);

INSERT INTO Transporte(id, dataIniciou, dataTerminou, custoTransporte, quantidadeCarga, Servico_id, Motorista_id)
VALUES (100, '2012-9-29 3:47', null, 315.99, 53, 53, 22);

INSERT INTO Transporte(id, dataIniciou, dataTerminou, custoTransporte, quantidadeCarga, Servico_id, Motorista_id)
VALUES (101, '2012-10-26 16:48', null, 453.78, 93, 65, 24);

INSERT INTO Transporte(id, dataIniciou, dataTerminou, custoTransporte, quantidadeCarga, Servico_id, Motorista_id)
VALUES (102, '2012-3-4 13:32', null, 789.22, 85, 96, 37);

INSERT INTO Transporte(id, dataIniciou, dataTerminou, custoTransporte, quantidadeCarga, Servico_id, Motorista_id)
VALUES (103, '2012-1-24 6:44', null, 271.07, 97, 70, 80);

INSERT INTO Transporte(id, dataIniciou, dataTerminou, custoTransporte, quantidadeCarga, Servico_id, Motorista_id)
VALUES (104, '2012-11-28 20:2', '2013-7-5 17:10', 171.84, 36, 62, 39);

INSERT INTO Transporte(id, dataIniciou, dataTerminou, custoTransporte, quantidadeCarga, Servico_id, Motorista_id)
VALUES (105, '2012-4-17 23:30', null, 142.62, 23, 88, 69);

INSERT INTO Transporte(id, dataIniciou, dataTerminou, custoTransporte, quantidadeCarga, Servico_id, Motorista_id)
VALUES (106, '2012-7-10 9:55', '2013-11-23 3:59', 791.77, 29, 53, 17);

INSERT INTO Transporte(id, dataIniciou, dataTerminou, custoTransporte, quantidadeCarga, Servico_id, Motorista_id)
VALUES (107, '2012-1-22 19:58', null, 441.06, 18, 41, 47);

INSERT INTO Transporte(id, dataIniciou, dataTerminou, custoTransporte, quantidadeCarga, Servico_id, Motorista_id)
VALUES (108, '2012-2-7 21:51', '2013-5-17 21:55', 598.04, 85, 85, 22);

INSERT INTO Transporte(id, dataIniciou, dataTerminou, custoTransporte, quantidadeCarga, Servico_id, Motorista_id)
VALUES (109, '2012-11-9 2:37', '2013-1-23 10:37', 250.83, 18, 91, 93);

INSERT INTO Transporte(id, dataIniciou, dataTerminou, custoTransporte, quantidadeCarga, Servico_id, Motorista_id)
VALUES (110, '2012-9-8 22:33', '2013-11-16 20:3', 166.53, 54, 89, 32);

INSERT INTO Transporte(id, dataIniciou, dataTerminou, custoTransporte, quantidadeCarga, Servico_id, Motorista_id)
VALUES (111, '2012-8-19 7:37', '2013-1-1 19:57', 241.88, 28, 56, 6);

INSERT INTO Transporte(id, dataIniciou, dataTerminou, custoTransporte, quantidadeCarga, Servico_id, Motorista_id)
VALUES (112, '2012-11-3 8:3', null, 184.18, 56, 63, 47);

INSERT INTO Transporte(id, dataIniciou, dataTerminou, custoTransporte, quantidadeCarga, Servico_id, Motorista_id)
VALUES (113, '2012-7-23 5:7', '2013-7-24 3:25', 517.21, 11, 10, 36);

INSERT INTO Transporte(id, dataIniciou, dataTerminou, custoTransporte, quantidadeCarga, Servico_id, Motorista_id)
VALUES (114, '2012-4-2 15:26', '2013-9-12 13:11', 110.61, 78, 63, 86);

INSERT INTO Transporte(id, dataIniciou, dataTerminou, custoTransporte, quantidadeCarga, Servico_id, Motorista_id)
VALUES (115, '2012-1-25 16:24', '2013-1-1 6:7', 906.78, 68, 15, 43);

INSERT INTO Transporte(id, dataIniciou, dataTerminou, custoTransporte, quantidadeCarga, Servico_id, Motorista_id)
VALUES (116, '2012-11-1 0:53', '2013-8-6 4:33', 347.71, 52, 33, 54);

INSERT INTO Transporte(id, dataIniciou, dataTerminou, custoTransporte, quantidadeCarga, Servico_id, Motorista_id)
VALUES (117, '2012-3-24 10:35', '2013-6-12 2:23', 229.71, 19, 37, 49);

INSERT INTO Transporte(id, dataIniciou, dataTerminou, custoTransporte, quantidadeCarga, Servico_id, Motorista_id)
VALUES (118, '2012-7-25 22:39', '2013-8-23 8:58', 844.51, 87, 70, 6);

INSERT INTO Transporte(id, dataIniciou, dataTerminou, custoTransporte, quantidadeCarga, Servico_id, Motorista_id)
VALUES (119, '2012-2-12 23:9', '2013-8-14 17:7', 991.84, 98, 26, 71);

INSERT INTO Transporte(id, dataIniciou, dataTerminou, custoTransporte, quantidadeCarga, Servico_id, Motorista_id)
VALUES (120, '2012-10-14 8:51', null, 817.79, 49, 95, 44);

INSERT INTO Transporte(id, dataIniciou, dataTerminou, custoTransporte, quantidadeCarga, Servico_id, Motorista_id)
VALUES (121, '2012-8-5 21:54', null, 191.57, 48, 4, 43);

INSERT INTO Transporte(id, dataIniciou, dataTerminou, custoTransporte, quantidadeCarga, Servico_id, Motorista_id)
VALUES (122, '2012-3-2 3:18', '2013-1-18 10:35', 751.42, 19, 12, 71);

INSERT INTO Transporte(id, dataIniciou, dataTerminou, custoTransporte, quantidadeCarga, Servico_id, Motorista_id)
VALUES (123, '2012-9-5 13:42', null, 878.92, 42, 2, 4);

INSERT INTO Transporte(id, dataIniciou, dataTerminou, custoTransporte, quantidadeCarga, Servico_id, Motorista_id)
VALUES (124, '2012-9-1 11:32', '2013-8-13 4:43', 827.83, 99, 79, 69);

INSERT INTO Transporte(id, dataIniciou, dataTerminou, custoTransporte, quantidadeCarga, Servico_id, Motorista_id)
VALUES (125, '2012-1-24 18:12', '2013-11-15 15:16', 728.02, 13, 90, 42);

INSERT INTO Transporte(id, dataIniciou, dataTerminou, custoTransporte, quantidadeCarga, Servico_id, Motorista_id)
VALUES (126, '2012-3-26 13:10', null, 446.06, 39, 19, 39);

INSERT INTO Transporte(id, dataIniciou, dataTerminou, custoTransporte, quantidadeCarga, Servico_id, Motorista_id)
VALUES (127, '2012-11-29 17:17', '2013-7-19 19:15', 129.05, 57, 21, 92);

INSERT INTO Transporte(id, dataIniciou, dataTerminou, custoTransporte, quantidadeCarga, Servico_id, Motorista_id)
VALUES (128, '2012-6-11 9:20', null, 408.07, 72, 89, 84);

INSERT INTO Transporte(id, dataIniciou, dataTerminou, custoTransporte, quantidadeCarga, Servico_id, Motorista_id)
VALUES (129, '2012-12-29 0:36', '2013-2-10 15:6', 252.68, 59, 73, 56);

INSERT INTO Transporte(id, dataIniciou, dataTerminou, custoTransporte, quantidadeCarga, Servico_id, Motorista_id)
VALUES (130, '2012-11-28 13:10', '2013-4-20 18:32', 886.54, 14, 67, 35);

INSERT INTO Transporte(id, dataIniciou, dataTerminou, custoTransporte, quantidadeCarga, Servico_id, Motorista_id)
VALUES (131, '2012-10-1 9:55', '2013-12-4 23:43', 791.74, 42, 31, 79);

INSERT INTO Transporte(id, dataIniciou, dataTerminou, custoTransporte, quantidadeCarga, Servico_id, Motorista_id)
VALUES (132, '2012-4-21 6:33', '2013-12-23 15:0', 838.98, 63, 15, 11);

INSERT INTO Transporte(id, dataIniciou, dataTerminou, custoTransporte, quantidadeCarga, Servico_id, Motorista_id)
VALUES (133, '2012-3-11 10:0', null, 726.14, 18, 84, 57);

INSERT INTO Transporte(id, dataIniciou, dataTerminou, custoTransporte, quantidadeCarga, Servico_id, Motorista_id)
VALUES (134, '2012-12-1 3:47', '2013-8-16 22:40', 764.48, 38, 52, 83);

INSERT INTO Transporte(id, dataIniciou, dataTerminou, custoTransporte, quantidadeCarga, Servico_id, Motorista_id)
VALUES (135, '2012-11-5 9:29', '2013-5-6 0:36', 563.75, 42, 55, 78);

INSERT INTO Transporte(id, dataIniciou, dataTerminou, custoTransporte, quantidadeCarga, Servico_id, Motorista_id)
VALUES (136, '2012-12-15 17:45', null, 360.37, 15, 63, 65);

INSERT INTO Transporte(id, dataIniciou, dataTerminou, custoTransporte, quantidadeCarga, Servico_id, Motorista_id)
VALUES (137, '2012-2-26 13:34', '2013-11-20 5:56', 731.63, 77, 58, 73);

INSERT INTO Transporte(id, dataIniciou, dataTerminou, custoTransporte, quantidadeCarga, Servico_id, Motorista_id)
VALUES (138, '2012-5-10 18:14', null, 108.70, 13, 78, 74);

INSERT INTO Transporte(id, dataIniciou, dataTerminou, custoTransporte, quantidadeCarga, Servico_id, Motorista_id)
VALUES (139, '2012-3-9 11:36', '2013-6-1 7:6', 460.32, 17, 52, 37);

INSERT INTO Transporte(id, dataIniciou, dataTerminou, custoTransporte, quantidadeCarga, Servico_id, Motorista_id)
VALUES (140, '2012-8-27 14:14', '2013-11-15 1:57', 691.25, 20, 77, 99);

INSERT INTO Transporte(id, dataIniciou, dataTerminou, custoTransporte, quantidadeCarga, Servico_id, Motorista_id)
VALUES (141, '2012-12-23 1:0', '2013-2-9 20:4', 467.67, 94, 30, 53);

INSERT INTO Transporte(id, dataIniciou, dataTerminou, custoTransporte, quantidadeCarga, Servico_id, Motorista_id)
VALUES (142, '2012-8-12 21:30', '2013-5-11 21:23', 359.01, 16, 62, 80);

INSERT INTO Transporte(id, dataIniciou, dataTerminou, custoTransporte, quantidadeCarga, Servico_id, Motorista_id)
VALUES (143, '2012-2-3 15:4', '2013-5-7 8:8', 178.15, 78, 10, 99);

INSERT INTO Transporte(id, dataIniciou, dataTerminou, custoTransporte, quantidadeCarga, Servico_id, Motorista_id)
VALUES (144, '2012-3-28 6:32', null, 242.57, 50, 27, 32);

INSERT INTO Transporte(id, dataIniciou, dataTerminou, custoTransporte, quantidadeCarga, Servico_id, Motorista_id)
VALUES (145, '2012-1-28 5:44', '2013-12-19 11:1', 827.02, 84, 32, 17);

INSERT INTO Transporte(id, dataIniciou, dataTerminou, custoTransporte, quantidadeCarga, Servico_id, Motorista_id)
VALUES (146, '2012-1-2 11:33', null, 916.19, 39, 68, 2);

INSERT INTO Transporte(id, dataIniciou, dataTerminou, custoTransporte, quantidadeCarga, Servico_id, Motorista_id)
VALUES (147, '2012-7-9 23:29', '2013-2-11 3:53', 950.66, 17, 99, 18);

INSERT INTO Transporte(id, dataIniciou, dataTerminou, custoTransporte, quantidadeCarga, Servico_id, Motorista_id)
VALUES (148, '2012-11-12 19:42', '2013-7-19 16:22', 447.55, 43, 22, 50);

INSERT INTO Transporte(id, dataIniciou, dataTerminou, custoTransporte, quantidadeCarga, Servico_id, Motorista_id)
VALUES (149, '2012-3-1 7:1', '2013-11-16 0:44', 199.83, 17, 29, 65);

INSERT INTO Transporte(id, dataIniciou, dataTerminou, custoTransporte, quantidadeCarga, Servico_id, Motorista_id)
VALUES (150, '2012-3-17 16:15', null, 239.88, 18, 48, 17);

INSERT INTO Transporte(id, dataIniciou, dataTerminou, custoTransporte, quantidadeCarga, Servico_id, Motorista_id)
VALUES (151, '2012-9-29 6:16', null, 156.47, 15, 8, 62);

INSERT INTO Transporte(id, dataIniciou, dataTerminou, custoTransporte, quantidadeCarga, Servico_id, Motorista_id)
VALUES (152, '2012-4-12 23:21', null, 227.80, 46, 71, 44);

INSERT INTO Transporte(id, dataIniciou, dataTerminou, custoTransporte, quantidadeCarga, Servico_id, Motorista_id)
VALUES (153, '2012-8-21 16:31', null, 842.52, 12, 26, 76);

INSERT INTO Transporte(id, dataIniciou, dataTerminou, custoTransporte, quantidadeCarga, Servico_id, Motorista_id)
VALUES (154, '2012-12-3 5:1', '2013-6-26 12:25', 390.11, 37, 69, 87);

INSERT INTO Transporte(id, dataIniciou, dataTerminou, custoTransporte, quantidadeCarga, Servico_id, Motorista_id)
VALUES (155, '2012-10-15 7:13', null, 958.77, 22, 86, 25);

INSERT INTO Transporte(id, dataIniciou, dataTerminou, custoTransporte, quantidadeCarga, Servico_id, Motorista_id)
VALUES (156, '2012-12-13 4:10', null, 810.63, 89, 57, 35);

INSERT INTO Transporte(id, dataIniciou, dataTerminou, custoTransporte, quantidadeCarga, Servico_id, Motorista_id)
VALUES (157, '2012-10-16 3:10', null, 959.90, 87, 39, 64);

INSERT INTO Transporte(id, dataIniciou, dataTerminou, custoTransporte, quantidadeCarga, Servico_id, Motorista_id)
VALUES (158, '2012-4-10 2:18', '2013-8-3 6:7', 932.83, 55, 98, 78);

INSERT INTO Transporte(id, dataIniciou, dataTerminou, custoTransporte, quantidadeCarga, Servico_id, Motorista_id)
VALUES (159, '2012-7-11 21:6', null, 123.06, 92, 77, 49);

INSERT INTO Transporte(id, dataIniciou, dataTerminou, custoTransporte, quantidadeCarga, Servico_id, Motorista_id)
VALUES (160, '2012-10-27 14:0', '2013-7-28 23:49', 918.68, 17, 12, 5);

INSERT INTO Transporte(id, dataIniciou, dataTerminou, custoTransporte, quantidadeCarga, Servico_id, Motorista_id)
VALUES (161, '2012-2-25 22:33', '2013-4-4 19:9', 461.51, 52, 93, 53);

INSERT INTO Transporte(id, dataIniciou, dataTerminou, custoTransporte, quantidadeCarga, Servico_id, Motorista_id)
VALUES (162, '2012-1-20 23:21', null, 639.62, 75, 17, 17);

INSERT INTO Transporte(id, dataIniciou, dataTerminou, custoTransporte, quantidadeCarga, Servico_id, Motorista_id)
VALUES (163, '2012-10-21 20:43', null, 987.66, 58, 59, 42);

INSERT INTO Transporte(id, dataIniciou, dataTerminou, custoTransporte, quantidadeCarga, Servico_id, Motorista_id)
VALUES (164, '2012-9-17 9:41', '2013-6-9 5:12', 816.95, 10, 14, 70);

INSERT INTO Transporte(id, dataIniciou, dataTerminou, custoTransporte, quantidadeCarga, Servico_id, Motorista_id)
VALUES (165, '2012-8-29 21:5', null, 145.97, 29, 45, 13);

INSERT INTO Transporte(id, dataIniciou, dataTerminou, custoTransporte, quantidadeCarga, Servico_id, Motorista_id)
VALUES (166, '2012-7-26 4:49', null, 329.78, 60, 22, 66);

INSERT INTO Transporte(id, dataIniciou, dataTerminou, custoTransporte, quantidadeCarga, Servico_id, Motorista_id)
VALUES (167, '2012-3-13 22:29', null, 467.41, 16, 62, 100);

INSERT INTO Transporte(id, dataIniciou, dataTerminou, custoTransporte, quantidadeCarga, Servico_id, Motorista_id)
VALUES (168, '2012-12-1 21:8', '2013-11-9 4:59', 161.59, 62, 73, 3);

INSERT INTO Transporte(id, dataIniciou, dataTerminou, custoTransporte, quantidadeCarga, Servico_id, Motorista_id)
VALUES (169, '2012-2-28 16:7', '2013-12-7 15:28', 718.14, 54, 89, 46);

INSERT INTO Transporte(id, dataIniciou, dataTerminou, custoTransporte, quantidadeCarga, Servico_id, Motorista_id)
VALUES (170, '2012-6-18 10:0', '2013-12-7 13:1', 148.36, 92, 19, 9);

INSERT INTO Transporte(id, dataIniciou, dataTerminou, custoTransporte, quantidadeCarga, Servico_id, Motorista_id)
VALUES (171, '2012-5-28 18:41', null, 677.53, 29, 49, 55);

INSERT INTO Transporte(id, dataIniciou, dataTerminou, custoTransporte, quantidadeCarga, Servico_id, Motorista_id)
VALUES (172, '2012-6-6 16:41', null, 281.27, 87, 72, 61);

INSERT INTO Transporte(id, dataIniciou, dataTerminou, custoTransporte, quantidadeCarga, Servico_id, Motorista_id)
VALUES (173, '2012-12-2 9:24', null, 128.50, 15, 6, 78);

INSERT INTO Transporte(id, dataIniciou, dataTerminou, custoTransporte, quantidadeCarga, Servico_id, Motorista_id)
VALUES (174, '2012-12-6 21:32', null, 133.54, 25, 28, 1);

INSERT INTO Transporte(id, dataIniciou, dataTerminou, custoTransporte, quantidadeCarga, Servico_id, Motorista_id)
VALUES (175, '2012-9-23 3:54', '2013-5-25 11:43', 402.37, 85, 21, 97);

INSERT INTO Transporte(id, dataIniciou, dataTerminou, custoTransporte, quantidadeCarga, Servico_id, Motorista_id)
VALUES (176, '2012-6-3 4:28', null, 174.62, 73, 66, 95);

INSERT INTO Transporte(id, dataIniciou, dataTerminou, custoTransporte, quantidadeCarga, Servico_id, Motorista_id)
VALUES (177, '2012-8-6 13:34', '2013-10-19 2:5', 189.63, 43, 83, 49);

INSERT INTO Transporte(id, dataIniciou, dataTerminou, custoTransporte, quantidadeCarga, Servico_id, Motorista_id)
VALUES (178, '2012-6-12 13:29', '2013-2-16 8:16', 830.55, 22, 44, 21);

INSERT INTO Transporte(id, dataIniciou, dataTerminou, custoTransporte, quantidadeCarga, Servico_id, Motorista_id)
VALUES (179, '2012-6-9 18:52', null, 261.10, 14, 36, 46);

INSERT INTO Transporte(id, dataIniciou, dataTerminou, custoTransporte, quantidadeCarga, Servico_id, Motorista_id)
VALUES (180, '2012-10-27 12:39', '2013-11-18 6:11', 866.20, 97, 5, 11);

INSERT INTO Transporte(id, dataIniciou, dataTerminou, custoTransporte, quantidadeCarga, Servico_id, Motorista_id)
VALUES (181, '2012-6-27 12:3', '2013-11-20 6:55', 418.49, 95, 10, 38);

INSERT INTO Transporte(id, dataIniciou, dataTerminou, custoTransporte, quantidadeCarga, Servico_id, Motorista_id)
VALUES (182, '2012-12-15 23:56', '2013-4-5 16:50', 809.89, 40, 18, 59);

INSERT INTO Transporte(id, dataIniciou, dataTerminou, custoTransporte, quantidadeCarga, Servico_id, Motorista_id)
VALUES (183, '2012-6-10 3:58', '2013-12-25 5:15', 548.59, 96, 92, 76);

INSERT INTO Transporte(id, dataIniciou, dataTerminou, custoTransporte, quantidadeCarga, Servico_id, Motorista_id)
VALUES (184, '2012-8-17 20:20', '2013-2-15 17:23', 528.19, 56, 10, 9);

INSERT INTO Transporte(id, dataIniciou, dataTerminou, custoTransporte, quantidadeCarga, Servico_id, Motorista_id)
VALUES (185, '2012-5-28 23:16', '2013-5-22 3:6', 471.14, 89, 28, 40);

INSERT INTO Transporte(id, dataIniciou, dataTerminou, custoTransporte, quantidadeCarga, Servico_id, Motorista_id)
VALUES (186, '2012-5-15 21:51', '2013-7-15 16:32', 197.55, 93, 96, 77);

INSERT INTO Transporte(id, dataIniciou, dataTerminou, custoTransporte, quantidadeCarga, Servico_id, Motorista_id)
VALUES (187, '2012-1-7 18:9', '2013-10-3 5:32', 473.96, 98, 32, 49);

INSERT INTO Transporte(id, dataIniciou, dataTerminou, custoTransporte, quantidadeCarga, Servico_id, Motorista_id)
VALUES (188, '2012-5-28 22:49', null, 371.92, 54, 87, 26);

INSERT INTO Transporte(id, dataIniciou, dataTerminou, custoTransporte, quantidadeCarga, Servico_id, Motorista_id)
VALUES (189, '2012-12-17 11:54', '2013-7-22 16:31', 252.57, 46, 51, 69);

INSERT INTO Transporte(id, dataIniciou, dataTerminou, custoTransporte, quantidadeCarga, Servico_id, Motorista_id)
VALUES (190, '2012-11-29 17:42', null, 155.97, 59, 40, 25);

INSERT INTO Transporte(id, dataIniciou, dataTerminou, custoTransporte, quantidadeCarga, Servico_id, Motorista_id)
VALUES (191, '2012-6-4 6:6', '2013-2-2 9:22', 272.76, 50, 71, 4);

INSERT INTO Transporte(id, dataIniciou, dataTerminou, custoTransporte, quantidadeCarga, Servico_id, Motorista_id)
VALUES (192, '2012-3-4 3:10', '2013-7-11 7:37', 864.26, 20, 39, 31);

INSERT INTO Transporte(id, dataIniciou, dataTerminou, custoTransporte, quantidadeCarga, Servico_id, Motorista_id)
VALUES (193, '2012-7-24 6:43', '2013-10-18 10:58', 537.26, 74, 81, 18);

INSERT INTO Transporte(id, dataIniciou, dataTerminou, custoTransporte, quantidadeCarga, Servico_id, Motorista_id)
VALUES (194, '2012-11-15 16:34', '2013-5-14 10:26', 111.21, 92, 75, 82);

INSERT INTO Transporte(id, dataIniciou, dataTerminou, custoTransporte, quantidadeCarga, Servico_id, Motorista_id)
VALUES (195, '2012-11-11 1:37', null, 145.47, 38, 55, 60);

INSERT INTO Transporte(id, dataIniciou, dataTerminou, custoTransporte, quantidadeCarga, Servico_id, Motorista_id)
VALUES (196, '2012-3-26 23:22', '2013-1-25 1:48', 460.85, 16, 92, 67);

INSERT INTO Transporte(id, dataIniciou, dataTerminou, custoTransporte, quantidadeCarga, Servico_id, Motorista_id)
VALUES (197, '2012-10-28 5:13', null, 343.80, 77, 19, 95);

INSERT INTO Transporte(id, dataIniciou, dataTerminou, custoTransporte, quantidadeCarga, Servico_id, Motorista_id)
VALUES (198, '2012-3-7 3:42', null, 594.65, 81, 68, 8);

INSERT INTO Transporte(id, dataIniciou, dataTerminou, custoTransporte, quantidadeCarga, Servico_id, Motorista_id)
VALUES (199, '2012-8-27 22:55', '2013-10-18 12:11', 308.04, 21, 69, 77);

INSERT INTO Transporte(id, dataIniciou, dataTerminou, custoTransporte, quantidadeCarga, Servico_id, Motorista_id)
VALUES (200, '2012-7-28 19:59', null, 414.91, 14, 21, 14);

-- Popula a tabela Acidente.

INSERT INTO Acidente(id, descricao, Transporte_id)
VALUES (1, 'O veículo entrou no meio de um fogo cruzado entre gangues.', 141);

INSERT INTO Acidente(id, descricao, Transporte_id)
VALUES (2, 'A carga entrou em combustão espontânea. Apenas foi possível salvar 50% da carga', 171);

INSERT INTO Acidente(id, descricao, Transporte_id)
VALUES (3, 'O veículo entrou no meio de um fogo cruzado entre gangues.', 98);

INSERT INTO Acidente(id, descricao, Transporte_id)
VALUES (4, 'A carga entrou em combustão espontânea. Apenas foi possível salvar 50% da carga', 157);

INSERT INTO Acidente(id, descricao, Transporte_id)
VALUES (5, 'Um transformer se apaixonou pelo veículo, e interronpeu o caminho para ficar cantando o veículo', 193);

INSERT INTO Acidente(id, descricao, Transporte_id)
VALUES (6, 'Houve um tsunami no local de entrega', 45);

INSERT INTO Acidente(id, descricao, Transporte_id)
VALUES (7, 'Atropelamento de um Chocobo.', 91);

INSERT INTO Acidente(id, descricao, Transporte_id)
VALUES (8, 'Uma manada de elefantes saiu atropelando tudo o que tinha no caminho. Felizmente os motoristas sobreviveram, mas o veículo e a carga se encontram em péssimo estado.', 25);

INSERT INTO Acidente(id, descricao, Transporte_id)
VALUES (9, 'Um meteoro pegou de raspão no veículo.', 33);

INSERT INTO Acidente(id, descricao, Transporte_id)
VALUES (10, 'Um prédio caiu no meio da estrada, bloqueando as estradas num raio de 50 metros.', 69);

INSERT INTO Acidente(id, descricao, Transporte_id)
VALUES (11, 'Atropelamento de um Chocobo.', 140);

INSERT INTO Acidente(id, descricao, Transporte_id)
VALUES (12, 'Uma manada de elefantes saiu atropelando tudo o que tinha no caminho. Felizmente os motoristas sobreviveram, mas o veículo e a carga se encontram em péssimo estado.', 119);

INSERT INTO Acidente(id, descricao, Transporte_id)
VALUES (13, 'Colisão com um carro esporte.', 33);

INSERT INTO Acidente(id, descricao, Transporte_id)
VALUES (14, 'Um transformer se apaixonou pelo veículo, e interronpeu o caminho para ficar cantando o veículo', 164);

INSERT INTO Acidente(id, descricao, Transporte_id)
VALUES (15, 'Colisão com um carro esporte.', 112);

INSERT INTO Acidente(id, descricao, Transporte_id)
VALUES (16, 'A carga entrou em combustão espontânea. Apenas foi possível salvar 50% da carga', 91);

INSERT INTO Acidente(id, descricao, Transporte_id)
VALUES (17, 'Atropelamento de um político.', 130);

INSERT INTO Acidente(id, descricao, Transporte_id)
VALUES (18, 'A carga entrou em combustão espontânea. Apenas foi possível salvar 50% da carga', 30);

INSERT INTO Acidente(id, descricao, Transporte_id)
VALUES (19, 'Atropelamento de um Chocobo.', 42);

INSERT INTO Acidente(id, descricao, Transporte_id)
VALUES (20, 'Atropelamento de um Chocobo.', 140);

INSERT INTO Acidente(id, descricao, Transporte_id)
VALUES (21, 'O veículo entrou no meio de um fogo cruzado entre gangues.', 90);

INSERT INTO Acidente(id, descricao, Transporte_id)
VALUES (22, 'Um prédio caiu no meio da estrada, bloqueando as estradas num raio de 50 metros.', 126);

INSERT INTO Acidente(id, descricao, Transporte_id)
VALUES (23, 'Houve um tsunami no local de entrega', 127);

INSERT INTO Acidente(id, descricao, Transporte_id)
VALUES (24, 'A carga entrou em combustão espontânea. Apenas foi possível salvar 50% da carga', 49);

INSERT INTO Acidente(id, descricao, Transporte_id)
VALUES (25, 'O veículo entrou no meio de um fogo cruzado entre gangues.', 190);

INSERT INTO Acidente(id, descricao, Transporte_id)
VALUES (26, '80% da carga foi roubada em um semáforo fechado.', 179);

INSERT INTO Acidente(id, descricao, Transporte_id)
VALUES (27, 'Um prédio caiu no meio da estrada, bloqueando as estradas num raio de 50 metros.', 17);

INSERT INTO Acidente(id, descricao, Transporte_id)
VALUES (28, 'Colisão com um carro esporte.', 68);

INSERT INTO Acidente(id, descricao, Transporte_id)
VALUES (29, 'Atropelamento de um político.', 50);

INSERT INTO Acidente(id, descricao, Transporte_id)
VALUES (30, 'Colisão com um carro esporte.', 152);

INSERT INTO Acidente(id, descricao, Transporte_id)
VALUES (31, 'Uma manada de elefantes saiu atropelando tudo o que tinha no caminho. Felizmente os motoristas sobreviveram, mas o veículo e a carga se encontram em péssimo estado.', 155);

INSERT INTO Acidente(id, descricao, Transporte_id)
VALUES (32, 'Atropelamento de um Chocobo.', 194);

INSERT INTO Acidente(id, descricao, Transporte_id)
VALUES (33, 'Um meteoro pegou de raspão no veículo.', 173);

INSERT INTO Acidente(id, descricao, Transporte_id)
VALUES (34, 'Colisão com um carro esporte.', 44);

INSERT INTO Acidente(id, descricao, Transporte_id)
VALUES (35, 'Colisão com um carro esporte.', 190);

INSERT INTO Acidente(id, descricao, Transporte_id)
VALUES (36, 'Um prédio caiu no meio da estrada, bloqueando as estradas num raio de 50 metros.', 108);

INSERT INTO Acidente(id, descricao, Transporte_id)
VALUES (37, 'Uma manada de elefantes saiu atropelando tudo o que tinha no caminho. Felizmente os motoristas sobreviveram, mas o veículo e a carga se encontram em péssimo estado.', 39);

INSERT INTO Acidente(id, descricao, Transporte_id)
VALUES (38, '80% da carga foi roubada em um semáforo fechado.', 134);

INSERT INTO Acidente(id, descricao, Transporte_id)
VALUES (39, 'Um prédio caiu no meio da estrada, bloqueando as estradas num raio de 50 metros.', 14);

INSERT INTO Acidente(id, descricao, Transporte_id)
VALUES (40, 'O veículo entrou no meio de um fogo cruzado entre gangues.', 156);

INSERT INTO Acidente(id, descricao, Transporte_id)
VALUES (41, 'O veículo entrou no meio de um fogo cruzado entre gangues.', 173);

INSERT INTO Acidente(id, descricao, Transporte_id)
VALUES (42, 'Colisão com um carro esporte.', 8);

INSERT INTO Acidente(id, descricao, Transporte_id)
VALUES (43, 'Um prédio caiu no meio da estrada, bloqueando as estradas num raio de 50 metros.', 2);

INSERT INTO Acidente(id, descricao, Transporte_id)
VALUES (44, 'Um meteoro pegou de raspão no veículo.', 64);

INSERT INTO Acidente(id, descricao, Transporte_id)
VALUES (45, 'A carga entrou em combustão espontânea. Apenas foi possível salvar 50% da carga', 188);

INSERT INTO Acidente(id, descricao, Transporte_id)
VALUES (46, '80% da carga foi roubada em um semáforo fechado.', 96);

INSERT INTO Acidente(id, descricao, Transporte_id)
VALUES (47, '80% da carga foi roubada em um semáforo fechado.', 134);

INSERT INTO Acidente(id, descricao, Transporte_id)
VALUES (48, 'O veículo entrou no meio de um fogo cruzado entre gangues.', 92);

INSERT INTO Acidente(id, descricao, Transporte_id)
VALUES (49, 'A carga entrou em combustão espontânea. Apenas foi possível salvar 50% da carga', 16);

INSERT INTO Acidente(id, descricao, Transporte_id)
VALUES (50, 'Colisão com um carro esporte.', 140);

INSERT INTO Acidente(id, descricao, Transporte_id)
VALUES (51, '80% da carga foi roubada em um semáforo fechado.', 10);

INSERT INTO Acidente(id, descricao, Transporte_id)
VALUES (52, 'A carga entrou em combustão espontânea. Apenas foi possível salvar 50% da carga', 176);

INSERT INTO Acidente(id, descricao, Transporte_id)
VALUES (53, 'Colisão com um carro esporte.', 41);

INSERT INTO Acidente(id, descricao, Transporte_id)
VALUES (54, 'Uma manada de elefantes saiu atropelando tudo o que tinha no caminho. Felizmente os motoristas sobreviveram, mas o veículo e a carga se encontram em péssimo estado.', 34);

INSERT INTO Acidente(id, descricao, Transporte_id)
VALUES (55, 'A carga entrou em combustão espontânea. Apenas foi possível salvar 50% da carga', 177);

INSERT INTO Acidente(id, descricao, Transporte_id)
VALUES (56, 'Atropelamento de um Chocobo.', 27);

INSERT INTO Acidente(id, descricao, Transporte_id)
VALUES (57, 'O veículo entrou no meio de um fogo cruzado entre gangues.', 140);

INSERT INTO Acidente(id, descricao, Transporte_id)
VALUES (58, 'Um prédio caiu no meio da estrada, bloqueando as estradas num raio de 50 metros.', 170);

INSERT INTO Acidente(id, descricao, Transporte_id)
VALUES (59, '80% da carga foi roubada em um semáforo fechado.', 60);

INSERT INTO Acidente(id, descricao, Transporte_id)
VALUES (60, 'Colisão com um carro esporte.', 107);

INSERT INTO Acidente(id, descricao, Transporte_id)
VALUES (61, 'A carga entrou em combustão espontânea. Apenas foi possível salvar 50% da carga', 11);

INSERT INTO Acidente(id, descricao, Transporte_id)
VALUES (62, 'Um prédio caiu no meio da estrada, bloqueando as estradas num raio de 50 metros.', 74);

INSERT INTO Acidente(id, descricao, Transporte_id)
VALUES (63, '80% da carga foi roubada em um semáforo fechado.', 46);

INSERT INTO Acidente(id, descricao, Transporte_id)
VALUES (64, 'Um meteoro pegou de raspão no veículo.', 170);

INSERT INTO Acidente(id, descricao, Transporte_id)
VALUES (65, 'A carga entrou em combustão espontânea. Apenas foi possível salvar 50% da carga', 66);

INSERT INTO Acidente(id, descricao, Transporte_id)
VALUES (66, 'Atropelamento de um Chocobo.', 186);

INSERT INTO Acidente(id, descricao, Transporte_id)
VALUES (67, 'O veículo entrou no meio de um fogo cruzado entre gangues.', 91);

INSERT INTO Acidente(id, descricao, Transporte_id)
VALUES (68, 'Um meteoro pegou de raspão no veículo.', 35);

INSERT INTO Acidente(id, descricao, Transporte_id)
VALUES (69, 'Houve um tsunami no local de entrega', 162);

INSERT INTO Acidente(id, descricao, Transporte_id)
VALUES (70, 'Atropelamento de um político.', 151);

INSERT INTO Acidente(id, descricao, Transporte_id)
VALUES (71, 'Um prédio caiu no meio da estrada, bloqueando as estradas num raio de 50 metros.', 141);

INSERT INTO Acidente(id, descricao, Transporte_id)
VALUES (72, 'Houve um tsunami no local de entrega', 162);

INSERT INTO Acidente(id, descricao, Transporte_id)
VALUES (73, 'Um transformer se apaixonou pelo veículo, e interronpeu o caminho para ficar cantando o veículo', 48);

INSERT INTO Acidente(id, descricao, Transporte_id)
VALUES (74, 'Atropelamento de um Chocobo.', 114);

INSERT INTO Acidente(id, descricao, Transporte_id)
VALUES (75, '80% da carga foi roubada em um semáforo fechado.', 124);

INSERT INTO Acidente(id, descricao, Transporte_id)
VALUES (76, 'Atropelamento de um Chocobo.', 113);

INSERT INTO Acidente(id, descricao, Transporte_id)
VALUES (77, 'Colisão com um carro esporte.', 200);

INSERT INTO Acidente(id, descricao, Transporte_id)
VALUES (78, '80% da carga foi roubada em um semáforo fechado.', 100);

INSERT INTO Acidente(id, descricao, Transporte_id)
VALUES (79, '80% da carga foi roubada em um semáforo fechado.', 125);

INSERT INTO Acidente(id, descricao, Transporte_id)
VALUES (80, 'Colisão com um carro esporte.', 156);

INSERT INTO Acidente(id, descricao, Transporte_id)
VALUES (81, 'Um transformer se apaixonou pelo veículo, e interronpeu o caminho para ficar cantando o veículo', 164);

INSERT INTO Acidente(id, descricao, Transporte_id)
VALUES (82, 'Colisão com um carro esporte.', 34);

INSERT INTO Acidente(id, descricao, Transporte_id)
VALUES (83, 'Um transformer se apaixonou pelo veículo, e interronpeu o caminho para ficar cantando o veículo', 152);

INSERT INTO Acidente(id, descricao, Transporte_id)
VALUES (84, 'Houve um tsunami no local de entrega', 26);

INSERT INTO Acidente(id, descricao, Transporte_id)
VALUES (85, '80% da carga foi roubada em um semáforo fechado.', 167);

INSERT INTO Acidente(id, descricao, Transporte_id)
VALUES (86, '80% da carga foi roubada em um semáforo fechado.', 40);

INSERT INTO Acidente(id, descricao, Transporte_id)
VALUES (87, 'Uma manada de elefantes saiu atropelando tudo o que tinha no caminho. Felizmente os motoristas sobreviveram, mas o veículo e a carga se encontram em péssimo estado.', 184);

INSERT INTO Acidente(id, descricao, Transporte_id)
VALUES (88, 'Houve um tsunami no local de entrega', 60);

INSERT INTO Acidente(id, descricao, Transporte_id)
VALUES (89, '80% da carga foi roubada em um semáforo fechado.', 9);

INSERT INTO Acidente(id, descricao, Transporte_id)
VALUES (90, 'Atropelamento de um político.', 125);

INSERT INTO Acidente(id, descricao, Transporte_id)
VALUES (91, 'Um transformer se apaixonou pelo veículo, e interronpeu o caminho para ficar cantando o veículo', 198);

INSERT INTO Acidente(id, descricao, Transporte_id)
VALUES (92, 'A carga entrou em combustão espontânea. Apenas foi possível salvar 50% da carga', 45);

INSERT INTO Acidente(id, descricao, Transporte_id)
VALUES (93, 'Atropelamento de um político.', 11);

INSERT INTO Acidente(id, descricao, Transporte_id)
VALUES (94, 'O veículo entrou no meio de um fogo cruzado entre gangues.', 71);

INSERT INTO Acidente(id, descricao, Transporte_id)
VALUES (95, '80% da carga foi roubada em um semáforo fechado.', 136);

INSERT INTO Acidente(id, descricao, Transporte_id)
VALUES (96, 'Um prédio caiu no meio da estrada, bloqueando as estradas num raio de 50 metros.', 68);

INSERT INTO Acidente(id, descricao, Transporte_id)
VALUES (97, 'Uma manada de elefantes saiu atropelando tudo o que tinha no caminho. Felizmente os motoristas sobreviveram, mas o veículo e a carga se encontram em péssimo estado.', 14);

INSERT INTO Acidente(id, descricao, Transporte_id)
VALUES (98, 'Um meteoro pegou de raspão no veículo.', 123);

INSERT INTO Acidente(id, descricao, Transporte_id)
VALUES (99, 'A carga entrou em combustão espontânea. Apenas foi possível salvar 50% da carga', 96);

INSERT INTO Acidente(id, descricao, Transporte_id)
VALUES (100, '80% da carga foi roubada em um semáforo fechado.', 193);


