-- Popula a tabela TipoCarga
-- Abaixo estão listados 10 tipos.

INSERT INTO TipoCarga(id, nome)
VALUES (1, 'Madeira');

INSERT INTO TipoCarga(id, nome)
VALUES (2, 'Eletrônicos');

INSERT INTO TipoCarga(id, nome)
VALUES (3, 'Químicos');

INSERT INTO TipoCarga(id, nome)
VALUES (4, 'Animais Terrestres');

INSERT INTO TipoCarga(id, nome)
VALUES (5, 'Animais Aquáticos');

INSERT INTO TipoCarga(id, nome)
VALUES (6, 'Pneus');

INSERT INTO TipoCarga(id, nome)
VALUES (7, 'Carros');

INSERT INTO TipoCarga(id, nome)
VALUES (8, 'Máquinas');

INSERT INTO TipoCarga(id, nome)
VALUES (9, 'Alimentos');

INSERT INTO TipoCarga(id, nome)
VALUES (10, 'Mobília');

INSERT INTO veiculo(id, placa, modelo)
VALUES (1, 'HMZ-2751', 'Mercedes Accelo 815');

INSERT INTO veiculo(id, placa, modelo)
VALUES (2, 'VJB-2752', 'Volvo VM 260');

INSERT INTO veiculo(id, placa, modelo)
VALUES (3, 'SIU-2753', 'Volvo VM 260');

INSERT INTO veiculo(id, placa, modelo)
VALUES (4, 'SBP-2754', 'Scania R440');

INSERT INTO veiculo(id, placa, modelo)
VALUES (5, 'RTM-2755', 'Volvo VM 260');

INSERT INTO veiculo(id, placa, modelo)
VALUES (6, 'QKC-2756', 'Volvo VM 260');

INSERT INTO veiculo(id, placa, modelo)
VALUES (7, 'OSE-2757', 'Volks 9150');

INSERT INTO veiculo(id, placa, modelo)
VALUES (8, 'RXL-2758', 'Volvo FH 460');

INSERT INTO veiculo(id, placa, modelo)
VALUES (9, 'XCC-2759', 'Volks 8150');

INSERT INTO veiculo(id, placa, modelo)
VALUES (10, 'RNH-2760', 'Mercedes 710');

INSERT INTO veiculo(id, placa, modelo)
VALUES (11, 'BVC-2761', 'Volvo FH 460');

INSERT INTO veiculo(id, placa, modelo)
VALUES (12, 'XSS-2762', 'Volks 24250');

INSERT INTO veiculo(id, placa, modelo)
VALUES (13, 'AIV-2763', 'Mercedes Accelo 815');

INSERT INTO veiculo(id, placa, modelo)
VALUES (14, 'SOH-2764', 'Volvo VM 260');

INSERT INTO veiculo(id, placa, modelo)
VALUES (15, 'SSW-2765', 'Volvo VM 260');

INSERT INTO veiculo(id, placa, modelo)
VALUES (16, 'APS-2766', 'Mercedes Accelo 815');

INSERT INTO veiculo(id, placa, modelo)
VALUES (17, 'QTW-2767', 'Mercedes Atego 2425');

INSERT INTO veiculo(id, placa, modelo)
VALUES (18, 'UIK-2768', 'Mercedes Accelo 815');

INSERT INTO veiculo(id, placa, modelo)
VALUES (19, 'VJE-2769', 'Volks 13180');

INSERT INTO veiculo(id, placa, modelo)
VALUES (20, 'UAC-2770', 'Scania R440');

INSERT INTO veiculo(id, placa, modelo)
VALUES (21, 'XMF-2771', 'Volks 9150');

INSERT INTO veiculo(id, placa, modelo)
VALUES (22, 'IXF-2772', 'Volks 24250');

INSERT INTO veiculo(id, placa, modelo)
VALUES (23, 'BAO-2773', 'Mercedes 710');

INSERT INTO veiculo(id, placa, modelo)
VALUES (24, 'SFK-2774', 'Volks 9150');

INSERT INTO veiculo(id, placa, modelo)
VALUES (25, 'OWK-2775', 'Volks 8150');

INSERT INTO veiculo(id, placa, modelo)
VALUES (26, 'XUV-2776', 'Mercedes Accelo 815');

INSERT INTO veiculo(id, placa, modelo)
VALUES (27, 'SGV-2777', 'Mercedes 710');

INSERT INTO veiculo(id, placa, modelo)
VALUES (28, 'ANX-2778', 'Volks 24250');

INSERT INTO veiculo(id, placa, modelo)
VALUES (29, 'PMS-2779', 'Volks 13180');

INSERT INTO veiculo(id, placa, modelo)
VALUES (30, 'GFE-2780', 'Volks 24250');

INSERT INTO veiculo(id, placa, modelo)
VALUES (31, 'TXQ-2781', 'Scania R440');

INSERT INTO veiculo(id, placa, modelo)
VALUES (32, 'NOZ-2782', 'Mercedes Accelo 815');

INSERT INTO veiculo(id, placa, modelo)
VALUES (33, 'KVL-2783', 'Volks 13180');

INSERT INTO veiculo(id, placa, modelo)
VALUES (34, 'VJL-2784', 'Volks 13180');

INSERT INTO veiculo(id, placa, modelo)
VALUES (35, 'IPM-2785', 'Volks 13180');

INSERT INTO veiculo(id, placa, modelo)
VALUES (36, 'YAV-2786', 'Volks 8150');

INSERT INTO veiculo(id, placa, modelo)
VALUES (37, 'GWD-2787', 'Mercedes 710');

INSERT INTO veiculo(id, placa, modelo)
VALUES (38, 'CAK-2788', 'Mercedes 710');

INSERT INTO veiculo(id, placa, modelo)
VALUES (39, 'FEF-2789', 'Mercedes 710');

INSERT INTO veiculo(id, placa, modelo)
VALUES (40, 'RZJ-2790', 'Volks 9150');

INSERT INTO veiculo(id, placa, modelo)
VALUES (41, 'XUS-2791', 'Volks 8150');

INSERT INTO veiculo(id, placa, modelo)
VALUES (42, 'XNK-2792', 'Volvo VM 260');

INSERT INTO veiculo(id, placa, modelo)
VALUES (43, 'UUI-2793', 'Volks 13180');

INSERT INTO veiculo(id, placa, modelo)
VALUES (44, 'HNN-2794', 'Volks 24250');

INSERT INTO veiculo(id, placa, modelo)
VALUES (45, 'AHY-2795', 'Volvo VM 260');

INSERT INTO veiculo(id, placa, modelo)
VALUES (46, 'AAC-2796', 'Volvo VM 260');

INSERT INTO veiculo(id, placa, modelo)
VALUES (47, 'SBI-2797', 'Mercedes Atego 2425');

INSERT INTO veiculo(id, placa, modelo)
VALUES (48, 'OKB-2798', 'Volks 13180');

INSERT INTO veiculo(id, placa, modelo)
VALUES (49, 'XKL-2799', 'Mercedes Atego 2425');

INSERT INTO veiculo(id, placa, modelo)
VALUES (50, 'WRF-2800', 'Mercedes 710');

INSERT INTO veiculo(id, placa, modelo)
VALUES (51, 'IXN-2801', 'Mercedes 710');

INSERT INTO veiculo(id, placa, modelo)
VALUES (52, 'BVD-2802', 'Mercedes Atego 2425');

INSERT INTO veiculo(id, placa, modelo)
VALUES (53, 'SIN-2803', 'Volks 13180');

INSERT INTO veiculo(id, placa, modelo)
VALUES (54, 'CYY-2804', 'Mercedes Atego 2425');

INSERT INTO veiculo(id, placa, modelo)
VALUES (55, 'YMF-2805', 'Mercedes 710');

INSERT INTO veiculo(id, placa, modelo)
VALUES (56, 'CTL-2806', 'Mercedes Atego 2425');

INSERT INTO veiculo(id, placa, modelo)
VALUES (57, 'RZE-2807', 'Scania R440');

INSERT INTO veiculo(id, placa, modelo)
VALUES (58, 'XSB-2808', 'Scania R440');

INSERT INTO veiculo(id, placa, modelo)
VALUES (59, 'HAU-2809', 'Volvo VM 260');

INSERT INTO veiculo(id, placa, modelo)
VALUES (60, 'BRV-2810', 'Volvo VM 260');

INSERT INTO veiculo(id, placa, modelo)
VALUES (61, 'GTW-2811', 'Mercedes Accelo 815');

INSERT INTO veiculo(id, placa, modelo)
VALUES (62, 'UNO-2812', 'Volvo VM 260');

INSERT INTO veiculo(id, placa, modelo)
VALUES (63, 'ITQ-2813', 'Scania R440');

INSERT INTO veiculo(id, placa, modelo)
VALUES (64, 'PCR-2814', 'Volvo VM 260');

INSERT INTO veiculo(id, placa, modelo)
VALUES (65, 'DOV-2815', 'Mercedes Accelo 815');

INSERT INTO veiculo(id, placa, modelo)
VALUES (66, 'IHF-2816', 'Volvo VM 260');

INSERT INTO veiculo(id, placa, modelo)
VALUES (67, 'AXU-2817', 'Scania R440');

INSERT INTO veiculo(id, placa, modelo)
VALUES (68, 'SHS-2818', 'Volks 8150');

INSERT INTO veiculo(id, placa, modelo)
VALUES (69, 'EBL-2819', 'Volks 24250');

INSERT INTO veiculo(id, placa, modelo)
VALUES (70, 'PCL-2820', 'Scania R440');

INSERT INTO veiculo(id, placa, modelo)
VALUES (71, 'JEH-2821', 'Volks 9150');

INSERT INTO veiculo(id, placa, modelo)
VALUES (72, 'RHU-2822', 'Volks 9150');

INSERT INTO veiculo(id, placa, modelo)
VALUES (73, 'HRH-2823', 'Scania R440');

INSERT INTO veiculo(id, placa, modelo)
VALUES (74, 'BQG-2824', 'Volks 8150');

INSERT INTO veiculo(id, placa, modelo)
VALUES (75, 'WEA-2825', 'Mercedes 710');

INSERT INTO veiculo(id, placa, modelo)
VALUES (76, 'YES-2826', 'Mercedes Atego 2425');

INSERT INTO veiculo(id, placa, modelo)
VALUES (77, 'QYK-2827', 'Volks 8150');

INSERT INTO veiculo(id, placa, modelo)
VALUES (78, 'CIE-2828', 'Volvo FH 460');

INSERT INTO veiculo(id, placa, modelo)
VALUES (79, 'MPG-2829', 'Volks 9150');

INSERT INTO veiculo(id, placa, modelo)
VALUES (80, 'XGY-2830', 'Mercedes Atego 2425');

INSERT INTO veiculo(id, placa, modelo)
VALUES (81, 'SWD-2831', 'Volks 8150');

INSERT INTO veiculo(id, placa, modelo)
VALUES (82, 'CSB-2832', 'Volks 9150');

INSERT INTO veiculo(id, placa, modelo)
VALUES (83, 'SYT-2833', 'Volvo FH 460');

INSERT INTO veiculo(id, placa, modelo)
VALUES (84, 'GUN-2834', 'Volks 8150');

INSERT INTO veiculo(id, placa, modelo)
VALUES (85, 'OMY-2835', 'Volvo VM 260');

INSERT INTO veiculo(id, placa, modelo)
VALUES (86, 'KHA-2836', 'Volks 8150');

INSERT INTO veiculo(id, placa, modelo)
VALUES (87, 'YGQ-2837', 'Volvo FH 460');

INSERT INTO veiculo(id, placa, modelo)
VALUES (88, 'SJX-2838', 'Volks 8150');

INSERT INTO veiculo(id, placa, modelo)
VALUES (89, 'SUV-2839', 'Mercedes 710');

INSERT INTO veiculo(id, placa, modelo)
VALUES (90, 'UBR-2840', 'Volvo VM 260');

INSERT INTO veiculo(id, placa, modelo)
VALUES (91, 'TDJ-2841', 'Mercedes Atego 2425');

INSERT INTO veiculo(id, placa, modelo)
VALUES (92, 'JSK-2842', 'Volks 24250');

INSERT INTO veiculo(id, placa, modelo)
VALUES (93, 'CQA-2843', 'Mercedes Accelo 815');

INSERT INTO veiculo(id, placa, modelo)
VALUES (94, 'IJK-2844', 'Volvo VM 260');

INSERT INTO veiculo(id, placa, modelo)
VALUES (95, 'GDZ-2845', 'Volks 8150');

INSERT INTO veiculo(id, placa, modelo)
VALUES (96, 'TYO-2846', 'Volvo FH 460');

INSERT INTO veiculo(id, placa, modelo)
VALUES (97, 'LSI-2847', 'Volks 9150');

INSERT INTO veiculo(id, placa, modelo)
VALUES (98, 'INU-2848', 'Volvo FH 460');

INSERT INTO veiculo(id, placa, modelo)
VALUES (99, 'IOR-2849', 'Volks 8150');

INSERT INTO veiculo(id, placa, modelo)
VALUES (100, 'TRR-2850', 'Scania R440');

-- Popula a tabela VeiculoTipoCarga.

INSERT INTO VeiculoTipoCarga(Veiculo_id, TipoCarga_id)
VALUES (1, 3);

INSERT INTO VeiculoTipoCarga(Veiculo_id, TipoCarga_id)
VALUES (1, 4);

INSERT INTO VeiculoTipoCarga(Veiculo_id, TipoCarga_id)
VALUES (1, 5);

INSERT INTO VeiculoTipoCarga(Veiculo_id, TipoCarga_id)
VALUES (2, 3);

INSERT INTO VeiculoTipoCarga(Veiculo_id, TipoCarga_id)
VALUES (3, 7);

INSERT INTO VeiculoTipoCarga(Veiculo_id, TipoCarga_id)
VALUES (4, 1);

INSERT INTO VeiculoTipoCarga(Veiculo_id, TipoCarga_id)
VALUES (4, 2);

INSERT INTO VeiculoTipoCarga(Veiculo_id, TipoCarga_id)
VALUES (5, 7);

INSERT INTO VeiculoTipoCarga(Veiculo_id, TipoCarga_id)
VALUES (5, 8);

INSERT INTO VeiculoTipoCarga(Veiculo_id, TipoCarga_id)
VALUES (6, 7);

INSERT INTO VeiculoTipoCarga(Veiculo_id, TipoCarga_id)
VALUES (6, 8);

INSERT INTO VeiculoTipoCarga(Veiculo_id, TipoCarga_id)
VALUES (6, 9);

INSERT INTO VeiculoTipoCarga(Veiculo_id, TipoCarga_id)
VALUES (7, 3);

INSERT INTO VeiculoTipoCarga(Veiculo_id, TipoCarga_id)
VALUES (7, 4);

INSERT INTO VeiculoTipoCarga(Veiculo_id, TipoCarga_id)
VALUES (8, 8);

INSERT INTO VeiculoTipoCarga(Veiculo_id, TipoCarga_id)
VALUES (9, 5);

INSERT INTO VeiculoTipoCarga(Veiculo_id, TipoCarga_id)
VALUES (9, 6);

INSERT INTO VeiculoTipoCarga(Veiculo_id, TipoCarga_id)
VALUES (9, 7);

INSERT INTO VeiculoTipoCarga(Veiculo_id, TipoCarga_id)
VALUES (10, 3);

INSERT INTO VeiculoTipoCarga(Veiculo_id, TipoCarga_id)
VALUES (10, 4);

INSERT INTO VeiculoTipoCarga(Veiculo_id, TipoCarga_id)
VALUES (10, 5);

INSERT INTO VeiculoTipoCarga(Veiculo_id, TipoCarga_id)
VALUES (11, 4);

INSERT INTO VeiculoTipoCarga(Veiculo_id, TipoCarga_id)
VALUES (11, 5);

INSERT INTO VeiculoTipoCarga(Veiculo_id, TipoCarga_id)
VALUES (11, 6);

INSERT INTO VeiculoTipoCarga(Veiculo_id, TipoCarga_id)
VALUES (12, 7);

INSERT INTO VeiculoTipoCarga(Veiculo_id, TipoCarga_id)
VALUES (12, 8);

INSERT INTO VeiculoTipoCarga(Veiculo_id, TipoCarga_id)
VALUES (12, 9);

INSERT INTO VeiculoTipoCarga(Veiculo_id, TipoCarga_id)
VALUES (13, 4);

INSERT INTO VeiculoTipoCarga(Veiculo_id, TipoCarga_id)
VALUES (14, 2);

INSERT INTO VeiculoTipoCarga(Veiculo_id, TipoCarga_id)
VALUES (14, 3);

INSERT INTO VeiculoTipoCarga(Veiculo_id, TipoCarga_id)
VALUES (15, 2);

INSERT INTO VeiculoTipoCarga(Veiculo_id, TipoCarga_id)
VALUES (16, 7);

INSERT INTO VeiculoTipoCarga(Veiculo_id, TipoCarga_id)
VALUES (17, 7);

INSERT INTO VeiculoTipoCarga(Veiculo_id, TipoCarga_id)
VALUES (17, 8);

INSERT INTO VeiculoTipoCarga(Veiculo_id, TipoCarga_id)
VALUES (17, 9);

INSERT INTO VeiculoTipoCarga(Veiculo_id, TipoCarga_id)
VALUES (18, 7);

INSERT INTO VeiculoTipoCarga(Veiculo_id, TipoCarga_id)
VALUES (19, 7);

INSERT INTO VeiculoTipoCarga(Veiculo_id, TipoCarga_id)
VALUES (19, 8);

INSERT INTO VeiculoTipoCarga(Veiculo_id, TipoCarga_id)
VALUES (19, 9);

INSERT INTO VeiculoTipoCarga(Veiculo_id, TipoCarga_id)
VALUES (20, 3);

INSERT INTO VeiculoTipoCarga(Veiculo_id, TipoCarga_id)
VALUES (20, 4);

INSERT INTO VeiculoTipoCarga(Veiculo_id, TipoCarga_id)
VALUES (21, 7);

INSERT INTO VeiculoTipoCarga(Veiculo_id, TipoCarga_id)
VALUES (21, 8);

INSERT INTO VeiculoTipoCarga(Veiculo_id, TipoCarga_id)
VALUES (21, 9);

INSERT INTO VeiculoTipoCarga(Veiculo_id, TipoCarga_id)
VALUES (22, 4);

INSERT INTO VeiculoTipoCarga(Veiculo_id, TipoCarga_id)
VALUES (22, 5);

INSERT INTO VeiculoTipoCarga(Veiculo_id, TipoCarga_id)
VALUES (23, 1);

INSERT INTO VeiculoTipoCarga(Veiculo_id, TipoCarga_id)
VALUES (23, 2);

INSERT INTO VeiculoTipoCarga(Veiculo_id, TipoCarga_id)
VALUES (23, 3);

INSERT INTO VeiculoTipoCarga(Veiculo_id, TipoCarga_id)
VALUES (24, 2);

INSERT INTO VeiculoTipoCarga(Veiculo_id, TipoCarga_id)
VALUES (24, 3);

INSERT INTO VeiculoTipoCarga(Veiculo_id, TipoCarga_id)
VALUES (25, 8);

INSERT INTO VeiculoTipoCarga(Veiculo_id, TipoCarga_id)
VALUES (25, 9);

INSERT INTO VeiculoTipoCarga(Veiculo_id, TipoCarga_id)
VALUES (26, 8);

INSERT INTO VeiculoTipoCarga(Veiculo_id, TipoCarga_id)
VALUES (26, 9);

INSERT INTO VeiculoTipoCarga(Veiculo_id, TipoCarga_id)
VALUES (27, 8);

INSERT INTO VeiculoTipoCarga(Veiculo_id, TipoCarga_id)
VALUES (27, 9);

INSERT INTO VeiculoTipoCarga(Veiculo_id, TipoCarga_id)
VALUES (27, 10);

INSERT INTO VeiculoTipoCarga(Veiculo_id, TipoCarga_id)
VALUES (28, 8);

INSERT INTO VeiculoTipoCarga(Veiculo_id, TipoCarga_id)
VALUES (29, 8);

INSERT INTO VeiculoTipoCarga(Veiculo_id, TipoCarga_id)
VALUES (29, 9);

INSERT INTO VeiculoTipoCarga(Veiculo_id, TipoCarga_id)
VALUES (29, 10);

INSERT INTO VeiculoTipoCarga(Veiculo_id, TipoCarga_id)
VALUES (30, 7);

INSERT INTO VeiculoTipoCarga(Veiculo_id, TipoCarga_id)
VALUES (31, 2);

INSERT INTO VeiculoTipoCarga(Veiculo_id, TipoCarga_id)
VALUES (31, 3);

INSERT INTO VeiculoTipoCarga(Veiculo_id, TipoCarga_id)
VALUES (32, 5);

INSERT INTO VeiculoTipoCarga(Veiculo_id, TipoCarga_id)
VALUES (32, 6);

INSERT INTO VeiculoTipoCarga(Veiculo_id, TipoCarga_id)
VALUES (32, 7);

INSERT INTO VeiculoTipoCarga(Veiculo_id, TipoCarga_id)
VALUES (33, 5);

INSERT INTO VeiculoTipoCarga(Veiculo_id, TipoCarga_id)
VALUES (34, 7);

INSERT INTO VeiculoTipoCarga(Veiculo_id, TipoCarga_id)
VALUES (34, 8);

INSERT INTO VeiculoTipoCarga(Veiculo_id, TipoCarga_id)
VALUES (35, 5);

INSERT INTO VeiculoTipoCarga(Veiculo_id, TipoCarga_id)
VALUES (35, 6);

INSERT INTO VeiculoTipoCarga(Veiculo_id, TipoCarga_id)
VALUES (36, 3);

INSERT INTO VeiculoTipoCarga(Veiculo_id, TipoCarga_id)
VALUES (36, 4);

INSERT INTO VeiculoTipoCarga(Veiculo_id, TipoCarga_id)
VALUES (36, 5);

INSERT INTO VeiculoTipoCarga(Veiculo_id, TipoCarga_id)
VALUES (37, 2);

INSERT INTO VeiculoTipoCarga(Veiculo_id, TipoCarga_id)
VALUES (38, 2);

INSERT INTO VeiculoTipoCarga(Veiculo_id, TipoCarga_id)
VALUES (38, 3);

INSERT INTO VeiculoTipoCarga(Veiculo_id, TipoCarga_id)
VALUES (39, 7);

INSERT INTO VeiculoTipoCarga(Veiculo_id, TipoCarga_id)
VALUES (40, 2);

INSERT INTO VeiculoTipoCarga(Veiculo_id, TipoCarga_id)
VALUES (41, 5);

INSERT INTO VeiculoTipoCarga(Veiculo_id, TipoCarga_id)
VALUES (41, 6);

INSERT INTO VeiculoTipoCarga(Veiculo_id, TipoCarga_id)
VALUES (41, 7);

INSERT INTO VeiculoTipoCarga(Veiculo_id, TipoCarga_id)
VALUES (42, 3);

INSERT INTO VeiculoTipoCarga(Veiculo_id, TipoCarga_id)
VALUES (42, 4);

INSERT INTO VeiculoTipoCarga(Veiculo_id, TipoCarga_id)
VALUES (42, 5);

INSERT INTO VeiculoTipoCarga(Veiculo_id, TipoCarga_id)
VALUES (43, 2);

INSERT INTO VeiculoTipoCarga(Veiculo_id, TipoCarga_id)
VALUES (44, 8);

INSERT INTO VeiculoTipoCarga(Veiculo_id, TipoCarga_id)
VALUES (44, 9);

INSERT INTO VeiculoTipoCarga(Veiculo_id, TipoCarga_id)
VALUES (45, 2);

INSERT INTO VeiculoTipoCarga(Veiculo_id, TipoCarga_id)
VALUES (45, 3);

INSERT INTO VeiculoTipoCarga(Veiculo_id, TipoCarga_id)
VALUES (45, 4);

INSERT INTO VeiculoTipoCarga(Veiculo_id, TipoCarga_id)
VALUES (46, 7);

INSERT INTO VeiculoTipoCarga(Veiculo_id, TipoCarga_id)
VALUES (46, 8);

INSERT INTO VeiculoTipoCarga(Veiculo_id, TipoCarga_id)
VALUES (47, 6);

INSERT INTO VeiculoTipoCarga(Veiculo_id, TipoCarga_id)
VALUES (48, 7);

INSERT INTO VeiculoTipoCarga(Veiculo_id, TipoCarga_id)
VALUES (49, 7);

INSERT INTO VeiculoTipoCarga(Veiculo_id, TipoCarga_id)
VALUES (49, 8);

INSERT INTO VeiculoTipoCarga(Veiculo_id, TipoCarga_id)
VALUES (50, 2);

INSERT INTO VeiculoTipoCarga(Veiculo_id, TipoCarga_id)
VALUES (50, 3);

INSERT INTO VeiculoTipoCarga(Veiculo_id, TipoCarga_id)
VALUES (50, 4);

INSERT INTO VeiculoTipoCarga(Veiculo_id, TipoCarga_id)
VALUES (51, 2);

INSERT INTO VeiculoTipoCarga(Veiculo_id, TipoCarga_id)
VALUES (51, 3);

INSERT INTO VeiculoTipoCarga(Veiculo_id, TipoCarga_id)
VALUES (51, 4);

INSERT INTO VeiculoTipoCarga(Veiculo_id, TipoCarga_id)
VALUES (52, 2);

INSERT INTO VeiculoTipoCarga(Veiculo_id, TipoCarga_id)
VALUES (53, 6);

INSERT INTO VeiculoTipoCarga(Veiculo_id, TipoCarga_id)
VALUES (53, 7);

INSERT INTO VeiculoTipoCarga(Veiculo_id, TipoCarga_id)
VALUES (53, 8);

INSERT INTO VeiculoTipoCarga(Veiculo_id, TipoCarga_id)
VALUES (54, 1);

INSERT INTO VeiculoTipoCarga(Veiculo_id, TipoCarga_id)
VALUES (55, 1);

INSERT INTO VeiculoTipoCarga(Veiculo_id, TipoCarga_id)
VALUES (55, 2);

INSERT INTO VeiculoTipoCarga(Veiculo_id, TipoCarga_id)
VALUES (55, 3);

INSERT INTO VeiculoTipoCarga(Veiculo_id, TipoCarga_id)
VALUES (56, 7);

INSERT INTO VeiculoTipoCarga(Veiculo_id, TipoCarga_id)
VALUES (56, 8);

INSERT INTO VeiculoTipoCarga(Veiculo_id, TipoCarga_id)
VALUES (57, 3);

INSERT INTO VeiculoTipoCarga(Veiculo_id, TipoCarga_id)
VALUES (58, 2);

INSERT INTO VeiculoTipoCarga(Veiculo_id, TipoCarga_id)
VALUES (58, 3);

INSERT INTO VeiculoTipoCarga(Veiculo_id, TipoCarga_id)
VALUES (59, 5);

INSERT INTO VeiculoTipoCarga(Veiculo_id, TipoCarga_id)
VALUES (60, 2);

INSERT INTO VeiculoTipoCarga(Veiculo_id, TipoCarga_id)
VALUES (60, 3);

INSERT INTO VeiculoTipoCarga(Veiculo_id, TipoCarga_id)
VALUES (60, 4);

INSERT INTO VeiculoTipoCarga(Veiculo_id, TipoCarga_id)
VALUES (61, 4);

INSERT INTO VeiculoTipoCarga(Veiculo_id, TipoCarga_id)
VALUES (61, 5);

INSERT INTO VeiculoTipoCarga(Veiculo_id, TipoCarga_id)
VALUES (62, 4);

INSERT INTO VeiculoTipoCarga(Veiculo_id, TipoCarga_id)
VALUES (62, 5);

INSERT INTO VeiculoTipoCarga(Veiculo_id, TipoCarga_id)
VALUES (62, 6);

INSERT INTO VeiculoTipoCarga(Veiculo_id, TipoCarga_id)
VALUES (63, 3);

INSERT INTO VeiculoTipoCarga(Veiculo_id, TipoCarga_id)
VALUES (63, 4);

INSERT INTO VeiculoTipoCarga(Veiculo_id, TipoCarga_id)
VALUES (63, 5);

INSERT INTO VeiculoTipoCarga(Veiculo_id, TipoCarga_id)
VALUES (64, 8);

INSERT INTO VeiculoTipoCarga(Veiculo_id, TipoCarga_id)
VALUES (64, 9);

INSERT INTO VeiculoTipoCarga(Veiculo_id, TipoCarga_id)
VALUES (65, 1);

INSERT INTO VeiculoTipoCarga(Veiculo_id, TipoCarga_id)
VALUES (65, 2);

INSERT INTO VeiculoTipoCarga(Veiculo_id, TipoCarga_id)
VALUES (66, 3);

INSERT INTO VeiculoTipoCarga(Veiculo_id, TipoCarga_id)
VALUES (66, 4);

INSERT INTO VeiculoTipoCarga(Veiculo_id, TipoCarga_id)
VALUES (66, 5);

INSERT INTO VeiculoTipoCarga(Veiculo_id, TipoCarga_id)
VALUES (67, 7);

INSERT INTO VeiculoTipoCarga(Veiculo_id, TipoCarga_id)
VALUES (67, 8);

INSERT INTO VeiculoTipoCarga(Veiculo_id, TipoCarga_id)
VALUES (67, 9);

INSERT INTO VeiculoTipoCarga(Veiculo_id, TipoCarga_id)
VALUES (68, 6);

INSERT INTO VeiculoTipoCarga(Veiculo_id, TipoCarga_id)
VALUES (68, 7);

INSERT INTO VeiculoTipoCarga(Veiculo_id, TipoCarga_id)
VALUES (69, 2);

INSERT INTO VeiculoTipoCarga(Veiculo_id, TipoCarga_id)
VALUES (70, 3);

INSERT INTO VeiculoTipoCarga(Veiculo_id, TipoCarga_id)
VALUES (70, 4);

INSERT INTO VeiculoTipoCarga(Veiculo_id, TipoCarga_id)
VALUES (71, 4);

INSERT INTO VeiculoTipoCarga(Veiculo_id, TipoCarga_id)
VALUES (71, 5);

INSERT INTO VeiculoTipoCarga(Veiculo_id, TipoCarga_id)
VALUES (72, 6);

INSERT INTO VeiculoTipoCarga(Veiculo_id, TipoCarga_id)
VALUES (72, 7);

INSERT INTO VeiculoTipoCarga(Veiculo_id, TipoCarga_id)
VALUES (73, 6);

INSERT INTO VeiculoTipoCarga(Veiculo_id, TipoCarga_id)
VALUES (74, 3);

INSERT INTO VeiculoTipoCarga(Veiculo_id, TipoCarga_id)
VALUES (75, 8);

INSERT INTO VeiculoTipoCarga(Veiculo_id, TipoCarga_id)
VALUES (75, 9);

INSERT INTO VeiculoTipoCarga(Veiculo_id, TipoCarga_id)
VALUES (76, 6);

INSERT INTO VeiculoTipoCarga(Veiculo_id, TipoCarga_id)
VALUES (76, 7);

INSERT INTO VeiculoTipoCarga(Veiculo_id, TipoCarga_id)
VALUES (77, 1);

INSERT INTO VeiculoTipoCarga(Veiculo_id, TipoCarga_id)
VALUES (77, 2);

INSERT INTO VeiculoTipoCarga(Veiculo_id, TipoCarga_id)
VALUES (78, 1);

INSERT INTO VeiculoTipoCarga(Veiculo_id, TipoCarga_id)
VALUES (79, 1);

INSERT INTO VeiculoTipoCarga(Veiculo_id, TipoCarga_id)
VALUES (80, 2);

INSERT INTO VeiculoTipoCarga(Veiculo_id, TipoCarga_id)
VALUES (80, 3);

INSERT INTO VeiculoTipoCarga(Veiculo_id, TipoCarga_id)
VALUES (81, 7);

INSERT INTO VeiculoTipoCarga(Veiculo_id, TipoCarga_id)
VALUES (81, 8);

INSERT INTO VeiculoTipoCarga(Veiculo_id, TipoCarga_id)
VALUES (82, 1);

INSERT INTO VeiculoTipoCarga(Veiculo_id, TipoCarga_id)
VALUES (83, 5);

INSERT INTO VeiculoTipoCarga(Veiculo_id, TipoCarga_id)
VALUES (83, 6);

INSERT INTO VeiculoTipoCarga(Veiculo_id, TipoCarga_id)
VALUES (84, 5);

INSERT INTO VeiculoTipoCarga(Veiculo_id, TipoCarga_id)
VALUES (84, 6);

INSERT INTO VeiculoTipoCarga(Veiculo_id, TipoCarga_id)
VALUES (84, 7);

INSERT INTO VeiculoTipoCarga(Veiculo_id, TipoCarga_id)
VALUES (85, 3);

INSERT INTO VeiculoTipoCarga(Veiculo_id, TipoCarga_id)
VALUES (85, 4);

INSERT INTO VeiculoTipoCarga(Veiculo_id, TipoCarga_id)
VALUES (85, 5);

INSERT INTO VeiculoTipoCarga(Veiculo_id, TipoCarga_id)
VALUES (86, 2);

INSERT INTO VeiculoTipoCarga(Veiculo_id, TipoCarga_id)
VALUES (87, 8);

INSERT INTO VeiculoTipoCarga(Veiculo_id, TipoCarga_id)
VALUES (87, 9);

INSERT INTO VeiculoTipoCarga(Veiculo_id, TipoCarga_id)
VALUES (88, 6);

INSERT INTO VeiculoTipoCarga(Veiculo_id, TipoCarga_id)
VALUES (88, 7);

INSERT INTO VeiculoTipoCarga(Veiculo_id, TipoCarga_id)
VALUES (89, 3);

INSERT INTO VeiculoTipoCarga(Veiculo_id, TipoCarga_id)
VALUES (89, 4);

INSERT INTO VeiculoTipoCarga(Veiculo_id, TipoCarga_id)
VALUES (89, 5);

INSERT INTO VeiculoTipoCarga(Veiculo_id, TipoCarga_id)
VALUES (90, 2);

INSERT INTO VeiculoTipoCarga(Veiculo_id, TipoCarga_id)
VALUES (90, 3);

INSERT INTO VeiculoTipoCarga(Veiculo_id, TipoCarga_id)
VALUES (91, 8);

INSERT INTO VeiculoTipoCarga(Veiculo_id, TipoCarga_id)
VALUES (91, 9);

INSERT INTO VeiculoTipoCarga(Veiculo_id, TipoCarga_id)
VALUES (91, 10);

INSERT INTO VeiculoTipoCarga(Veiculo_id, TipoCarga_id)
VALUES (92, 6);

INSERT INTO VeiculoTipoCarga(Veiculo_id, TipoCarga_id)
VALUES (92, 7);

INSERT INTO VeiculoTipoCarga(Veiculo_id, TipoCarga_id)
VALUES (93, 3);

INSERT INTO VeiculoTipoCarga(Veiculo_id, TipoCarga_id)
VALUES (93, 4);

INSERT INTO VeiculoTipoCarga(Veiculo_id, TipoCarga_id)
VALUES (94, 3);

INSERT INTO VeiculoTipoCarga(Veiculo_id, TipoCarga_id)
VALUES (94, 4);

INSERT INTO VeiculoTipoCarga(Veiculo_id, TipoCarga_id)
VALUES (95, 8);

INSERT INTO VeiculoTipoCarga(Veiculo_id, TipoCarga_id)
VALUES (95, 9);

INSERT INTO VeiculoTipoCarga(Veiculo_id, TipoCarga_id)
VALUES (96, 3);

INSERT INTO VeiculoTipoCarga(Veiculo_id, TipoCarga_id)
VALUES (96, 4);

INSERT INTO VeiculoTipoCarga(Veiculo_id, TipoCarga_id)
VALUES (97, 4);

INSERT INTO VeiculoTipoCarga(Veiculo_id, TipoCarga_id)
VALUES (97, 5);

INSERT INTO VeiculoTipoCarga(Veiculo_id, TipoCarga_id)
VALUES (97, 6);

INSERT INTO VeiculoTipoCarga(Veiculo_id, TipoCarga_id)
VALUES (98, 4);

INSERT INTO VeiculoTipoCarga(Veiculo_id, TipoCarga_id)
VALUES (99, 4);

INSERT INTO VeiculoTipoCarga(Veiculo_id, TipoCarga_id)
VALUES (99, 5);

INSERT INTO VeiculoTipoCarga(Veiculo_id, TipoCarga_id)
VALUES (100, 6);

-- Popula a tabela Endereco.

INSERT INTO Endereco(id, cep, estado, bairro, rua, numero)
VALUES (1, '11235-146', 'Sergipe', 'Romã', 'Rua 68', '43');

INSERT INTO Endereco(id, cep, estado, bairro, rua, numero)
VALUES (2, '01245-986', 'Alagoas', 'Guabiroba', 'Rua 56', '46');

INSERT INTO Endereco(id, cep, estado, bairro, rua, numero)
VALUES (3, '51255-073', 'Minas Gerais', 'Goiaba branca', 'Rua 27', '97');

INSERT INTO Endereco(id, cep, estado, bairro, rua, numero)
VALUES (4, '81266-523', 'São Paulo', 'Baru', 'Rua 21', '33');

INSERT INTO Endereco(id, cep, estado, bairro, rua, numero)
VALUES (5, '21276-376', 'Rio Grande do Sul', 'Banana dágua', 'Rua 30', '34');

INSERT INTO Endereco(id, cep, estado, bairro, rua, numero)
VALUES (6, '71280-861', 'Amazonas', 'Uva branca', 'Rua 82', '67');

INSERT INTO Endereco(id, cep, estado, bairro, rua, numero)
VALUES (7, '91295-449', 'Acre', 'Laranja valência', 'Rua 79', '86');

INSERT INTO Endereco(id, cep, estado, bairro, rua, numero)
VALUES (8, '51302-592', 'Ceará', 'Jatobáá', 'Rua 26', '47');

INSERT INTO Endereco(id, cep, estado, bairro, rua, numero)
VALUES (9, '71318-071', 'Goiás', 'Rambutão', 'Rua 38', '51');

INSERT INTO Endereco(id, cep, estado, bairro, rua, numero)
VALUES (10, '01328-977', 'Rio Grande do Norte', 'Melão', 'Rua 78', '60');

INSERT INTO Endereco(id, cep, estado, bairro, rua, numero)
VALUES (11, '41332-098', 'Alagoas', 'Lucuma', 'Rua 18', '25');

INSERT INTO Endereco(id, cep, estado, bairro, rua, numero)
VALUES (12, '11345-029', 'Goiás', 'Jatobá', 'Rua 22', '34');

INSERT INTO Endereco(id, cep, estado, bairro, rua, numero)
VALUES (13, '01353-419', 'Goiás', 'Juá de queimada', 'Rua 15', '31');

INSERT INTO Endereco(id, cep, estado, bairro, rua, numero)
VALUES (14, '91362-996', 'Amazonas', 'Lucuma', 'Rua 95', '30');

INSERT INTO Endereco(id, cep, estado, bairro, rua, numero)
VALUES (15, '21375-517', 'Espírito Santo', 'Tarumã', 'Rua 83', '47');

INSERT INTO Endereco(id, cep, estado, bairro, rua, numero)
VALUES (16, '31383-852', 'Rondônia', 'Mamão papaia', 'Rua 79', '89');

INSERT INTO Endereco(id, cep, estado, bairro, rua, numero)
VALUES (17, '01398-258', 'Minas Gerais', 'Guabiroba', 'Rua 14', '55');

INSERT INTO Endereco(id, cep, estado, bairro, rua, numero)
VALUES (18, '01402-008', 'Roraima', 'Babaçu', 'Rua 41', '47');

INSERT INTO Endereco(id, cep, estado, bairro, rua, numero)
VALUES (19, '21413-335', 'Paraná', 'Pequi', 'Rua 52', '54');

INSERT INTO Endereco(id, cep, estado, bairro, rua, numero)
VALUES (20, '51425-921', 'Paraná', 'Pupunha', 'Rua 83', '77');

INSERT INTO Endereco(id, cep, estado, bairro, rua, numero)
VALUES (21, '81439-390', 'Goiás', 'Caraguata', 'Rua 91', '87');

INSERT INTO Endereco(id, cep, estado, bairro, rua, numero)
VALUES (22, '81449-382', 'Goiás', 'Dovyalis', 'Rua 68', '68');

INSERT INTO Endereco(id, cep, estado, bairro, rua, numero)
VALUES (23, '11458-536', 'Goiás', 'Banana Pacova', 'Rua 37', '77');

INSERT INTO Endereco(id, cep, estado, bairro, rua, numero)
VALUES (24, '71467-899', 'Roraima', 'Cherimoya', 'Rua 13', '25');

INSERT INTO Endereco(id, cep, estado, bairro, rua, numero)
VALUES (25, '31473-870', 'Ceará', 'Calabaça', 'Rua 41', '33');

INSERT INTO Endereco(id, cep, estado, bairro, rua, numero)
VALUES (26, '91489-697', 'Amazonas', 'Cherimóia', 'Rua 19', '46');

INSERT INTO Endereco(id, cep, estado, bairro, rua, numero)
VALUES (27, '01492-371', 'Paraná', 'Cutite', 'Rua 44', '83');

INSERT INTO Endereco(id, cep, estado, bairro, rua, numero)
VALUES (28, '01504-851', 'Paraná', 'Laranja', 'Rua 93', '39');

INSERT INTO Endereco(id, cep, estado, bairro, rua, numero)
VALUES (29, '41512-994', 'Bahia', 'Tomate Arbóreo', 'Rua 30', '90');

INSERT INTO Endereco(id, cep, estado, bairro, rua, numero)
VALUES (30, '21522-117', 'Amapá', 'Pêssego', 'Rua 97', '34');

INSERT INTO Endereco(id, cep, estado, bairro, rua, numero)
VALUES (31, '31535-324', 'Minas Gerais', 'Caimito branco', 'Rua 98', '67');

INSERT INTO Endereco(id, cep, estado, bairro, rua, numero)
VALUES (32, '81541-546', 'Alagoas', 'Jambo branco', 'Rua 96', '63');

INSERT INTO Endereco(id, cep, estado, bairro, rua, numero)
VALUES (33, '71558-122', 'Pará', 'Jambo amarelo', 'Rua 79', '22');

INSERT INTO Endereco(id, cep, estado, bairro, rua, numero)
VALUES (34, '81562-955', 'Amazonas', 'Taiúva', 'Rua 43', '38');

INSERT INTO Endereco(id, cep, estado, bairro, rua, numero)
VALUES (35, '01575-070', 'Tocantins', 'Açaí', 'Rua 64', '23');

INSERT INTO Endereco(id, cep, estado, bairro, rua, numero)
VALUES (36, '21588-989', 'Rondônia', 'Tamarindo', 'Rua 15', '77');

INSERT INTO Endereco(id, cep, estado, bairro, rua, numero)
VALUES (37, '11594-936', 'Paraíba', 'Melancia amarela', 'Rua 84', '83');

INSERT INTO Endereco(id, cep, estado, bairro, rua, numero)
VALUES (38, '51602-441', 'Distrito Federal', 'Pitaya', 'Rua 99', '47');

INSERT INTO Endereco(id, cep, estado, bairro, rua, numero)
VALUES (39, '41616-010', 'Rio Grande do Sul', 'Calabaça', 'Rua 65', '63');

INSERT INTO Endereco(id, cep, estado, bairro, rua, numero)
VALUES (40, '71624-188', 'Paraná', 'Jatobá', 'Rua 91', '95');

INSERT INTO Endereco(id, cep, estado, bairro, rua, numero)
VALUES (41, '81634-716', 'Goiás', 'Cambucá', 'Rua 13', '58');

INSERT INTO Endereco(id, cep, estado, bairro, rua, numero)
VALUES (42, '71643-651', 'Goiás', 'Mamey', 'Rua 46', '43');

INSERT INTO Endereco(id, cep, estado, bairro, rua, numero)
VALUES (43, '21652-805', 'Santa Catarina', 'Amora silvestre', 'Rua 53', '73');

INSERT INTO Endereco(id, cep, estado, bairro, rua, numero)
VALUES (44, '81666-220', 'Pernambuco', 'Anonáceas', 'Rua 70', '29');

INSERT INTO Endereco(id, cep, estado, bairro, rua, numero)
VALUES (45, '51677-910', 'Acre', 'Goiaba vermelha', 'Rua 87', '84');

INSERT INTO Endereco(id, cep, estado, bairro, rua, numero)
VALUES (46, '91682-373', 'Rondônia', 'Jaca', 'Rua 98', '97');

INSERT INTO Endereco(id, cep, estado, bairro, rua, numero)
VALUES (47, '21698-389', 'Bahia', 'Guabiroba', 'Rua 52', '14');

INSERT INTO Endereco(id, cep, estado, bairro, rua, numero)
VALUES (48, '71705-050', 'Mato Grosso do Sul', 'Natanjila', 'Rua 54', '81');

INSERT INTO Endereco(id, cep, estado, bairro, rua, numero)
VALUES (49, '81712-484', 'Amapá', 'Avelã', 'Rua 75', '33');

INSERT INTO Endereco(id, cep, estado, bairro, rua, numero)
VALUES (50, '71728-228', 'Espírito Santo', 'Cupuaçu', 'Rua 74', '70');

INSERT INTO Endereco(id, cep, estado, bairro, rua, numero)
VALUES (51, '61730-237', 'Rio Grande do Sul', 'Jatobá', 'Rua 67', '32');

INSERT INTO Endereco(id, cep, estado, bairro, rua, numero)
VALUES (52, '21742-422', 'Paraná', 'Banana Nanica', 'Rua 66', '89');

INSERT INTO Endereco(id, cep, estado, bairro, rua, numero)
VALUES (53, '81753-339', 'Alagoas', 'Cutite', 'Rua 54', '63');

INSERT INTO Endereco(id, cep, estado, bairro, rua, numero)
VALUES (54, '91767-322', 'Paraíba', 'Ilama', 'Rua 58', '44');

INSERT INTO Endereco(id, cep, estado, bairro, rua, numero)
VALUES (55, '01777-682', 'Amapá', 'Banana', 'Rua 43', '96');

INSERT INTO Endereco(id, cep, estado, bairro, rua, numero)
VALUES (56, '61788-619', 'Goiás', 'Akee', 'Rua 38', '86');

INSERT INTO Endereco(id, cep, estado, bairro, rua, numero)
VALUES (57, '61793-944', 'Pará', 'Maracujá', 'Rua 31', '56');

INSERT INTO Endereco(id, cep, estado, bairro, rua, numero)
VALUES (58, '01807-994', 'Paraná', 'Uva', 'Rua 66', '18');

INSERT INTO Endereco(id, cep, estado, bairro, rua, numero)
VALUES (59, '51818-164', 'Amazonas', 'Pulasan', 'Rua 33', '75');

INSERT INTO Endereco(id, cep, estado, bairro, rua, numero)
VALUES (60, '01820-964', 'Pernambuco', 'Groselha', 'Rua 85', '12');

INSERT INTO Endereco(id, cep, estado, bairro, rua, numero)
VALUES (61, '11834-267', 'Goiás', 'Cambuci', 'Rua 95', '14');

INSERT INTO Endereco(id, cep, estado, bairro, rua, numero)
VALUES (62, '91844-168', 'Tocantins', 'Biriba', 'Rua 52', '16');

INSERT INTO Endereco(id, cep, estado, bairro, rua, numero)
VALUES (63, '01855-923', 'Mato Grosso', 'Caraguata', 'Rua 34', '70');

INSERT INTO Endereco(id, cep, estado, bairro, rua, numero)
VALUES (64, '11860-146', 'Distrito Federal', 'Jujuba', 'Rua 49', '99');

INSERT INTO Endereco(id, cep, estado, bairro, rua, numero)
VALUES (65, '91877-786', 'Goiás', 'Limão siciliano', 'Rua 39', '62');

INSERT INTO Endereco(id, cep, estado, bairro, rua, numero)
VALUES (66, '61881-937', 'Rondônia', 'Mamão', 'Rua 85', '89');

INSERT INTO Endereco(id, cep, estado, bairro, rua, numero)
VALUES (67, '61899-710', 'Bahia', 'Cereja fresca', 'Rua 92', '33');

INSERT INTO Endereco(id, cep, estado, bairro, rua, numero)
VALUES (68, '31909-369', 'Rio de Janeiro', 'Natanjila', 'Rua 23', '57');

INSERT INTO Endereco(id, cep, estado, bairro, rua, numero)
VALUES (69, '41914-929', 'Amapá', 'Butiá', 'Rua 81', '42');

INSERT INTO Endereco(id, cep, estado, bairro, rua, numero)
VALUES (70, '11926-009', 'Minas Gerais', 'Banana prata', 'Rua 40', '75');

INSERT INTO Endereco(id, cep, estado, bairro, rua, numero)
VALUES (71, '71934-458', 'Santa Catarina', 'Limão galego', 'Rua 54', '83');

INSERT INTO Endereco(id, cep, estado, bairro, rua, numero)
VALUES (72, '01944-284', 'Ceará', 'Jatobá', 'Rua 16', '28');

INSERT INTO Endereco(id, cep, estado, bairro, rua, numero)
VALUES (73, '61954-597', 'Tocantins', 'Kiwi', 'Rua 10', '78');

INSERT INTO Endereco(id, cep, estado, bairro, rua, numero)
VALUES (74, '41960-198', 'Tocantins', 'Babaçu', 'Rua 93', '91');

INSERT INTO Endereco(id, cep, estado, bairro, rua, numero)
VALUES (75, '71977-899', 'Rio Grande do Norte', 'Champedaque', 'Rua 84', '22');

INSERT INTO Endereco(id, cep, estado, bairro, rua, numero)
VALUES (76, '11980-782', 'Bahia', 'Condessa', 'Rua 13', '59');

INSERT INTO Endereco(id, cep, estado, bairro, rua, numero)
VALUES (77, '91995-196', 'Ceará', 'Baru', 'Rua 28', '80');

INSERT INTO Endereco(id, cep, estado, bairro, rua, numero)
VALUES (78, '02004-615', 'Rondônia', 'Maná - Cubiu', 'Rua 64', '90');

INSERT INTO Endereco(id, cep, estado, bairro, rua, numero)
VALUES (79, '72012-544', 'Rio Grande do Norte', 'Abiu', 'Rua 46', '91');

INSERT INTO Endereco(id, cep, estado, bairro, rua, numero)
VALUES (80, '42025-599', 'Amazonas', 'Jujuba', 'Rua 66', '83');

INSERT INTO Endereco(id, cep, estado, bairro, rua, numero)
VALUES (81, '62031-958', 'Pará', 'Rambutão', 'Rua 56', '71');

INSERT INTO Endereco(id, cep, estado, bairro, rua, numero)
VALUES (82, '12049-961', 'Distrito Federal', 'Tamarindo', 'Rua 17', '97');

INSERT INTO Endereco(id, cep, estado, bairro, rua, numero)
VALUES (83, '82050-307', 'Tocantins', 'Amêndoa', 'Rua 27', '71');

INSERT INTO Endereco(id, cep, estado, bairro, rua, numero)
VALUES (84, '82064-699', 'Rio Grande do Sul', 'Jamelão', 'Rua 87', '63');

INSERT INTO Endereco(id, cep, estado, bairro, rua, numero)
VALUES (85, '42072-597', 'Minas Gerais', 'Caimito branco', 'Rua 16', '58');

INSERT INTO Endereco(id, cep, estado, bairro, rua, numero)
VALUES (86, '92084-753', 'Pará', 'Castanha do pará', 'Rua 50', '93');

INSERT INTO Endereco(id, cep, estado, bairro, rua, numero)
VALUES (87, '72093-345', 'Pará', 'Butiá', 'Rua 30', '35');

INSERT INTO Endereco(id, cep, estado, bairro, rua, numero)
VALUES (88, '22104-796', 'Pernambuco', 'Cereja', 'Rua 63', '85');

INSERT INTO Endereco(id, cep, estado, bairro, rua, numero)
VALUES (89, '02111-226', 'Rondônia', 'Caraguata', 'Rua 81', '39');

INSERT INTO Endereco(id, cep, estado, bairro, rua, numero)
VALUES (90, '22122-730', 'Paraná', 'Jujuba', 'Rua 43', '87');

INSERT INTO Endereco(id, cep, estado, bairro, rua, numero)
VALUES (91, '92132-676', 'São Paulo', 'Juá', 'Rua 21', '97');

INSERT INTO Endereco(id, cep, estado, bairro, rua, numero)
VALUES (92, '42145-918', 'Espírito Santo', 'Camu - Camu', 'Rua 24', '37');

INSERT INTO Endereco(id, cep, estado, bairro, rua, numero)
VALUES (93, '32156-452', 'Ceará', 'Maçã Fuji', 'Rua 23', '98');

INSERT INTO Endereco(id, cep, estado, bairro, rua, numero)
VALUES (94, '62166-899', 'Tocantins', 'Dendê', 'Rua 83', '70');

INSERT INTO Endereco(id, cep, estado, bairro, rua, numero)
VALUES (95, '12174-833', 'São Paulo', 'Goiaba branca', 'Rua 95', '12');

INSERT INTO Endereco(id, cep, estado, bairro, rua, numero)
VALUES (96, '92182-331', 'Paraná', 'Tangerina Poncâ', 'Rua 88', '80');

INSERT INTO Endereco(id, cep, estado, bairro, rua, numero)
VALUES (97, '02198-747', 'Rondônia', 'Cagaita', 'Rua 71', '51');

INSERT INTO Endereco(id, cep, estado, bairro, rua, numero)
VALUES (98, '42206-781', 'Paraná', 'Calamondin', 'Rua 95', '34');

INSERT INTO Endereco(id, cep, estado, bairro, rua, numero)
VALUES (99, '62211-779', 'Bahia', 'Abacaxi', 'Rua 14', '17');

INSERT INTO Endereco(id, cep, estado, bairro, rua, numero)
VALUES (100, '12221-879', 'Espírito Santo', 'Lichia', 'Rua 99', '99');

INSERT INTO Endereco(id, cep, estado, bairro, rua, numero)
VALUES (101, '12238-296', 'Bahia', 'Pêra Park', 'Rua 66', '52');

INSERT INTO Endereco(id, cep, estado, bairro, rua, numero)
VALUES (102, '32246-514', 'Rio Grande do Sul', 'Achachairu', 'Rua 19', '62');

INSERT INTO Endereco(id, cep, estado, bairro, rua, numero)
VALUES (103, '22250-918', 'Rio de Janeiro', 'Mamoncillo', 'Rua 22', '92');

INSERT INTO Endereco(id, cep, estado, bairro, rua, numero)
VALUES (104, '22263-691', 'Goiás', 'Cajá', 'Rua 39', '82');

INSERT INTO Endereco(id, cep, estado, bairro, rua, numero)
VALUES (105, '32275-136', 'Goiás', 'Tangerina Poncâ', 'Rua 17', '77');

INSERT INTO Endereco(id, cep, estado, bairro, rua, numero)
VALUES (106, '62288-711', 'Rondônia', 'Uva japonesa', 'Rua 89', '48');

INSERT INTO Endereco(id, cep, estado, bairro, rua, numero)
VALUES (107, '32293-565', 'Alagoas', 'Guabiroba', 'Rua 87', '66');

INSERT INTO Endereco(id, cep, estado, bairro, rua, numero)
VALUES (108, '12304-818', 'Rio Grande do Sul', 'Mamey', 'Rua 35', '34');

INSERT INTO Endereco(id, cep, estado, bairro, rua, numero)
VALUES (109, '12311-451', 'Goiás', 'Maná - Cubiu', 'Rua 86', '85');

INSERT INTO Endereco(id, cep, estado, bairro, rua, numero)
VALUES (110, '42329-569', 'Rio Grande do Sul', 'Uva itália', 'Rua 30', '68');

INSERT INTO Endereco(id, cep, estado, bairro, rua, numero)
VALUES (111, '02333-255', 'Alagoas', 'Jambo branco', 'Rua 10', '53');

INSERT INTO Endereco(id, cep, estado, bairro, rua, numero)
VALUES (112, '02343-770', 'Alagoas', 'Cidra', 'Rua 69', '90');

INSERT INTO Endereco(id, cep, estado, bairro, rua, numero)
VALUES (113, '12357-034', 'Alagoas', 'Noz Pecã', 'Rua 68', '77');

INSERT INTO Endereco(id, cep, estado, bairro, rua, numero)
VALUES (114, '42360-278', 'Bahia', 'Kiwi', 'Rua 72', '21');

INSERT INTO Endereco(id, cep, estado, bairro, rua, numero)
VALUES (115, '22371-722', 'Roraima', 'Mabolo', 'Rua 35', '72');

INSERT INTO Endereco(id, cep, estado, bairro, rua, numero)
VALUES (116, '92380-029', 'Amapá', 'Mangostin', 'Rua 43', '40');

INSERT INTO Endereco(id, cep, estado, bairro, rua, numero)
VALUES (117, '02396-045', 'Rio de Janeiro', 'Abacaxi', 'Rua 10', '41');

INSERT INTO Endereco(id, cep, estado, bairro, rua, numero)
VALUES (118, '32407-516', 'Mato Grosso do Sul', 'Macadâmia', 'Rua 70', '14');

INSERT INTO Endereco(id, cep, estado, bairro, rua, numero)
VALUES (119, '22417-134', 'Rio de Janeiro', 'Langsat', 'Rua 95', '17');

INSERT INTO Endereco(id, cep, estado, bairro, rua, numero)
VALUES (120, '42429-235', 'Ceará', 'Jujuba chinesa', 'Rua 92', '55');

INSERT INTO Endereco(id, cep, estado, bairro, rua, numero)
VALUES (121, '22431-211', 'Pernambuco', 'Ilama', 'Rua 82', '66');

INSERT INTO Endereco(id, cep, estado, bairro, rua, numero)
VALUES (122, '02441-318', 'Maranhão', 'Physalis', 'Rua 82', '78');

INSERT INTO Endereco(id, cep, estado, bairro, rua, numero)
VALUES (123, '82456-486', 'Paraná', 'Pitomba', 'Rua 47', '56');

INSERT INTO Endereco(id, cep, estado, bairro, rua, numero)
VALUES (124, '72464-246', 'Rio Grande do Norte', 'Pêra Williams', 'Rua 72', '22');

INSERT INTO Endereco(id, cep, estado, bairro, rua, numero)
VALUES (125, '72479-656', 'Tocantins', 'Abacaxi', 'Rua 84', '21');

INSERT INTO Endereco(id, cep, estado, bairro, rua, numero)
VALUES (126, '72489-861', 'Bahia', 'Laranja valência', 'Rua 97', '65');

INSERT INTO Endereco(id, cep, estado, bairro, rua, numero)
VALUES (127, '72494-040', 'Rio Grande do Norte', 'Ingá', 'Rua 15', '71');

INSERT INTO Endereco(id, cep, estado, bairro, rua, numero)
VALUES (128, '92505-005', 'Piauí', 'Tâmara natural', 'Rua 98', '73');

INSERT INTO Endereco(id, cep, estado, bairro, rua, numero)
VALUES (129, '22518-224', 'Paraná', 'Baru', 'Rua 12', '20');

INSERT INTO Endereco(id, cep, estado, bairro, rua, numero)
VALUES (130, '12523-613', 'Acre', 'Amêndoa', 'Rua 16', '96');

INSERT INTO Endereco(id, cep, estado, bairro, rua, numero)
VALUES (131, '12537-467', 'Amapá', 'Banana Maçã', 'Rua 33', '58');

INSERT INTO Endereco(id, cep, estado, bairro, rua, numero)
VALUES (132, '92544-276', 'Bahia', 'Guaraná', 'Rua 36', '56');

INSERT INTO Endereco(id, cep, estado, bairro, rua, numero)
VALUES (133, '52556-053', 'Pará', 'Noz Pecã', 'Rua 13', '66');

INSERT INTO Endereco(id, cep, estado, bairro, rua, numero)
VALUES (134, '02566-597', 'Paraná', 'Cherimóia', 'Rua 30', '13');

INSERT INTO Endereco(id, cep, estado, bairro, rua, numero)
VALUES (135, '32573-283', 'Rio de Janeiro', 'Kinkan', 'Rua 73', '39');

INSERT INTO Endereco(id, cep, estado, bairro, rua, numero)
VALUES (136, '22580-702', 'Paraíba', 'Calabura', 'Rua 22', '28');

INSERT INTO Endereco(id, cep, estado, bairro, rua, numero)
VALUES (137, '12593-700', 'Amapá', 'Banana figo', 'Rua 14', '29');

INSERT INTO Endereco(id, cep, estado, bairro, rua, numero)
VALUES (138, '72606-010', 'Amapá', 'Abacaxi', 'Rua 98', '90');

INSERT INTO Endereco(id, cep, estado, bairro, rua, numero)
VALUES (139, '22610-806', 'Mato Grosso do Sul', 'Maçã Fuji', 'Rua 69', '97');

INSERT INTO Endereco(id, cep, estado, bairro, rua, numero)
VALUES (140, '52626-482', 'Distrito Federal', 'Salak', 'Rua 64', '98');

INSERT INTO Endereco(id, cep, estado, bairro, rua, numero)
VALUES (141, '72638-769', 'Rio Grande do Sul', 'Pêra Park', 'Rua 73', '27');

INSERT INTO Endereco(id, cep, estado, bairro, rua, numero)
VALUES (142, '22642-882', 'Tocantins', 'Manga tommy', 'Rua 66', '50');

INSERT INTO Endereco(id, cep, estado, bairro, rua, numero)
VALUES (143, '22659-753', 'Maranhão', 'Cacau', 'Rua 43', '95');

INSERT INTO Endereco(id, cep, estado, bairro, rua, numero)
VALUES (144, '42668-378', 'Rio de Janeiro', 'Maçã argentina', 'Rua 70', '65');

INSERT INTO Endereco(id, cep, estado, bairro, rua, numero)
VALUES (145, '42673-181', 'Minas Gerais', 'Abricó', 'Rua 97', '21');

INSERT INTO Endereco(id, cep, estado, bairro, rua, numero)
VALUES (146, '22689-023', 'Distrito Federal', 'Goiaba vermelha', 'Rua 58', '91');

INSERT INTO Endereco(id, cep, estado, bairro, rua, numero)
VALUES (147, '42690-730', 'Tocantins', 'Coco fresco', 'Rua 40', '44');

INSERT INTO Endereco(id, cep, estado, bairro, rua, numero)
VALUES (148, '22707-729', 'Paraíba', 'Tarumã', 'Rua 77', '30');

INSERT INTO Endereco(id, cep, estado, bairro, rua, numero)
VALUES (149, '32710-212', 'São Paulo', 'Carambola', 'Rua 72', '92');

INSERT INTO Endereco(id, cep, estado, bairro, rua, numero)
VALUES (150, '32723-219', 'Maranhão', 'Veludo', 'Rua 47', '82');

INSERT INTO Endereco(id, cep, estado, bairro, rua, numero)
VALUES (151, '72738-886', 'Acre', 'Pêra Williams', 'Rua 67', '65');

INSERT INTO Endereco(id, cep, estado, bairro, rua, numero)
VALUES (152, '62748-450', 'Goiás', 'Caqui japonês', 'Rua 17', '57');

INSERT INTO Endereco(id, cep, estado, bairro, rua, numero)
VALUES (153, '02756-768', 'Rio Grande do Norte', 'Cutite', 'Rua 66', '62');

INSERT INTO Endereco(id, cep, estado, bairro, rua, numero)
VALUES (154, '62768-199', 'Tocantins', 'Mutamba', 'Rua 97', '18');

INSERT INTO Endereco(id, cep, estado, bairro, rua, numero)
VALUES (155, '32779-013', 'São Paulo', 'Jaca', 'Rua 11', '65');

INSERT INTO Endereco(id, cep, estado, bairro, rua, numero)
VALUES (156, '22784-533', 'Bahia', 'Banana Maçã', 'Rua 16', '75');

INSERT INTO Endereco(id, cep, estado, bairro, rua, numero)
VALUES (157, '52791-092', 'Mato Grosso', 'Maçã Fuji', 'Rua 88', '55');

INSERT INTO Endereco(id, cep, estado, bairro, rua, numero)
VALUES (158, '52800-537', 'Ceará', 'Calamondin', 'Rua 66', '32');

INSERT INTO Endereco(id, cep, estado, bairro, rua, numero)
VALUES (159, '42811-542', 'Paraíba', 'Jaracatiá', 'Rua 54', '65');

INSERT INTO Endereco(id, cep, estado, bairro, rua, numero)
VALUES (160, '92827-516', 'Bahia', 'Marmelo', 'Rua 90', '78');

INSERT INTO Endereco(id, cep, estado, bairro, rua, numero)
VALUES (161, '52832-858', 'Rio Grande do Norte', 'Banana Nanica', 'Rua 66', '67');

INSERT INTO Endereco(id, cep, estado, bairro, rua, numero)
VALUES (162, '32847-701', 'Sergipe', 'Figo', 'Rua 40', '64');

INSERT INTO Endereco(id, cep, estado, bairro, rua, numero)
VALUES (163, '32858-824', 'Amapá', 'Mangostin', 'Rua 73', '18');

INSERT INTO Endereco(id, cep, estado, bairro, rua, numero)
VALUES (164, '12862-227', 'Goiás', 'Mamey', 'Rua 20', '94');

INSERT INTO Endereco(id, cep, estado, bairro, rua, numero)
VALUES (165, '92873-123', 'Espírito Santo', 'Uva niagara', 'Rua 91', '74');

INSERT INTO Endereco(id, cep, estado, bairro, rua, numero)
VALUES (166, '62888-476', 'Paraná', 'Uvalha', 'Rua 95', '50');

INSERT INTO Endereco(id, cep, estado, bairro, rua, numero)
VALUES (167, '22899-434', 'Pará', 'Figo da índia amarelo', 'Rua 37', '78');

INSERT INTO Endereco(id, cep, estado, bairro, rua, numero)
VALUES (168, '62907-864', 'Rio de Janeiro', 'Mangaba', 'Rua 17', '21');

INSERT INTO Endereco(id, cep, estado, bairro, rua, numero)
VALUES (169, '52915-171', 'Pernambuco', 'Pitaya', 'Rua 62', '66');

INSERT INTO Endereco(id, cep, estado, bairro, rua, numero)
VALUES (170, '02926-261', 'Ceará', 'Damasco', 'Rua 51', '57');

INSERT INTO Endereco(id, cep, estado, bairro, rua, numero)
VALUES (171, '52930-509', 'São Paulo', 'Calabura', 'Rua 82', '88');

INSERT INTO Endereco(id, cep, estado, bairro, rua, numero)
VALUES (172, '22946-236', 'Tocantins', 'Cabeludinha', 'Rua 80', '18');

INSERT INTO Endereco(id, cep, estado, bairro, rua, numero)
VALUES (173, '02950-129', 'Tocantins', 'Pitomba', 'Rua 95', '55');

INSERT INTO Endereco(id, cep, estado, bairro, rua, numero)
VALUES (174, '22963-915', 'Bahia', 'Jatobáá', 'Rua 64', '10');

INSERT INTO Endereco(id, cep, estado, bairro, rua, numero)
VALUES (175, '02972-415', 'Mato Grosso do Sul', 'Maracujá', 'Rua 54', '33');

INSERT INTO Endereco(id, cep, estado, bairro, rua, numero)
VALUES (176, '42985-272', 'Sergipe', 'Banana da terra', 'Rua 68', '21');

INSERT INTO Endereco(id, cep, estado, bairro, rua, numero)
VALUES (177, '42992-843', 'Sergipe', 'Uva branca', 'Rua 12', '48');

INSERT INTO Endereco(id, cep, estado, bairro, rua, numero)
VALUES (178, '03008-633', 'Paraíba', 'Mandacarú', 'Rua 99', '95');

INSERT INTO Endereco(id, cep, estado, bairro, rua, numero)
VALUES (179, '73016-548', 'Rondônia', 'Mangostão', 'Rua 67', '90');

INSERT INTO Endereco(id, cep, estado, bairro, rua, numero)
VALUES (180, '43023-994', 'Distrito Federal', 'Tamarindo', 'Rua 55', '48');

INSERT INTO Endereco(id, cep, estado, bairro, rua, numero)
VALUES (181, '73039-542', 'Goiás', 'Tâmara', 'Rua 44', '52');

INSERT INTO Endereco(id, cep, estado, bairro, rua, numero)
VALUES (182, '83049-063', 'Paraná', 'Caqui', 'Rua 81', '54');

INSERT INTO Endereco(id, cep, estado, bairro, rua, numero)
VALUES (183, '93056-827', 'São Paulo', 'Figo da índia vermelho', 'Rua 78', '34');

INSERT INTO Endereco(id, cep, estado, bairro, rua, numero)
VALUES (184, '23062-452', 'Rio de Janeiro', 'Araçá', 'Rua 69', '45');

INSERT INTO Endereco(id, cep, estado, bairro, rua, numero)
VALUES (185, '13072-798', 'Mato Grosso do Sul', 'Uva passa', 'Rua 60', '46');

INSERT INTO Endereco(id, cep, estado, bairro, rua, numero)
VALUES (186, '43082-079', 'Minas Gerais', 'Pistache', 'Rua 23', '60');

INSERT INTO Endereco(id, cep, estado, bairro, rua, numero)
VALUES (187, '23096-809', 'Acre', 'Cherimóia', 'Rua 66', '59');

INSERT INTO Endereco(id, cep, estado, bairro, rua, numero)
VALUES (188, '83101-382', 'Sergipe', 'Fruta - Pão', 'Rua 78', '16');

INSERT INTO Endereco(id, cep, estado, bairro, rua, numero)
VALUES (189, '83119-447', 'Pará', 'Uva', 'Rua 77', '31');

INSERT INTO Endereco(id, cep, estado, bairro, rua, numero)
VALUES (190, '33126-103', 'Minas Gerais', 'Cubiu', 'Rua 52', '73');

INSERT INTO Endereco(id, cep, estado, bairro, rua, numero)
VALUES (191, '13137-444', 'Mato Grosso', 'Uva branca', 'Rua 70', '48');

INSERT INTO Endereco(id, cep, estado, bairro, rua, numero)
VALUES (192, '13145-900', 'Piauí', 'Mamão formosa', 'Rua 60', '20');

INSERT INTO Endereco(id, cep, estado, bairro, rua, numero)
VALUES (193, '93157-702', 'Rio Grande do Sul', 'Goiaba branca', 'Rua 68', '18');

INSERT INTO Endereco(id, cep, estado, bairro, rua, numero)
VALUES (194, '73169-853', 'Pará', 'Jabuticaba branca', 'Rua 99', '22');

INSERT INTO Endereco(id, cep, estado, bairro, rua, numero)
VALUES (195, '83177-084', 'Rio de Janeiro', 'Jambolão', 'Rua 94', '17');

INSERT INTO Endereco(id, cep, estado, bairro, rua, numero)
VALUES (196, '13183-354', 'Roraima', 'Açaí', 'Rua 27', '52');

INSERT INTO Endereco(id, cep, estado, bairro, rua, numero)
VALUES (197, '33193-952', 'Rio Grande do Sul', 'Jaca', 'Rua 79', '83');

INSERT INTO Endereco(id, cep, estado, bairro, rua, numero)
VALUES (198, '83200-413', 'Santa Catarina', 'Piquiá', 'Rua 73', '21');

INSERT INTO Endereco(id, cep, estado, bairro, rua, numero)
VALUES (199, '13214-344', 'Amapá', 'Condessa', 'Rua 80', '28');

INSERT INTO Endereco(id, cep, estado, bairro, rua, numero)
VALUES (200, '53222-707', 'Roraima', 'Tucumã', 'Rua 94', '47');

INSERT INTO Endereco(id, cep, estado, bairro, rua, numero)
VALUES (201, '33235-157', 'Rio Grande do Sul', 'Langsat', 'Rua 12', '56');

INSERT INTO Endereco(id, cep, estado, bairro, rua, numero)
VALUES (202, '23246-086', 'Maranhão', 'Banana Passa', 'Rua 68', '11');

INSERT INTO Endereco(id, cep, estado, bairro, rua, numero)
VALUES (203, '33253-965', 'Distrito Federal', 'Coco babaçu', 'Rua 74', '99');

INSERT INTO Endereco(id, cep, estado, bairro, rua, numero)
VALUES (204, '33268-929', 'Rio de Janeiro', 'Tucumã', 'Rua 15', '93');

INSERT INTO Endereco(id, cep, estado, bairro, rua, numero)
VALUES (205, '73274-673', 'Alagoas', 'Figo', 'Rua 90', '69');

INSERT INTO Endereco(id, cep, estado, bairro, rua, numero)
VALUES (206, '53285-056', 'Rio de Janeiro', 'Mexerica', 'Rua 21', '63');

INSERT INTO Endereco(id, cep, estado, bairro, rua, numero)
VALUES (207, '93293-002', 'Sergipe', 'Caqui japonês', 'Rua 84', '66');

INSERT INTO Endereco(id, cep, estado, bairro, rua, numero)
VALUES (208, '53306-188', 'Sergipe', 'Manga haden', 'Rua 81', '63');

INSERT INTO Endereco(id, cep, estado, bairro, rua, numero)
VALUES (209, '53315-095', 'Acre', 'Graviola', 'Rua 67', '15');

INSERT INTO Endereco(id, cep, estado, bairro, rua, numero)
VALUES (210, '33325-415', 'Maranhão', 'Guabiju', 'Rua 67', '23');

INSERT INTO Endereco(id, cep, estado, bairro, rua, numero)
VALUES (211, '53331-046', 'São Paulo', 'Marang', 'Rua 26', '21');

INSERT INTO Endereco(id, cep, estado, bairro, rua, numero)
VALUES (212, '73341-933', 'Piauí', 'Calabaça', 'Rua 98', '36');

INSERT INTO Endereco(id, cep, estado, bairro, rua, numero)
VALUES (213, '13350-486', 'Amazonas', 'Pupunha', 'Rua 96', '65');

INSERT INTO Endereco(id, cep, estado, bairro, rua, numero)
VALUES (214, '13363-889', 'Santa Catarina', 'Araçá', 'Rua 94', '67');

INSERT INTO Endereco(id, cep, estado, bairro, rua, numero)
VALUES (215, '93379-374', 'Ceará', 'Mamão papaia', 'Rua 84', '52');

INSERT INTO Endereco(id, cep, estado, bairro, rua, numero)
VALUES (216, '33383-695', 'Minas Gerais', 'Caraguata', 'Rua 38', '39');

INSERT INTO Endereco(id, cep, estado, bairro, rua, numero)
VALUES (217, '23392-579', 'Acre', 'Banana Pacova', 'Rua 15', '67');

INSERT INTO Endereco(id, cep, estado, bairro, rua, numero)
VALUES (218, '73405-867', 'Santa Catarina', 'Pêssego', 'Rua 65', '81');

INSERT INTO Endereco(id, cep, estado, bairro, rua, numero)
VALUES (219, '53412-952', 'Maranhão', 'Mutamba', 'Rua 85', '26');

INSERT INTO Endereco(id, cep, estado, bairro, rua, numero)
VALUES (220, '93426-356', 'São Paulo', 'Banana Pacova', 'Rua 84', '86');

INSERT INTO Endereco(id, cep, estado, bairro, rua, numero)
VALUES (221, '63430-018', 'Tocantins', 'Pitomba', 'Rua 61', '68');

INSERT INTO Endereco(id, cep, estado, bairro, rua, numero)
VALUES (222, '43440-060', 'Amapá', 'Bacaba', 'Rua 46', '38');

INSERT INTO Endereco(id, cep, estado, bairro, rua, numero)
VALUES (223, '53451-690', 'Ceará', 'Goiaba vermelha', 'Rua 35', '43');

INSERT INTO Endereco(id, cep, estado, bairro, rua, numero)
VALUES (224, '53466-653', 'Ceará', 'Manga bourbon', 'Rua 87', '97');

INSERT INTO Endereco(id, cep, estado, bairro, rua, numero)
VALUES (225, '43472-930', 'Sergipe', 'Amêndoa', 'Rua 48', '24');

INSERT INTO Endereco(id, cep, estado, bairro, rua, numero)
VALUES (226, '63489-587', 'Espírito Santo', 'Cajá vermelho', 'Rua 46', '99');

INSERT INTO Endereco(id, cep, estado, bairro, rua, numero)
VALUES (227, '73499-835', 'Distrito Federal', 'Limão tahiti', 'Rua 69', '34');

INSERT INTO Endereco(id, cep, estado, bairro, rua, numero)
VALUES (228, '43509-451', 'Ceará', 'Pitanga', 'Rua 18', '89');

INSERT INTO Endereco(id, cep, estado, bairro, rua, numero)
VALUES (229, '83513-248', 'Sergipe', 'Ilama', 'Rua 95', '91');

INSERT INTO Endereco(id, cep, estado, bairro, rua, numero)
VALUES (230, '93524-759', 'Goiás', 'Mangaba', 'Rua 91', '80');

INSERT INTO Endereco(id, cep, estado, bairro, rua, numero)
VALUES (231, '23538-123', 'Paraná', 'Coco', 'Rua 33', '40');

INSERT INTO Endereco(id, cep, estado, bairro, rua, numero)
VALUES (232, '83549-256', 'Alagoas', 'Glicosmis', 'Rua 51', '13');

INSERT INTO Endereco(id, cep, estado, bairro, rua, numero)
VALUES (233, '73555-678', 'Rondônia', 'Graviola', 'Rua 25', '11');

INSERT INTO Endereco(id, cep, estado, bairro, rua, numero)
VALUES (234, '73568-902', 'Minas Gerais', 'Bacupari', 'Rua 38', '33');

INSERT INTO Endereco(id, cep, estado, bairro, rua, numero)
VALUES (235, '83572-033', 'Alagoas', 'Cherimóia', 'Rua 82', '16');

INSERT INTO Endereco(id, cep, estado, bairro, rua, numero)
VALUES (236, '63583-608', 'Bahia', 'Goiaba branca', 'Rua 67', '98');

INSERT INTO Endereco(id, cep, estado, bairro, rua, numero)
VALUES (237, '33591-526', 'Alagoas', 'Mamão', 'Rua 96', '32');

INSERT INTO Endereco(id, cep, estado, bairro, rua, numero)
VALUES (238, '23600-065', 'Espírito Santo', 'Maná - Cubiu', 'Rua 40', '88');

INSERT INTO Endereco(id, cep, estado, bairro, rua, numero)
VALUES (239, '53610-784', 'Rio de Janeiro', 'Caimito branco', 'Rua 29', '34');

INSERT INTO Endereco(id, cep, estado, bairro, rua, numero)
VALUES (240, '93621-677', 'Rio Grande do Sul', 'Damasco', 'Rua 52', '85');

INSERT INTO Endereco(id, cep, estado, bairro, rua, numero)
VALUES (241, '23636-724', 'Amazonas', 'Frutas do Cerrado', 'Rua 25', '35');

INSERT INTO Endereco(id, cep, estado, bairro, rua, numero)
VALUES (242, '23648-591', 'Minas Gerais', 'Rambutão', 'Rua 10', '38');

INSERT INTO Endereco(id, cep, estado, bairro, rua, numero)
VALUES (243, '03659-633', 'Sergipe', 'Cabeludinha', 'Rua 26', '35');

INSERT INTO Endereco(id, cep, estado, bairro, rua, numero)
VALUES (244, '03668-474', 'Paraíba', 'Abacaxi', 'Rua 28', '97');

INSERT INTO Endereco(id, cep, estado, bairro, rua, numero)
VALUES (245, '03670-530', 'Alagoas', 'Atemoya', 'Rua 31', '89');

INSERT INTO Endereco(id, cep, estado, bairro, rua, numero)
VALUES (246, '93682-638', 'Mato Grosso do Sul', 'Umbu', 'Rua 82', '75');

INSERT INTO Endereco(id, cep, estado, bairro, rua, numero)
VALUES (247, '43693-824', 'Pará', 'Kiwi', 'Rua 64', '72');

INSERT INTO Endereco(id, cep, estado, bairro, rua, numero)
VALUES (248, '83704-039', 'Paraíba', 'Avocadoe', 'Rua 17', '11');

INSERT INTO Endereco(id, cep, estado, bairro, rua, numero)
VALUES (249, '53716-750', 'Mato Grosso', 'Bacupari', 'Rua 85', '17');

INSERT INTO Endereco(id, cep, estado, bairro, rua, numero)
VALUES (250, '93720-100', 'Espírito Santo', 'Fruta - Pão', 'Rua 92', '14');

INSERT INTO Endereco(id, cep, estado, bairro, rua, numero)
VALUES (251, '03734-526', 'Pará', 'Lucuma', 'Rua 71', '61');

INSERT INTO Endereco(id, cep, estado, bairro, rua, numero)
VALUES (252, '83745-959', 'Sergipe', 'Uva passa', 'Rua 16', '55');

INSERT INTO Endereco(id, cep, estado, bairro, rua, numero)
VALUES (253, '03758-311', 'Rio Grande do Norte', 'Caraguata', 'Rua 75', '79');

INSERT INTO Endereco(id, cep, estado, bairro, rua, numero)
VALUES (254, '03765-479', 'Rio Grande do Sul', 'Laranja lima', 'Rua 80', '34');

INSERT INTO Endereco(id, cep, estado, bairro, rua, numero)
VALUES (255, '63777-509', 'Mato Grosso', 'Cutite', 'Rua 80', '95');

INSERT INTO Endereco(id, cep, estado, bairro, rua, numero)
VALUES (256, '93782-891', 'Paraíba', 'Limão siciliano', 'Rua 11', '52');

INSERT INTO Endereco(id, cep, estado, bairro, rua, numero)
VALUES (257, '23790-643', 'Santa Catarina', 'Uva itália', 'Rua 43', '12');

INSERT INTO Endereco(id, cep, estado, bairro, rua, numero)
VALUES (258, '93802-263', 'Maranhão', 'Jabuticaba', 'Rua 65', '31');

INSERT INTO Endereco(id, cep, estado, bairro, rua, numero)
VALUES (259, '13816-738', 'São Paulo', 'Toranja', 'Rua 74', '49');

INSERT INTO Endereco(id, cep, estado, bairro, rua, numero)
VALUES (260, '73827-491', 'Mato Grosso', 'Champedaque', 'Rua 37', '45');

INSERT INTO Endereco(id, cep, estado, bairro, rua, numero)
VALUES (261, '53838-632', 'Mato Grosso do Sul', 'Jenipapo', 'Rua 55', '49');

INSERT INTO Endereco(id, cep, estado, bairro, rua, numero)
VALUES (262, '03849-514', 'Mato Grosso do Sul', 'Avelã', 'Rua 74', '56');

INSERT INTO Endereco(id, cep, estado, bairro, rua, numero)
VALUES (263, '93850-685', 'Sergipe', 'Limão siciliano', 'Rua 93', '46');

INSERT INTO Endereco(id, cep, estado, bairro, rua, numero)
VALUES (264, '13868-002', 'Santa Catarina', 'Cereja', 'Rua 14', '45');

INSERT INTO Endereco(id, cep, estado, bairro, rua, numero)
VALUES (265, '73871-398', 'Amapá', 'Cutite', 'Rua 93', '38');

INSERT INTO Endereco(id, cep, estado, bairro, rua, numero)
VALUES (266, '63886-049', 'Acre', 'Anonáceas', 'Rua 95', '70');

INSERT INTO Endereco(id, cep, estado, bairro, rua, numero)
VALUES (267, '43893-843', 'Mato Grosso', 'Jambo amarelo', 'Rua 15', '83');

INSERT INTO Endereco(id, cep, estado, bairro, rua, numero)
VALUES (268, '93903-995', 'Piauí', 'Akee', 'Rua 24', '86');

INSERT INTO Endereco(id, cep, estado, bairro, rua, numero)
VALUES (269, '63915-760', 'Maranhão', 'Cambuci', 'Rua 80', '75');

INSERT INTO Endereco(id, cep, estado, bairro, rua, numero)
VALUES (270, '43924-732', 'Pará', 'Maçã', 'Rua 58', '97');

INSERT INTO Endereco(id, cep, estado, bairro, rua, numero)
VALUES (271, '53935-928', 'Distrito Federal', 'Melancia amarela', 'Rua 71', '19');

INSERT INTO Endereco(id, cep, estado, bairro, rua, numero)
VALUES (272, '63947-969', 'Ceará', 'Tarumã', 'Rua 18', '36');

INSERT INTO Endereco(id, cep, estado, bairro, rua, numero)
VALUES (273, '33951-758', 'Rio Grande do Sul', 'Café', 'Rua 80', '44');

INSERT INTO Endereco(id, cep, estado, bairro, rua, numero)
VALUES (274, '93965-284', 'Paraíba', 'Lichia', 'Rua 63', '19');

INSERT INTO Endereco(id, cep, estado, bairro, rua, numero)
VALUES (275, '93971-586', 'Amapá', 'Macadâmia', 'Rua 72', '89');

INSERT INTO Endereco(id, cep, estado, bairro, rua, numero)
VALUES (276, '63980-213', 'Sergipe', 'Figo da índia vermelho', 'Rua 56', '36');

INSERT INTO Endereco(id, cep, estado, bairro, rua, numero)
VALUES (277, '83997-564', 'Pará', 'Caqui chocolate', 'Rua 45', '94');

INSERT INTO Endereco(id, cep, estado, bairro, rua, numero)
VALUES (278, '34001-598', 'Minas Gerais', 'Banana dágua', 'Rua 76', '52');

INSERT INTO Endereco(id, cep, estado, bairro, rua, numero)
VALUES (279, '84017-122', 'Paraná', 'Tâmara natural', 'Rua 60', '96');

INSERT INTO Endereco(id, cep, estado, bairro, rua, numero)
VALUES (280, '94027-589', 'Paraíba', 'Uva passa', 'Rua 84', '27');

INSERT INTO Endereco(id, cep, estado, bairro, rua, numero)
VALUES (281, '14034-199', 'Rio de Janeiro', 'Camu - Camu', 'Rua 17', '79');

INSERT INTO Endereco(id, cep, estado, bairro, rua, numero)
VALUES (282, '54041-047', 'Bahia', 'Pulasan', 'Rua 13', '75');

INSERT INTO Endereco(id, cep, estado, bairro, rua, numero)
VALUES (283, '54052-911', 'Minas Gerais', 'Grapefruit rosa', 'Rua 51', '29');

INSERT INTO Endereco(id, cep, estado, bairro, rua, numero)
VALUES (284, '34065-720', 'Distrito Federal', 'Limão siciliano', 'Rua 52', '41');

INSERT INTO Endereco(id, cep, estado, bairro, rua, numero)
VALUES (285, '24076-414', 'Santa Catarina', 'Caimito', 'Rua 13', '40');

INSERT INTO Endereco(id, cep, estado, bairro, rua, numero)
VALUES (286, '84086-166', 'Piauí', 'Guabiroba', 'Rua 98', '66');

INSERT INTO Endereco(id, cep, estado, bairro, rua, numero)
VALUES (287, '74097-434', 'Maranhão', 'Feijoa', 'Rua 41', '70');

INSERT INTO Endereco(id, cep, estado, bairro, rua, numero)
VALUES (288, '84107-295', 'Paraná', 'Avelã', 'Rua 90', '29');

INSERT INTO Endereco(id, cep, estado, bairro, rua, numero)
VALUES (289, '54111-435', 'Pernambuco', 'Uvaia', 'Rua 56', '47');

INSERT INTO Endereco(id, cep, estado, bairro, rua, numero)
VALUES (290, '64129-661', 'Goiás', 'Juá', 'Rua 40', '18');

INSERT INTO Endereco(id, cep, estado, bairro, rua, numero)
VALUES (291, '44135-017', 'Piauí', 'Maçã Fuji', 'Rua 30', '96');

INSERT INTO Endereco(id, cep, estado, bairro, rua, numero)
VALUES (292, '04144-886', 'Rondônia', 'Framboesa fresca', 'Rua 64', '10');

INSERT INTO Endereco(id, cep, estado, bairro, rua, numero)
VALUES (293, '24150-765', 'Pernambuco', 'Castanhas Variadas', 'Rua 73', '60');

INSERT INTO Endereco(id, cep, estado, bairro, rua, numero)
VALUES (294, '34165-954', 'Acre', 'Marolo', 'Rua 53', '25');

INSERT INTO Endereco(id, cep, estado, bairro, rua, numero)
VALUES (295, '74178-714', 'Santa Catarina', 'Citrus em Geral', 'Rua 85', '51');

INSERT INTO Endereco(id, cep, estado, bairro, rua, numero)
VALUES (296, '14185-540', 'Piauí', 'Mamão papaia', 'Rua 59', '59');

INSERT INTO Endereco(id, cep, estado, bairro, rua, numero)
VALUES (297, '34194-113', 'Acre', 'Blueberry', 'Rua 51', '32');

INSERT INTO Endereco(id, cep, estado, bairro, rua, numero)
VALUES (298, '74202-981', 'Pará', 'Cajá vermelho', 'Rua 74', '32');

INSERT INTO Endereco(id, cep, estado, bairro, rua, numero)
VALUES (299, '14216-747', 'Amapá', 'Xixa', 'Rua 78', '17');

INSERT INTO Endereco(id, cep, estado, bairro, rua, numero)
VALUES (300, '94228-013', 'Pernambuco', 'Uva', 'Rua 91', '81');

INSERT INTO Endereco(id, cep, estado, bairro, rua, numero)
VALUES (301, '24231-026', 'Rio de Janeiro', 'Feijoa', 'Rua 48', '13');

INSERT INTO Endereco(id, cep, estado, bairro, rua, numero)
VALUES (302, '54243-253', 'São Paulo', 'Guabiju', 'Rua 62', '30');

INSERT INTO Endereco(id, cep, estado, bairro, rua, numero)
VALUES (303, '94251-787', 'Rio Grande do Norte', 'Jaca', 'Rua 49', '56');

INSERT INTO Endereco(id, cep, estado, bairro, rua, numero)
VALUES (304, '34264-169', 'Rio Grande do Norte', 'Umbu', 'Rua 97', '99');

INSERT INTO Endereco(id, cep, estado, bairro, rua, numero)
VALUES (305, '64274-968', 'Paraná', 'Castanha do pará', 'Rua 75', '68');

INSERT INTO Endereco(id, cep, estado, bairro, rua, numero)
VALUES (306, '84281-084', 'Bahia', 'Avocadoe', 'Rua 84', '11');

INSERT INTO Endereco(id, cep, estado, bairro, rua, numero)
VALUES (307, '44298-540', 'São Paulo', 'Licuri', 'Rua 74', '64');

INSERT INTO Endereco(id, cep, estado, bairro, rua, numero)
VALUES (308, '64308-381', 'Santa Catarina', 'Coco babaçu', 'Rua 70', '64');

INSERT INTO Endereco(id, cep, estado, bairro, rua, numero)
VALUES (309, '54315-611', 'Rio Grande do Norte', 'Tarumã', 'Rua 47', '29');

INSERT INTO Endereco(id, cep, estado, bairro, rua, numero)
VALUES (310, '64325-708', 'Mato Grosso do Sul', 'Condessa', 'Rua 88', '19');

INSERT INTO Endereco(id, cep, estado, bairro, rua, numero)
VALUES (311, '24331-136', 'Alagoas', 'Sapota', 'Rua 11', '82');

INSERT INTO Endereco(id, cep, estado, bairro, rua, numero)
VALUES (312, '54343-687', 'Rondônia', 'Camu-camu', 'Rua 35', '88');

INSERT INTO Endereco(id, cep, estado, bairro, rua, numero)
VALUES (313, '44350-368', 'Goiás', 'Uva branca', 'Rua 55', '72');

INSERT INTO Endereco(id, cep, estado, bairro, rua, numero)
VALUES (314, '04366-173', 'Piauí', 'Banana Maçã', 'Rua 46', '92');

INSERT INTO Endereco(id, cep, estado, bairro, rua, numero)
VALUES (315, '84378-634', 'Pernambuco', 'Melancia branca', 'Rua 67', '26');

INSERT INTO Endereco(id, cep, estado, bairro, rua, numero)
VALUES (316, '34382-143', 'Amazonas', 'Limão tahiti', 'Rua 69', '64');

INSERT INTO Endereco(id, cep, estado, bairro, rua, numero)
VALUES (317, '24396-444', 'Roraima', 'Grapefruit rosa', 'Rua 48', '79');

INSERT INTO Endereco(id, cep, estado, bairro, rua, numero)
VALUES (318, '64405-647', 'Alagoas', 'Jurubeba', 'Rua 25', '94');

INSERT INTO Endereco(id, cep, estado, bairro, rua, numero)
VALUES (319, '74419-085', 'São Paulo', 'Cupuaçu', 'Rua 93', '38');

INSERT INTO Endereco(id, cep, estado, bairro, rua, numero)
VALUES (320, '94426-839', 'Paraná', 'Uva branca', 'Rua 45', '11');

INSERT INTO Endereco(id, cep, estado, bairro, rua, numero)
VALUES (321, '04436-582', 'Paraná', 'Fruta - Pão', 'Rua 28', '39');

INSERT INTO Endereco(id, cep, estado, bairro, rua, numero)
VALUES (322, '64449-481', 'Mato Grosso do Sul', 'Cidra', 'Rua 75', '16');

INSERT INTO Endereco(id, cep, estado, bairro, rua, numero)
VALUES (323, '54452-247', 'Alagoas', 'Mamão', 'Rua 74', '81');

INSERT INTO Endereco(id, cep, estado, bairro, rua, numero)
VALUES (324, '14466-291', 'Ceará', 'Caqui', 'Rua 53', '14');

INSERT INTO Endereco(id, cep, estado, bairro, rua, numero)
VALUES (325, '34478-615', 'Goiás', 'Cardo branco', 'Rua 50', '74');

INSERT INTO Endereco(id, cep, estado, bairro, rua, numero)
VALUES (326, '44480-213', 'Rio Grande do Norte', 'Biribá', 'Rua 29', '43');

INSERT INTO Endereco(id, cep, estado, bairro, rua, numero)
VALUES (327, '44495-542', 'Distrito Federal', 'Banana figo', 'Rua 11', '25');

INSERT INTO Endereco(id, cep, estado, bairro, rua, numero)
VALUES (328, '84508-459', 'Pará', 'Longan', 'Rua 29', '42');

INSERT INTO Endereco(id, cep, estado, bairro, rua, numero)
VALUES (329, '24515-911', 'Piauí', 'Tucumã', 'Rua 26', '43');

INSERT INTO Endereco(id, cep, estado, bairro, rua, numero)
VALUES (330, '34529-553', 'Goiás', 'Ameixa', 'Rua 99', '59');

INSERT INTO Endereco(id, cep, estado, bairro, rua, numero)
VALUES (331, '54535-556', 'Alagoas', 'Pupunha', 'Rua 33', '83');

INSERT INTO Endereco(id, cep, estado, bairro, rua, numero)
VALUES (332, '04546-773', 'Tocantins', 'Mandacarú', 'Rua 12', '13');

INSERT INTO Endereco(id, cep, estado, bairro, rua, numero)
VALUES (333, '44550-397', 'Piauí', 'Uva japonesa', 'Rua 10', '73');

INSERT INTO Endereco(id, cep, estado, bairro, rua, numero)
VALUES (334, '34560-745', 'Rondônia', 'Abacate', 'Rua 11', '91');

INSERT INTO Endereco(id, cep, estado, bairro, rua, numero)
VALUES (335, '34570-686', 'Pernambuco', 'Guariroba', 'Rua 29', '24');

INSERT INTO Endereco(id, cep, estado, bairro, rua, numero)
VALUES (336, '84586-169', 'Rio Grande do Norte', 'Café', 'Rua 45', '72');

INSERT INTO Endereco(id, cep, estado, bairro, rua, numero)
VALUES (337, '04590-501', 'Santa Catarina', 'Guaraná', 'Rua 58', '47');

INSERT INTO Endereco(id, cep, estado, bairro, rua, numero)
VALUES (338, '44602-580', 'Santa Catarina', 'Uva branca', 'Rua 16', '53');

INSERT INTO Endereco(id, cep, estado, bairro, rua, numero)
VALUES (339, '74619-585', 'Tocantins', 'Damasco', 'Rua 68', '50');

INSERT INTO Endereco(id, cep, estado, bairro, rua, numero)
VALUES (340, '34629-605', 'Tocantins', 'Piquiá', 'Rua 61', '46');

INSERT INTO Endereco(id, cep, estado, bairro, rua, numero)
VALUES (341, '34634-346', 'Sergipe', 'Banana dágua', 'Rua 28', '66');

INSERT INTO Endereco(id, cep, estado, bairro, rua, numero)
VALUES (342, '24642-922', 'Espírito Santo', 'Ilama', 'Rua 62', '35');

INSERT INTO Endereco(id, cep, estado, bairro, rua, numero)
VALUES (343, '84653-280', 'Amazonas', 'Nêspera', 'Rua 58', '53');

INSERT INTO Endereco(id, cep, estado, bairro, rua, numero)
VALUES (344, '04665-940', 'Goiás', 'Cherimóia', 'Rua 79', '47');

INSERT INTO Endereco(id, cep, estado, bairro, rua, numero)
VALUES (345, '14677-022', 'Alagoas', 'Castanha portuguesa', 'Rua 52', '86');

INSERT INTO Endereco(id, cep, estado, bairro, rua, numero)
VALUES (346, '94687-872', 'Alagoas', 'Kinkan', 'Rua 89', '23');

INSERT INTO Endereco(id, cep, estado, bairro, rua, numero)
VALUES (347, '94697-812', 'Amapá', 'Jabuticaba branca', 'Rua 52', '94');

INSERT INTO Endereco(id, cep, estado, bairro, rua, numero)
VALUES (348, '84704-648', 'Paraíba', 'Framboesa', 'Rua 49', '55');

INSERT INTO Endereco(id, cep, estado, bairro, rua, numero)
VALUES (349, '54713-858', 'Amapá', 'Wampi', 'Rua 33', '39');

INSERT INTO Endereco(id, cep, estado, bairro, rua, numero)
VALUES (350, '54725-907', 'Goiás', 'Morango', 'Rua 93', '23');

INSERT INTO Endereco(id, cep, estado, bairro, rua, numero)
VALUES (351, '94737-756', 'Santa Catarina', 'Mandacarú', 'Rua 96', '38');

INSERT INTO Endereco(id, cep, estado, bairro, rua, numero)
VALUES (352, '44740-598', 'Amazonas', 'Camapu', 'Rua 65', '15');

INSERT INTO Endereco(id, cep, estado, bairro, rua, numero)
VALUES (353, '04751-691', 'Sergipe', 'Mexerica Rio', 'Rua 15', '89');

INSERT INTO Endereco(id, cep, estado, bairro, rua, numero)
VALUES (354, '24764-786', 'Pará', 'Jambolão', 'Rua 21', '19');

INSERT INTO Endereco(id, cep, estado, bairro, rua, numero)
VALUES (355, '74770-516', 'Piauí', 'Melão', 'Rua 31', '65');

INSERT INTO Endereco(id, cep, estado, bairro, rua, numero)
VALUES (356, '44784-660', 'Maranhão', 'Cherimoya', 'Rua 70', '32');

INSERT INTO Endereco(id, cep, estado, bairro, rua, numero)
VALUES (357, '04799-075', 'Paraná', 'Coco fresco', 'Rua 36', '30');

INSERT INTO Endereco(id, cep, estado, bairro, rua, numero)
VALUES (358, '64800-643', 'Pernambuco', 'Damasco', 'Rua 14', '30');

INSERT INTO Endereco(id, cep, estado, bairro, rua, numero)
VALUES (359, '54812-574', 'São Paulo', 'Laranja pêra', 'Rua 55', '82');

INSERT INTO Endereco(id, cep, estado, bairro, rua, numero)
VALUES (360, '04825-435', 'Alagoas', 'Banana', 'Rua 24', '26');

INSERT INTO Endereco(id, cep, estado, bairro, rua, numero)
VALUES (361, '34832-631', 'Goiás', 'Amêndoa', 'Rua 21', '81');

INSERT INTO Endereco(id, cep, estado, bairro, rua, numero)
VALUES (362, '74847-411', 'Pernambuco', 'Caqui paulista', 'Rua 29', '12');

INSERT INTO Endereco(id, cep, estado, bairro, rua, numero)
VALUES (363, '14856-675', 'Rio Grande do Sul', 'Pêssego', 'Rua 71', '25');

INSERT INTO Endereco(id, cep, estado, bairro, rua, numero)
VALUES (364, '04866-203', 'Amazonas', 'Licuri', 'Rua 30', '61');

INSERT INTO Endereco(id, cep, estado, bairro, rua, numero)
VALUES (365, '24872-373', 'Espírito Santo', 'Pêra Williams', 'Rua 45', '89');

INSERT INTO Endereco(id, cep, estado, bairro, rua, numero)
VALUES (366, '14881-580', 'Paraná', 'Banana Maçã', 'Rua 61', '25');

INSERT INTO Endereco(id, cep, estado, bairro, rua, numero)
VALUES (367, '84898-511', 'Distrito Federal', 'Champedaque', 'Rua 81', '55');

INSERT INTO Endereco(id, cep, estado, bairro, rua, numero)
VALUES (368, '54902-522', 'Espírito Santo', 'Abiu', 'Rua 24', '92');

INSERT INTO Endereco(id, cep, estado, bairro, rua, numero)
VALUES (369, '64910-997', 'Pará', 'Noz Pecã', 'Rua 31', '15');

INSERT INTO Endereco(id, cep, estado, bairro, rua, numero)
VALUES (370, '24927-000', 'Roraima', 'Tâmara', 'Rua 88', '19');

INSERT INTO Endereco(id, cep, estado, bairro, rua, numero)
VALUES (371, '44936-082', 'Rio de Janeiro', 'Granadilla', 'Rua 52', '45');

INSERT INTO Endereco(id, cep, estado, bairro, rua, numero)
VALUES (372, '44940-577', 'Alagoas', 'Atemoya', 'Rua 58', '11');

INSERT INTO Endereco(id, cep, estado, bairro, rua, numero)
VALUES (373, '04955-867', 'Rio Grande do Sul', 'Sapota', 'Rua 18', '31');

INSERT INTO Endereco(id, cep, estado, bairro, rua, numero)
VALUES (374, '64960-208', 'Amapá', 'Melancia amarela', 'Rua 36', '85');

INSERT INTO Endereco(id, cep, estado, bairro, rua, numero)
VALUES (375, '34978-851', 'Tocantins', 'Manga haden', 'Rua 94', '71');

INSERT INTO Endereco(id, cep, estado, bairro, rua, numero)
VALUES (376, '74989-419', 'Acre', 'Castanhas Variadas', 'Rua 57', '47');

INSERT INTO Endereco(id, cep, estado, bairro, rua, numero)
VALUES (377, '64992-144', 'Santa Catarina', 'Mexerica Rio', 'Rua 98', '32');

INSERT INTO Endereco(id, cep, estado, bairro, rua, numero)
VALUES (378, '15001-341', 'Pará', 'Piquiá', 'Rua 93', '25');

INSERT INTO Endereco(id, cep, estado, bairro, rua, numero)
VALUES (379, '45010-365', 'Bahia', 'Goiaba', 'Rua 42', '91');

INSERT INTO Endereco(id, cep, estado, bairro, rua, numero)
VALUES (380, '45024-318', 'Acre', 'Pêra Park', 'Rua 21', '49');

INSERT INTO Endereco(id, cep, estado, bairro, rua, numero)
VALUES (381, '95038-715', 'Rondônia', 'Murici', 'Rua 41', '14');

INSERT INTO Endereco(id, cep, estado, bairro, rua, numero)
VALUES (382, '95046-883', 'Acre', 'Cajá-manga', 'Rua 79', '37');

INSERT INTO Endereco(id, cep, estado, bairro, rua, numero)
VALUES (383, '65058-453', 'Alagoas', 'Baru', 'Rua 54', '44');

INSERT INTO Endereco(id, cep, estado, bairro, rua, numero)
VALUES (384, '45069-459', 'Rondônia', 'Araçá', 'Rua 34', '73');

INSERT INTO Endereco(id, cep, estado, bairro, rua, numero)
VALUES (385, '25074-306', 'Alagoas', 'Laranja lima', 'Rua 88', '96');

INSERT INTO Endereco(id, cep, estado, bairro, rua, numero)
VALUES (386, '95083-445', 'Pernambuco', 'Jaca', 'Rua 52', '90');

INSERT INTO Endereco(id, cep, estado, bairro, rua, numero)
VALUES (387, '35092-439', 'Amapá', 'Pitaya', 'Rua 85', '19');

INSERT INTO Endereco(id, cep, estado, bairro, rua, numero)
VALUES (388, '45106-276', 'Espírito Santo', 'Cacau', 'Rua 71', '69');

INSERT INTO Endereco(id, cep, estado, bairro, rua, numero)
VALUES (389, '75118-833', 'Minas Gerais', 'Manga haden', 'Rua 73', '58');

INSERT INTO Endereco(id, cep, estado, bairro, rua, numero)
VALUES (390, '95125-808', 'São Paulo', 'Mabolo', 'Rua 61', '27');

INSERT INTO Endereco(id, cep, estado, bairro, rua, numero)
VALUES (391, '95138-668', 'Minas Gerais', 'Pitanga', 'Rua 71', '64');

INSERT INTO Endereco(id, cep, estado, bairro, rua, numero)
VALUES (392, '85140-858', 'Espírito Santo', 'Ameixa', 'Rua 65', '74');

INSERT INTO Endereco(id, cep, estado, bairro, rua, numero)
VALUES (393, '85155-368', 'Amapá', 'Dovyalis', 'Rua 21', '23');

INSERT INTO Endereco(id, cep, estado, bairro, rua, numero)
VALUES (394, '05166-690', 'Mato Grosso', 'Tâmara', 'Rua 12', '82');

INSERT INTO Endereco(id, cep, estado, bairro, rua, numero)
VALUES (395, '15174-843', 'Distrito Federal', 'Champedaque', 'Rua 33', '74');

INSERT INTO Endereco(id, cep, estado, bairro, rua, numero)
VALUES (396, '95187-460', 'Distrito Federal', 'Sapucaia', 'Rua 88', '45');

INSERT INTO Endereco(id, cep, estado, bairro, rua, numero)
VALUES (397, '65195-535', 'Amazonas', 'Laranja pêra', 'Rua 51', '32');

INSERT INTO Endereco(id, cep, estado, bairro, rua, numero)
VALUES (398, '15206-035', 'Rio de Janeiro', 'Pistache', 'Rua 23', '88');

INSERT INTO Endereco(id, cep, estado, bairro, rua, numero)
VALUES (399, '55211-888', 'Ceará', 'Carambola', 'Rua 40', '39');

INSERT INTO Endereco(id, cep, estado, bairro, rua, numero)
VALUES (400, '65226-660', 'Ceará', 'Fruta - Pão', 'Rua 68', '28');

-- Popula a tabela Contato.

INSERT INTO Contato(id, Endereco_id) VALUES (1, 1);
INSERT INTO Contato(id, Endereco_id) VALUES (2, 2);
INSERT INTO Contato(id, Endereco_id) VALUES (3, 3);
INSERT INTO Contato(id, Endereco_id) VALUES (4, 4);
INSERT INTO Contato(id, Endereco_id) VALUES (5, 5);
INSERT INTO Contato(id, Endereco_id) VALUES (6, 6);
INSERT INTO Contato(id, Endereco_id) VALUES (7, 7);
INSERT INTO Contato(id, Endereco_id) VALUES (8, 8);
INSERT INTO Contato(id, Endereco_id) VALUES (9, 9);
INSERT INTO Contato(id, Endereco_id) VALUES (10, 10);
INSERT INTO Contato(id, Endereco_id) VALUES (11, 11);
INSERT INTO Contato(id, Endereco_id) VALUES (12, 12);
INSERT INTO Contato(id, Endereco_id) VALUES (13, 13);
INSERT INTO Contato(id, Endereco_id) VALUES (14, 14);
INSERT INTO Contato(id, Endereco_id) VALUES (15, 15);
INSERT INTO Contato(id, Endereco_id) VALUES (16, 16);
INSERT INTO Contato(id, Endereco_id) VALUES (17, 17);
INSERT INTO Contato(id, Endereco_id) VALUES (18, 18);
INSERT INTO Contato(id, Endereco_id) VALUES (19, 19);
INSERT INTO Contato(id, Endereco_id) VALUES (20, 20);
INSERT INTO Contato(id, Endereco_id) VALUES (21, 21);
INSERT INTO Contato(id, Endereco_id) VALUES (22, 22);
INSERT INTO Contato(id, Endereco_id) VALUES (23, 23);
INSERT INTO Contato(id, Endereco_id) VALUES (24, 24);
INSERT INTO Contato(id, Endereco_id) VALUES (25, 25);
INSERT INTO Contato(id, Endereco_id) VALUES (26, 26);
INSERT INTO Contato(id, Endereco_id) VALUES (27, 27);
INSERT INTO Contato(id, Endereco_id) VALUES (28, 28);
INSERT INTO Contato(id, Endereco_id) VALUES (29, 29);
INSERT INTO Contato(id, Endereco_id) VALUES (30, 30);
INSERT INTO Contato(id, Endereco_id) VALUES (31, 31);
INSERT INTO Contato(id, Endereco_id) VALUES (32, 32);
INSERT INTO Contato(id, Endereco_id) VALUES (33, 33);
INSERT INTO Contato(id, Endereco_id) VALUES (34, 34);
INSERT INTO Contato(id, Endereco_id) VALUES (35, 35);
INSERT INTO Contato(id, Endereco_id) VALUES (36, 36);
INSERT INTO Contato(id, Endereco_id) VALUES (37, 37);
INSERT INTO Contato(id, Endereco_id) VALUES (38, 38);
INSERT INTO Contato(id, Endereco_id) VALUES (39, 39);
INSERT INTO Contato(id, Endereco_id) VALUES (40, 40);
INSERT INTO Contato(id, Endereco_id) VALUES (41, 41);
INSERT INTO Contato(id, Endereco_id) VALUES (42, 42);
INSERT INTO Contato(id, Endereco_id) VALUES (43, 43);
INSERT INTO Contato(id, Endereco_id) VALUES (44, 44);
INSERT INTO Contato(id, Endereco_id) VALUES (45, 45);
INSERT INTO Contato(id, Endereco_id) VALUES (46, 46);
INSERT INTO Contato(id, Endereco_id) VALUES (47, 47);
INSERT INTO Contato(id, Endereco_id) VALUES (48, 48);
INSERT INTO Contato(id, Endereco_id) VALUES (49, 49);
INSERT INTO Contato(id, Endereco_id) VALUES (50, 50);
INSERT INTO Contato(id, Endereco_id) VALUES (51, 51);
INSERT INTO Contato(id, Endereco_id) VALUES (52, 52);
INSERT INTO Contato(id, Endereco_id) VALUES (53, 53);
INSERT INTO Contato(id, Endereco_id) VALUES (54, 54);
INSERT INTO Contato(id, Endereco_id) VALUES (55, 55);
INSERT INTO Contato(id, Endereco_id) VALUES (56, 56);
INSERT INTO Contato(id, Endereco_id) VALUES (57, 57);
INSERT INTO Contato(id, Endereco_id) VALUES (58, 58);
INSERT INTO Contato(id, Endereco_id) VALUES (59, 59);
INSERT INTO Contato(id, Endereco_id) VALUES (60, 60);
INSERT INTO Contato(id, Endereco_id) VALUES (61, 61);
INSERT INTO Contato(id, Endereco_id) VALUES (62, 62);
INSERT INTO Contato(id, Endereco_id) VALUES (63, 63);
INSERT INTO Contato(id, Endereco_id) VALUES (64, 64);
INSERT INTO Contato(id, Endereco_id) VALUES (65, 65);
INSERT INTO Contato(id, Endereco_id) VALUES (66, 66);
INSERT INTO Contato(id, Endereco_id) VALUES (67, 67);
INSERT INTO Contato(id, Endereco_id) VALUES (68, 68);
INSERT INTO Contato(id, Endereco_id) VALUES (69, 69);
INSERT INTO Contato(id, Endereco_id) VALUES (70, 70);
INSERT INTO Contato(id, Endereco_id) VALUES (71, 71);
INSERT INTO Contato(id, Endereco_id) VALUES (72, 72);
INSERT INTO Contato(id, Endereco_id) VALUES (73, 73);
INSERT INTO Contato(id, Endereco_id) VALUES (74, 74);
INSERT INTO Contato(id, Endereco_id) VALUES (75, 75);
INSERT INTO Contato(id, Endereco_id) VALUES (76, 76);
INSERT INTO Contato(id, Endereco_id) VALUES (77, 77);
INSERT INTO Contato(id, Endereco_id) VALUES (78, 78);
INSERT INTO Contato(id, Endereco_id) VALUES (79, 79);
INSERT INTO Contato(id, Endereco_id) VALUES (80, 80);
INSERT INTO Contato(id, Endereco_id) VALUES (81, 81);
INSERT INTO Contato(id, Endereco_id) VALUES (82, 82);
INSERT INTO Contato(id, Endereco_id) VALUES (83, 83);
INSERT INTO Contato(id, Endereco_id) VALUES (84, 84);
INSERT INTO Contato(id, Endereco_id) VALUES (85, 85);
INSERT INTO Contato(id, Endereco_id) VALUES (86, 86);
INSERT INTO Contato(id, Endereco_id) VALUES (87, 87);
INSERT INTO Contato(id, Endereco_id) VALUES (88, 88);
INSERT INTO Contato(id, Endereco_id) VALUES (89, 89);
INSERT INTO Contato(id, Endereco_id) VALUES (90, 90);
INSERT INTO Contato(id, Endereco_id) VALUES (91, 91);
INSERT INTO Contato(id, Endereco_id) VALUES (92, 92);
INSERT INTO Contato(id, Endereco_id) VALUES (93, 93);
INSERT INTO Contato(id, Endereco_id) VALUES (94, 94);
INSERT INTO Contato(id, Endereco_id) VALUES (95, 95);
INSERT INTO Contato(id, Endereco_id) VALUES (96, 96);
INSERT INTO Contato(id, Endereco_id) VALUES (97, 97);
INSERT INTO Contato(id, Endereco_id) VALUES (98, 98);
INSERT INTO Contato(id, Endereco_id) VALUES (99, 99);
INSERT INTO Contato(id, Endereco_id) VALUES (100, 100);
INSERT INTO Contato(id, Endereco_id) VALUES (101, 101);
INSERT INTO Contato(id, Endereco_id) VALUES (102, 102);
INSERT INTO Contato(id, Endereco_id) VALUES (103, 103);
INSERT INTO Contato(id, Endereco_id) VALUES (104, 104);
INSERT INTO Contato(id, Endereco_id) VALUES (105, 105);
INSERT INTO Contato(id, Endereco_id) VALUES (106, 106);
INSERT INTO Contato(id, Endereco_id) VALUES (107, 107);
INSERT INTO Contato(id, Endereco_id) VALUES (108, 108);
INSERT INTO Contato(id, Endereco_id) VALUES (109, 109);
INSERT INTO Contato(id, Endereco_id) VALUES (110, 110);
INSERT INTO Contato(id, Endereco_id) VALUES (111, 111);
INSERT INTO Contato(id, Endereco_id) VALUES (112, 112);
INSERT INTO Contato(id, Endereco_id) VALUES (113, 113);
INSERT INTO Contato(id, Endereco_id) VALUES (114, 114);
INSERT INTO Contato(id, Endereco_id) VALUES (115, 115);
INSERT INTO Contato(id, Endereco_id) VALUES (116, 116);
INSERT INTO Contato(id, Endereco_id) VALUES (117, 117);
INSERT INTO Contato(id, Endereco_id) VALUES (118, 118);
INSERT INTO Contato(id, Endereco_id) VALUES (119, 119);
INSERT INTO Contato(id, Endereco_id) VALUES (120, 120);
INSERT INTO Contato(id, Endereco_id) VALUES (121, 121);
INSERT INTO Contato(id, Endereco_id) VALUES (122, 122);
INSERT INTO Contato(id, Endereco_id) VALUES (123, 123);
INSERT INTO Contato(id, Endereco_id) VALUES (124, 124);
INSERT INTO Contato(id, Endereco_id) VALUES (125, 125);
INSERT INTO Contato(id, Endereco_id) VALUES (126, 126);
INSERT INTO Contato(id, Endereco_id) VALUES (127, 127);
INSERT INTO Contato(id, Endereco_id) VALUES (128, 128);
INSERT INTO Contato(id, Endereco_id) VALUES (129, 129);
INSERT INTO Contato(id, Endereco_id) VALUES (130, 130);
INSERT INTO Contato(id, Endereco_id) VALUES (131, 131);
INSERT INTO Contato(id, Endereco_id) VALUES (132, 132);
INSERT INTO Contato(id, Endereco_id) VALUES (133, 133);
INSERT INTO Contato(id, Endereco_id) VALUES (134, 134);
INSERT INTO Contato(id, Endereco_id) VALUES (135, 135);
INSERT INTO Contato(id, Endereco_id) VALUES (136, 136);
INSERT INTO Contato(id, Endereco_id) VALUES (137, 137);
INSERT INTO Contato(id, Endereco_id) VALUES (138, 138);
INSERT INTO Contato(id, Endereco_id) VALUES (139, 139);
INSERT INTO Contato(id, Endereco_id) VALUES (140, 140);
INSERT INTO Contato(id, Endereco_id) VALUES (141, 141);
INSERT INTO Contato(id, Endereco_id) VALUES (142, 142);
INSERT INTO Contato(id, Endereco_id) VALUES (143, 143);
INSERT INTO Contato(id, Endereco_id) VALUES (144, 144);
INSERT INTO Contato(id, Endereco_id) VALUES (145, 145);
INSERT INTO Contato(id, Endereco_id) VALUES (146, 146);
INSERT INTO Contato(id, Endereco_id) VALUES (147, 147);
INSERT INTO Contato(id, Endereco_id) VALUES (148, 148);
INSERT INTO Contato(id, Endereco_id) VALUES (149, 149);
INSERT INTO Contato(id, Endereco_id) VALUES (150, 150);
INSERT INTO Contato(id, Endereco_id) VALUES (151, 151);
INSERT INTO Contato(id, Endereco_id) VALUES (152, 152);
INSERT INTO Contato(id, Endereco_id) VALUES (153, 153);
INSERT INTO Contato(id, Endereco_id) VALUES (154, 154);
INSERT INTO Contato(id, Endereco_id) VALUES (155, 155);
INSERT INTO Contato(id, Endereco_id) VALUES (156, 156);
INSERT INTO Contato(id, Endereco_id) VALUES (157, 157);
INSERT INTO Contato(id, Endereco_id) VALUES (158, 158);
INSERT INTO Contato(id, Endereco_id) VALUES (159, 159);
INSERT INTO Contato(id, Endereco_id) VALUES (160, 160);
INSERT INTO Contato(id, Endereco_id) VALUES (161, 161);
INSERT INTO Contato(id, Endereco_id) VALUES (162, 162);
INSERT INTO Contato(id, Endereco_id) VALUES (163, 163);
INSERT INTO Contato(id, Endereco_id) VALUES (164, 164);
INSERT INTO Contato(id, Endereco_id) VALUES (165, 165);
INSERT INTO Contato(id, Endereco_id) VALUES (166, 166);
INSERT INTO Contato(id, Endereco_id) VALUES (167, 167);
INSERT INTO Contato(id, Endereco_id) VALUES (168, 168);
INSERT INTO Contato(id, Endereco_id) VALUES (169, 169);
INSERT INTO Contato(id, Endereco_id) VALUES (170, 170);
INSERT INTO Contato(id, Endereco_id) VALUES (171, 171);
INSERT INTO Contato(id, Endereco_id) VALUES (172, 172);
INSERT INTO Contato(id, Endereco_id) VALUES (173, 173);
INSERT INTO Contato(id, Endereco_id) VALUES (174, 174);
INSERT INTO Contato(id, Endereco_id) VALUES (175, 175);
INSERT INTO Contato(id, Endereco_id) VALUES (176, 176);
INSERT INTO Contato(id, Endereco_id) VALUES (177, 177);
INSERT INTO Contato(id, Endereco_id) VALUES (178, 178);
INSERT INTO Contato(id, Endereco_id) VALUES (179, 179);
INSERT INTO Contato(id, Endereco_id) VALUES (180, 180);
INSERT INTO Contato(id, Endereco_id) VALUES (181, 181);
INSERT INTO Contato(id, Endereco_id) VALUES (182, 182);
INSERT INTO Contato(id, Endereco_id) VALUES (183, 183);
INSERT INTO Contato(id, Endereco_id) VALUES (184, 184);
INSERT INTO Contato(id, Endereco_id) VALUES (185, 185);
INSERT INTO Contato(id, Endereco_id) VALUES (186, 186);
INSERT INTO Contato(id, Endereco_id) VALUES (187, 187);
INSERT INTO Contato(id, Endereco_id) VALUES (188, 188);
INSERT INTO Contato(id, Endereco_id) VALUES (189, 189);
INSERT INTO Contato(id, Endereco_id) VALUES (190, 190);
INSERT INTO Contato(id, Endereco_id) VALUES (191, 191);
INSERT INTO Contato(id, Endereco_id) VALUES (192, 192);
INSERT INTO Contato(id, Endereco_id) VALUES (193, 193);
INSERT INTO Contato(id, Endereco_id) VALUES (194, 194);
INSERT INTO Contato(id, Endereco_id) VALUES (195, 195);
INSERT INTO Contato(id, Endereco_id) VALUES (196, 196);
INSERT INTO Contato(id, Endereco_id) VALUES (197, 197);
INSERT INTO Contato(id, Endereco_id) VALUES (198, 198);
INSERT INTO Contato(id, Endereco_id) VALUES (199, 199);
INSERT INTO Contato(id, Endereco_id) VALUES (200, 200);

-- Popula a tabela Telefone.

INSERT INTO Telefone(id, numero, Contato_id)
VALUES (1, '(067) 3114-3883', 1);

INSERT INTO Telefone(id, numero, Contato_id)
VALUES (2, '(047) 3925-3596', 2);

INSERT INTO Telefone(id, numero, Contato_id)
VALUES (3, '(074) 3130-7909', 3);

INSERT INTO Telefone(id, numero, Contato_id)
VALUES (4, '(092) 3855-8075', 4);

INSERT INTO Telefone(id, numero, Contato_id)
VALUES (5, '(055) 3092-7385', 5);

INSERT INTO Telefone(id, numero, Contato_id)
VALUES (6, '(022) 3661-7268', 6);

INSERT INTO Telefone(id, numero, Contato_id)
VALUES (7, '(061) 3294-1344', 7);

INSERT INTO Telefone(id, numero, Contato_id)
VALUES (8, '(022) 3527-2295', 8);

INSERT INTO Telefone(id, numero, Contato_id)
VALUES (9, '(086) 3290-1499', 9);

INSERT INTO Telefone(id, numero, Contato_id)
VALUES (10, '(061) 3849-1763', 10);

INSERT INTO Telefone(id, numero, Contato_id)
VALUES (11, '(077) 3726-7375', 11);

INSERT INTO Telefone(id, numero, Contato_id)
VALUES (12, '(017) 3731-5743', 12);

INSERT INTO Telefone(id, numero, Contato_id)
VALUES (13, '(027) 3173-3740', 13);

INSERT INTO Telefone(id, numero, Contato_id)
VALUES (14, '(062) 3839-2682', 14);

INSERT INTO Telefone(id, numero, Contato_id)
VALUES (15, '(019) 3538-7389', 15);

INSERT INTO Telefone(id, numero, Contato_id)
VALUES (16, '(077) 3620-8353', 16);

INSERT INTO Telefone(id, numero, Contato_id)
VALUES (17, '(066) 3908-8618', 17);

INSERT INTO Telefone(id, numero, Contato_id)
VALUES (18, '(012) 3304-2135', 18);

INSERT INTO Telefone(id, numero, Contato_id)
VALUES (19, '(043) 3926-1894', 19);

INSERT INTO Telefone(id, numero, Contato_id)
VALUES (20, '(089) 3930-0543', 20);

INSERT INTO Telefone(id, numero, Contato_id)
VALUES (21, '(087) 3262-2586', 21);

INSERT INTO Telefone(id, numero, Contato_id)
VALUES (22, '(076) 3341-5825', 22);

INSERT INTO Telefone(id, numero, Contato_id)
VALUES (23, '(024) 3550-7909', 23);

INSERT INTO Telefone(id, numero, Contato_id)
VALUES (24, '(013) 3562-7810', 24);

INSERT INTO Telefone(id, numero, Contato_id)
VALUES (25, '(024) 3107-2423', 25);

INSERT INTO Telefone(id, numero, Contato_id)
VALUES (26, '(026) 3598-9160', 26);

INSERT INTO Telefone(id, numero, Contato_id)
VALUES (27, '(037) 3827-7893', 27);

INSERT INTO Telefone(id, numero, Contato_id)
VALUES (28, '(055) 3771-4514', 28);

INSERT INTO Telefone(id, numero, Contato_id)
VALUES (29, '(092) 3465-9031', 29);

INSERT INTO Telefone(id, numero, Contato_id)
VALUES (30, '(018) 3771-1094', 30);

INSERT INTO Telefone(id, numero, Contato_id)
VALUES (31, '(012) 3229-0546', 31);

INSERT INTO Telefone(id, numero, Contato_id)
VALUES (32, '(087) 3134-7650', 32);

INSERT INTO Telefone(id, numero, Contato_id)
VALUES (33, '(034) 3759-3823', 33);

INSERT INTO Telefone(id, numero, Contato_id)
VALUES (34, '(065) 3557-1942', 34);

INSERT INTO Telefone(id, numero, Contato_id)
VALUES (35, '(046) 3683-5425', 35);

INSERT INTO Telefone(id, numero, Contato_id)
VALUES (36, '(012) 3440-3675', 36);

INSERT INTO Telefone(id, numero, Contato_id)
VALUES (37, '(097) 3904-6864', 37);

INSERT INTO Telefone(id, numero, Contato_id)
VALUES (38, '(034) 3369-8517', 38);

INSERT INTO Telefone(id, numero, Contato_id)
VALUES (39, '(035) 3361-1395', 39);

INSERT INTO Telefone(id, numero, Contato_id)
VALUES (40, '(085) 3196-2260', 40);

INSERT INTO Telefone(id, numero, Contato_id)
VALUES (41, '(028) 3536-1572', 41);

INSERT INTO Telefone(id, numero, Contato_id)
VALUES (42, '(036) 3938-7718', 42);

INSERT INTO Telefone(id, numero, Contato_id)
VALUES (43, '(037) 3966-2215', 43);

INSERT INTO Telefone(id, numero, Contato_id)
VALUES (44, '(093) 3199-7363', 44);

INSERT INTO Telefone(id, numero, Contato_id)
VALUES (45, '(088) 3054-5068', 45);

INSERT INTO Telefone(id, numero, Contato_id)
VALUES (46, '(063) 3757-7189', 46);

INSERT INTO Telefone(id, numero, Contato_id)
VALUES (47, '(029) 3331-9928', 47);

INSERT INTO Telefone(id, numero, Contato_id)
VALUES (48, '(088) 3892-8407', 48);

INSERT INTO Telefone(id, numero, Contato_id)
VALUES (49, '(079) 3686-3864', 49);

INSERT INTO Telefone(id, numero, Contato_id)
VALUES (50, '(068) 3084-5366', 50);

INSERT INTO Telefone(id, numero, Contato_id)
VALUES (51, '(059) 3142-9402', 51);

INSERT INTO Telefone(id, numero, Contato_id)
VALUES (52, '(033) 3334-4549', 52);

INSERT INTO Telefone(id, numero, Contato_id)
VALUES (53, '(099) 3390-1973', 53);

INSERT INTO Telefone(id, numero, Contato_id)
VALUES (54, '(045) 3407-0483', 54);

INSERT INTO Telefone(id, numero, Contato_id)
VALUES (55, '(015) 3529-3847', 55);

INSERT INTO Telefone(id, numero, Contato_id)
VALUES (56, '(028) 3250-8219', 56);

INSERT INTO Telefone(id, numero, Contato_id)
VALUES (57, '(029) 3462-6395', 57);

INSERT INTO Telefone(id, numero, Contato_id)
VALUES (58, '(045) 3952-7245', 58);

INSERT INTO Telefone(id, numero, Contato_id)
VALUES (59, '(093) 3328-7887', 59);

INSERT INTO Telefone(id, numero, Contato_id)
VALUES (60, '(038) 3888-1275', 60);

INSERT INTO Telefone(id, numero, Contato_id)
VALUES (61, '(029) 3282-9512', 61);

INSERT INTO Telefone(id, numero, Contato_id)
VALUES (62, '(075) 3617-0230', 62);

INSERT INTO Telefone(id, numero, Contato_id)
VALUES (63, '(092) 3476-4815', 63);

INSERT INTO Telefone(id, numero, Contato_id)
VALUES (64, '(028) 3609-0099', 64);

INSERT INTO Telefone(id, numero, Contato_id)
VALUES (65, '(021) 3766-4751', 65);

INSERT INTO Telefone(id, numero, Contato_id)
VALUES (66, '(077) 3766-2966', 66);

INSERT INTO Telefone(id, numero, Contato_id)
VALUES (67, '(027) 3303-8161', 67);

INSERT INTO Telefone(id, numero, Contato_id)
VALUES (68, '(043) 3165-5621', 68);

INSERT INTO Telefone(id, numero, Contato_id)
VALUES (69, '(068) 3416-4044', 69);

INSERT INTO Telefone(id, numero, Contato_id)
VALUES (70, '(055) 3810-2841', 70);

INSERT INTO Telefone(id, numero, Contato_id)
VALUES (71, '(088) 3032-3506', 71);

INSERT INTO Telefone(id, numero, Contato_id)
VALUES (72, '(022) 3207-4683', 72);

INSERT INTO Telefone(id, numero, Contato_id)
VALUES (73, '(059) 3752-6514', 73);

INSERT INTO Telefone(id, numero, Contato_id)
VALUES (74, '(073) 3915-9450', 74);

INSERT INTO Telefone(id, numero, Contato_id)
VALUES (75, '(063) 3485-9540', 75);

INSERT INTO Telefone(id, numero, Contato_id)
VALUES (76, '(072) 3187-1265', 76);

INSERT INTO Telefone(id, numero, Contato_id)
VALUES (77, '(049) 3440-2171', 77);

INSERT INTO Telefone(id, numero, Contato_id)
VALUES (78, '(024) 3840-4595', 78);

INSERT INTO Telefone(id, numero, Contato_id)
VALUES (79, '(029) 3440-3071', 79);

INSERT INTO Telefone(id, numero, Contato_id)
VALUES (80, '(021) 3516-2120', 80);

INSERT INTO Telefone(id, numero, Contato_id)
VALUES (81, '(059) 3548-3450', 81);

INSERT INTO Telefone(id, numero, Contato_id)
VALUES (82, '(085) 3916-5795', 82);

INSERT INTO Telefone(id, numero, Contato_id)
VALUES (83, '(049) 3107-8445', 83);

INSERT INTO Telefone(id, numero, Contato_id)
VALUES (84, '(079) 3092-1972', 84);

INSERT INTO Telefone(id, numero, Contato_id)
VALUES (85, '(013) 3505-2252', 85);

INSERT INTO Telefone(id, numero, Contato_id)
VALUES (86, '(064) 3195-4349', 86);

INSERT INTO Telefone(id, numero, Contato_id)
VALUES (87, '(052) 3263-9709', 87);

INSERT INTO Telefone(id, numero, Contato_id)
VALUES (88, '(095) 3453-6400', 88);

INSERT INTO Telefone(id, numero, Contato_id)
VALUES (89, '(016) 3373-5333', 89);

INSERT INTO Telefone(id, numero, Contato_id)
VALUES (90, '(023) 3898-2497', 90);

INSERT INTO Telefone(id, numero, Contato_id)
VALUES (91, '(098) 3460-2508', 91);

INSERT INTO Telefone(id, numero, Contato_id)
VALUES (92, '(073) 3995-6386', 92);

INSERT INTO Telefone(id, numero, Contato_id)
VALUES (93, '(072) 3492-8531', 93);

INSERT INTO Telefone(id, numero, Contato_id)
VALUES (94, '(055) 3423-7285', 94);

INSERT INTO Telefone(id, numero, Contato_id)
VALUES (95, '(063) 3474-6260', 95);

INSERT INTO Telefone(id, numero, Contato_id)
VALUES (96, '(026) 3075-7550', 96);

INSERT INTO Telefone(id, numero, Contato_id)
VALUES (97, '(062) 3373-8669', 97);

INSERT INTO Telefone(id, numero, Contato_id)
VALUES (98, '(073) 3035-9189', 98);

INSERT INTO Telefone(id, numero, Contato_id)
VALUES (99, '(045) 3537-0113', 99);

INSERT INTO Telefone(id, numero, Contato_id)
VALUES (100, '(069) 3433-1446', 100);

INSERT INTO Telefone(id, numero, Contato_id)
VALUES (101, '(098) 3382-4551', 101);

INSERT INTO Telefone(id, numero, Contato_id)
VALUES (102, '(022) 3933-9235', 102);

INSERT INTO Telefone(id, numero, Contato_id)
VALUES (103, '(099) 3846-6352', 103);

INSERT INTO Telefone(id, numero, Contato_id)
VALUES (104, '(057) 3702-2593', 104);

INSERT INTO Telefone(id, numero, Contato_id)
VALUES (105, '(093) 3486-7702', 105);

INSERT INTO Telefone(id, numero, Contato_id)
VALUES (106, '(021) 3432-5767', 106);

INSERT INTO Telefone(id, numero, Contato_id)
VALUES (107, '(096) 3740-2337', 107);

INSERT INTO Telefone(id, numero, Contato_id)
VALUES (108, '(086) 3648-1352', 108);

INSERT INTO Telefone(id, numero, Contato_id)
VALUES (109, '(044) 3840-7659', 109);

INSERT INTO Telefone(id, numero, Contato_id)
VALUES (110, '(079) 3964-6370', 110);

INSERT INTO Telefone(id, numero, Contato_id)
VALUES (111, '(036) 3161-3670', 111);

INSERT INTO Telefone(id, numero, Contato_id)
VALUES (112, '(044) 3811-4387', 112);

INSERT INTO Telefone(id, numero, Contato_id)
VALUES (113, '(082) 3668-5710', 113);

INSERT INTO Telefone(id, numero, Contato_id)
VALUES (114, '(085) 3837-4427', 114);

INSERT INTO Telefone(id, numero, Contato_id)
VALUES (115, '(047) 3664-7824', 115);

INSERT INTO Telefone(id, numero, Contato_id)
VALUES (116, '(078) 3175-2920', 116);

INSERT INTO Telefone(id, numero, Contato_id)
VALUES (117, '(014) 3519-4196', 117);

INSERT INTO Telefone(id, numero, Contato_id)
VALUES (118, '(026) 3425-8000', 118);

INSERT INTO Telefone(id, numero, Contato_id)
VALUES (119, '(077) 3966-6969', 119);

INSERT INTO Telefone(id, numero, Contato_id)
VALUES (120, '(018) 3703-6855', 120);

INSERT INTO Telefone(id, numero, Contato_id)
VALUES (121, '(066) 3441-3049', 121);

INSERT INTO Telefone(id, numero, Contato_id)
VALUES (122, '(027) 3970-8258', 122);

INSERT INTO Telefone(id, numero, Contato_id)
VALUES (123, '(047) 3494-6473', 123);

INSERT INTO Telefone(id, numero, Contato_id)
VALUES (124, '(034) 3654-9211', 124);

INSERT INTO Telefone(id, numero, Contato_id)
VALUES (125, '(087) 3473-3569', 125);

INSERT INTO Telefone(id, numero, Contato_id)
VALUES (126, '(023) 3115-2785', 126);

INSERT INTO Telefone(id, numero, Contato_id)
VALUES (127, '(057) 3938-6876', 127);

INSERT INTO Telefone(id, numero, Contato_id)
VALUES (128, '(095) 3019-1594', 128);

INSERT INTO Telefone(id, numero, Contato_id)
VALUES (129, '(051) 3665-2290', 129);

INSERT INTO Telefone(id, numero, Contato_id)
VALUES (130, '(045) 3105-9832', 130);

INSERT INTO Telefone(id, numero, Contato_id)
VALUES (131, '(071) 3050-9104', 131);

INSERT INTO Telefone(id, numero, Contato_id)
VALUES (132, '(063) 3172-2199', 132);

INSERT INTO Telefone(id, numero, Contato_id)
VALUES (133, '(037) 3671-6455', 133);

INSERT INTO Telefone(id, numero, Contato_id)
VALUES (134, '(021) 3082-6818', 134);

INSERT INTO Telefone(id, numero, Contato_id)
VALUES (135, '(092) 3577-6740', 135);

INSERT INTO Telefone(id, numero, Contato_id)
VALUES (136, '(045) 3892-0245', 136);

INSERT INTO Telefone(id, numero, Contato_id)
VALUES (137, '(079) 3075-3648', 137);

INSERT INTO Telefone(id, numero, Contato_id)
VALUES (138, '(051) 3386-2643', 138);

INSERT INTO Telefone(id, numero, Contato_id)
VALUES (139, '(038) 3295-5388', 139);

INSERT INTO Telefone(id, numero, Contato_id)
VALUES (140, '(034) 3729-7385', 140);

INSERT INTO Telefone(id, numero, Contato_id)
VALUES (141, '(091) 3164-3996', 141);

INSERT INTO Telefone(id, numero, Contato_id)
VALUES (142, '(088) 3016-0735', 142);

INSERT INTO Telefone(id, numero, Contato_id)
VALUES (143, '(076) 3073-0883', 143);

INSERT INTO Telefone(id, numero, Contato_id)
VALUES (144, '(034) 3933-1738', 144);

INSERT INTO Telefone(id, numero, Contato_id)
VALUES (145, '(083) 3534-7045', 145);

INSERT INTO Telefone(id, numero, Contato_id)
VALUES (146, '(013) 3780-3162', 146);

INSERT INTO Telefone(id, numero, Contato_id)
VALUES (147, '(092) 3139-7198', 147);

INSERT INTO Telefone(id, numero, Contato_id)
VALUES (148, '(087) 3799-4534', 148);

INSERT INTO Telefone(id, numero, Contato_id)
VALUES (149, '(085) 3035-5592', 149);

INSERT INTO Telefone(id, numero, Contato_id)
VALUES (150, '(092) 3198-4360', 150);

INSERT INTO Telefone(id, numero, Contato_id)
VALUES (151, '(099) 3384-7839', 151);

INSERT INTO Telefone(id, numero, Contato_id)
VALUES (152, '(068) 3485-0554', 152);

INSERT INTO Telefone(id, numero, Contato_id)
VALUES (153, '(021) 3425-2441', 153);

INSERT INTO Telefone(id, numero, Contato_id)
VALUES (154, '(035) 3056-2699', 154);

INSERT INTO Telefone(id, numero, Contato_id)
VALUES (155, '(055) 3435-0260', 155);

INSERT INTO Telefone(id, numero, Contato_id)
VALUES (156, '(079) 3470-6424', 156);

INSERT INTO Telefone(id, numero, Contato_id)
VALUES (157, '(028) 3658-8546', 157);

INSERT INTO Telefone(id, numero, Contato_id)
VALUES (158, '(022) 3711-2498', 158);

INSERT INTO Telefone(id, numero, Contato_id)
VALUES (159, '(096) 3668-1060', 159);

INSERT INTO Telefone(id, numero, Contato_id)
VALUES (160, '(097) 3380-1549', 160);

INSERT INTO Telefone(id, numero, Contato_id)
VALUES (161, '(073) 3405-4017', 161);

INSERT INTO Telefone(id, numero, Contato_id)
VALUES (162, '(048) 3196-0883', 162);

INSERT INTO Telefone(id, numero, Contato_id)
VALUES (163, '(033) 3005-7206', 163);

INSERT INTO Telefone(id, numero, Contato_id)
VALUES (164, '(077) 3865-3102', 164);

INSERT INTO Telefone(id, numero, Contato_id)
VALUES (165, '(088) 3801-1805', 165);

INSERT INTO Telefone(id, numero, Contato_id)
VALUES (166, '(031) 3687-7497', 166);

INSERT INTO Telefone(id, numero, Contato_id)
VALUES (167, '(054) 3986-7210', 167);

INSERT INTO Telefone(id, numero, Contato_id)
VALUES (168, '(037) 3961-5163', 168);

INSERT INTO Telefone(id, numero, Contato_id)
VALUES (169, '(077) 3470-8851', 169);

INSERT INTO Telefone(id, numero, Contato_id)
VALUES (170, '(016) 3380-7178', 170);

INSERT INTO Telefone(id, numero, Contato_id)
VALUES (171, '(021) 3876-3042', 171);

INSERT INTO Telefone(id, numero, Contato_id)
VALUES (172, '(095) 3074-0463', 172);

INSERT INTO Telefone(id, numero, Contato_id)
VALUES (173, '(028) 3593-3910', 173);

INSERT INTO Telefone(id, numero, Contato_id)
VALUES (174, '(014) 3815-0763', 174);

INSERT INTO Telefone(id, numero, Contato_id)
VALUES (175, '(062) 3598-4748', 175);

INSERT INTO Telefone(id, numero, Contato_id)
VALUES (176, '(028) 3538-1658', 176);

INSERT INTO Telefone(id, numero, Contato_id)
VALUES (177, '(057) 3465-5105', 177);

INSERT INTO Telefone(id, numero, Contato_id)
VALUES (178, '(098) 3059-4196', 178);

INSERT INTO Telefone(id, numero, Contato_id)
VALUES (179, '(025) 3800-8948', 179);

INSERT INTO Telefone(id, numero, Contato_id)
VALUES (180, '(043) 3372-6930', 180);

INSERT INTO Telefone(id, numero, Contato_id)
VALUES (181, '(075) 3167-8814', 181);

INSERT INTO Telefone(id, numero, Contato_id)
VALUES (182, '(038) 3132-0596', 182);

INSERT INTO Telefone(id, numero, Contato_id)
VALUES (183, '(046) 3793-2808', 183);

INSERT INTO Telefone(id, numero, Contato_id)
VALUES (184, '(056) 3760-0159', 184);

INSERT INTO Telefone(id, numero, Contato_id)
VALUES (185, '(027) 3393-2088', 185);

INSERT INTO Telefone(id, numero, Contato_id)
VALUES (186, '(066) 3941-0038', 186);

INSERT INTO Telefone(id, numero, Contato_id)
VALUES (187, '(072) 3241-7658', 187);

INSERT INTO Telefone(id, numero, Contato_id)
VALUES (188, '(056) 3136-7163', 188);

INSERT INTO Telefone(id, numero, Contato_id)
VALUES (189, '(056) 3384-6537', 189);

INSERT INTO Telefone(id, numero, Contato_id)
VALUES (190, '(057) 3320-1908', 190);

INSERT INTO Telefone(id, numero, Contato_id)
VALUES (191, '(056) 3121-3307', 191);

INSERT INTO Telefone(id, numero, Contato_id)
VALUES (192, '(057) 3764-8225', 192);

INSERT INTO Telefone(id, numero, Contato_id)
VALUES (193, '(041) 3669-8660', 193);

INSERT INTO Telefone(id, numero, Contato_id)
VALUES (194, '(052) 3334-9547', 194);

INSERT INTO Telefone(id, numero, Contato_id)
VALUES (195, '(021) 3712-1910', 195);

INSERT INTO Telefone(id, numero, Contato_id)
VALUES (196, '(095) 3932-5609', 196);

INSERT INTO Telefone(id, numero, Contato_id)
VALUES (197, '(066) 3560-1893', 197);

INSERT INTO Telefone(id, numero, Contato_id)
VALUES (198, '(056) 3069-0026', 198);

INSERT INTO Telefone(id, numero, Contato_id)
VALUES (199, '(035) 3825-0891', 199);

INSERT INTO Telefone(id, numero, Contato_id)
VALUES (200, '(071) 3070-3022', 200);

-- Popula a tabela Motorista.

INSERT INTO Motorista(id, nome, cpf, rg, cnh, disponibilidade, Contato_id, Veiculo_id)
VALUES (1, 'Rashad Romer', '221.233.746-00', '9193215', '78011536691', true, 1, 1);

INSERT INTO Motorista(id, nome, cpf, rg, cnh, disponibilidade, Contato_id, Veiculo_id)
VALUES (2, 'Teresa Tant', '160.234.659-08', '3783222', '19181544089', false, 2, 2);

INSERT INTO Motorista(id, nome, cpf, rg, cnh, disponibilidade, Contato_id, Veiculo_id)
VALUES (3, 'Kyoko Korn', '903.235.760-94', '6603236', '23321552720', true, 3, 3);

INSERT INTO Motorista(id, nome, cpf, rg, cnh, disponibilidade, Contato_id, Veiculo_id)
VALUES (4, 'Latonya Leaman', '214.236.662-04', '0993240', '04271565644', false, 4, 4);

INSERT INTO Motorista(id, nome, cpf, rg, cnh, disponibilidade, Contato_id, Veiculo_id)
VALUES (5, 'Luigi Lamay', '508.237.884-73', '4443252', '00411579417', false, 5, 5);

INSERT INTO Motorista(id, nome, cpf, rg, cnh, disponibilidade, Contato_id, Veiculo_id)
VALUES (6, 'Suzanne Scola', '575.238.132-27', '5443267', '76281588337', false, 6, 6);

INSERT INTO Motorista(id, nome, cpf, rg, cnh, disponibilidade, Contato_id, Veiculo_id)
VALUES (7, 'Tabitha Tunnell', '675.239.845-69', '4313273', '17581590556', true, 7, 7);

INSERT INTO Motorista(id, nome, cpf, rg, cnh, disponibilidade, Contato_id, Veiculo_id)
VALUES (8, 'Lonny Lacasse', '012.240.311-08', '9103287', '79231606751', true, 8, 8);

INSERT INTO Motorista(id, nome, cpf, rg, cnh, disponibilidade, Contato_id, Veiculo_id)
VALUES (9, 'Tangela Trowbridge', '761.241.162-62', '6333296', '59521611651', false, 9, 9);

INSERT INTO Motorista(id, nome, cpf, rg, cnh, disponibilidade, Contato_id, Veiculo_id)
VALUES (10, 'Theressa Tarkington', '043.242.388-81', '4143302', '54541620455', false, 10, 10);

INSERT INTO Motorista(id, nome, cpf, rg, cnh, disponibilidade, Contato_id, Veiculo_id)
VALUES (11, 'Bettye Beaubien', '248.243.717-60', '9853315', '84561638468', false, 11, 11);

INSERT INTO Motorista(id, nome, cpf, rg, cnh, disponibilidade, Contato_id, Veiculo_id)
VALUES (12, 'Sung Southall', '007.244.173-28', '0343323', '65811646548', false, 12, 12);

INSERT INTO Motorista(id, nome, cpf, rg, cnh, disponibilidade, Contato_id, Veiculo_id)
VALUES (13, 'Leighann Logan', '959.245.093-15', '7053334', '00171652985', true, 13, 13);

INSERT INTO Motorista(id, nome, cpf, rg, cnh, disponibilidade, Contato_id, Veiculo_id)
VALUES (14, 'Avery Almanzar', '803.246.899-03', '4183347', '79151661813', true, 14, 14);

INSERT INTO Motorista(id, nome, cpf, rg, cnh, disponibilidade, Contato_id, Veiculo_id)
VALUES (15, 'Horace Huber', '201.247.120-03', '0373352', '91201672446', true, 15, 15);

INSERT INTO Motorista(id, nome, cpf, rg, cnh, disponibilidade, Contato_id, Veiculo_id)
VALUES (16, 'Candace Calderone', '168.248.063-11', '5883369', '76331689743', true, 16, 16);

INSERT INTO Motorista(id, nome, cpf, rg, cnh, disponibilidade, Contato_id, Veiculo_id)
VALUES (17, 'Selma Siegler', '293.249.623-79', '6293376', '70861698062', true, 17, 17);

INSERT INTO Motorista(id, nome, cpf, rg, cnh, disponibilidade, Contato_id, Veiculo_id)
VALUES (18, 'Ok Oyler', '822.250.866-94', '8523387', '81871706111', false, 18, 18);

INSERT INTO Motorista(id, nome, cpf, rg, cnh, disponibilidade, Contato_id, Veiculo_id)
VALUES (19, 'Rex Raynes', '112.251.985-74', '3883391', '36441710157', false, 19, 19);

INSERT INTO Motorista(id, nome, cpf, rg, cnh, disponibilidade, Contato_id, Veiculo_id)
VALUES (20, 'Mariela Mccorkle', '506.252.297-83', '7683401', '23161722086', false, 20, 20);

INSERT INTO Motorista(id, nome, cpf, rg, cnh, disponibilidade, Contato_id, Veiculo_id)
VALUES (21, 'Andres Auman', '633.253.606-66', '7813412', '26761731558', false, 21, 21);

INSERT INTO Motorista(id, nome, cpf, rg, cnh, disponibilidade, Contato_id, Veiculo_id)
VALUES (22, 'Vera Vannote', '138.254.508-36', '4093426', '73941749308', false, 22, 22);

INSERT INTO Motorista(id, nome, cpf, rg, cnh, disponibilidade, Contato_id, Veiculo_id)
VALUES (23, 'Cristine Condie', '590.255.854-31', '3943433', '82631758780', true, 23, 23);

INSERT INTO Motorista(id, nome, cpf, rg, cnh, disponibilidade, Contato_id, Veiculo_id)
VALUES (24, 'Andree Audet', '327.256.422-53', '8503440', '43521768859', false, 24, 24);

INSERT INTO Motorista(id, nome, cpf, rg, cnh, disponibilidade, Contato_id, Veiculo_id)
VALUES (25, 'Samual Sparacino', '168.257.490-70', '0753452', '91651777699', false, 25, 25);

INSERT INTO Motorista(id, nome, cpf, rg, cnh, disponibilidade, Contato_id, Veiculo_id)
VALUES (26, 'Rosalba Riehl', '042.258.605-62', '6383460', '30901782018', true, 26, 26);

INSERT INTO Motorista(id, nome, cpf, rg, cnh, disponibilidade, Contato_id, Veiculo_id)
VALUES (27, 'Blair Becerra', '517.259.097-91', '9273470', '81971794300', false, 27, 27);

INSERT INTO Motorista(id, nome, cpf, rg, cnh, disponibilidade, Contato_id, Veiculo_id)
VALUES (28, 'Ilene Iman', '453.260.482-25', '1053484', '86471802482', true, 28, 28);

INSERT INTO Motorista(id, nome, cpf, rg, cnh, disponibilidade, Contato_id, Veiculo_id)
VALUES (29, 'Sherley Stuber', '614.261.102-75', '0833491', '09921813734', false, 29, 29);

INSERT INTO Motorista(id, nome, cpf, rg, cnh, disponibilidade, Contato_id, Veiculo_id)
VALUES (30, 'Leslee Lafler', '056.262.677-57', '2043509', '46261828274', false, 30, 30);

INSERT INTO Motorista(id, nome, cpf, rg, cnh, disponibilidade, Contato_id, Veiculo_id)
VALUES (31, 'Lavonne Leverette', '828.263.569-39', '3793513', '85731839576', true, 31, 31);

INSERT INTO Motorista(id, nome, cpf, rg, cnh, disponibilidade, Contato_id, Veiculo_id)
VALUES (32, 'Chantal Chubb', '127.264.817-96', '0313529', '61671849124', true, 32, 32);

INSERT INTO Motorista(id, nome, cpf, rg, cnh, disponibilidade, Contato_id, Veiculo_id)
VALUES (33, 'Ozie Ottley', '609.265.839-10', '5663535', '53581850307', true, 33, 33);

INSERT INTO Motorista(id, nome, cpf, rg, cnh, disponibilidade, Contato_id, Veiculo_id)
VALUES (34, 'Judie Jaycox', '211.266.189-95', '6673545', '55751868128', true, 34, 34);

INSERT INTO Motorista(id, nome, cpf, rg, cnh, disponibilidade, Contato_id, Veiculo_id)
VALUES (35, 'Faye Fluellen', '513.267.555-18', '9373557', '60691870082', false, 35, 35);

INSERT INTO Motorista(id, nome, cpf, rg, cnh, disponibilidade, Contato_id, Veiculo_id)
VALUES (36, 'Shakia Snelson', '313.268.243-81', '1313564', '75831888794', true, 36, 36);

INSERT INTO Motorista(id, nome, cpf, rg, cnh, disponibilidade, Contato_id, Veiculo_id)
VALUES (37, 'Louisa Lathan', '193.269.806-57', '2783576', '55391891935', false, 37, 37);

INSERT INTO Motorista(id, nome, cpf, rg, cnh, disponibilidade, Contato_id, Veiculo_id)
VALUES (38, 'Dexter Dana', '290.270.126-84', '3733584', '20541905951', false, 38, 38);

INSERT INTO Motorista(id, nome, cpf, rg, cnh, disponibilidade, Contato_id, Veiculo_id)
VALUES (39, 'Ray Ridder', '870.271.507-06', '7753593', '73151913377', false, 39, 39);

INSERT INTO Motorista(id, nome, cpf, rg, cnh, disponibilidade, Contato_id, Veiculo_id)
VALUES (40, 'Kenny Kosak', '386.272.591-49', '4563600', '54241929476', false, 40, 40);

INSERT INTO Motorista(id, nome, cpf, rg, cnh, disponibilidade, Contato_id, Veiculo_id)
VALUES (41, 'Eliz Elie', '189.273.862-73', '7823610', '32401939213', false, 41, 41);

INSERT INTO Motorista(id, nome, cpf, rg, cnh, disponibilidade, Contato_id, Veiculo_id)
VALUES (42, 'Nichole Newingham', '188.274.152-55', '0983628', '09641943839', true, 42, 42);

INSERT INTO Motorista(id, nome, cpf, rg, cnh, disponibilidade, Contato_id, Veiculo_id)
VALUES (43, 'Saul Soto', '160.275.211-84', '1343635', '61311953866', true, 43, 43);

INSERT INTO Motorista(id, nome, cpf, rg, cnh, disponibilidade, Contato_id, Veiculo_id)
VALUES (44, 'Julissa Jone', '307.276.299-14', '5753649', '43511962047', false, 44, 44);

INSERT INTO Motorista(id, nome, cpf, rg, cnh, disponibilidade, Contato_id, Veiculo_id)
VALUES (45, 'Abram Applin', '697.277.411-61', '7653658', '66601979660', false, 45, 45);

INSERT INTO Motorista(id, nome, cpf, rg, cnh, disponibilidade, Contato_id, Veiculo_id)
VALUES (46, 'Rosenda Rossman', '517.278.867-18', '3983669', '58281989201', false, 46, 46);

INSERT INTO Motorista(id, nome, cpf, rg, cnh, disponibilidade, Contato_id, Veiculo_id)
VALUES (47, 'Nidia Nembhard', '781.279.146-64', '2123671', '20821998462', false, 47, 47);

INSERT INTO Motorista(id, nome, cpf, rg, cnh, disponibilidade, Contato_id, Veiculo_id)
VALUES (48, 'Patty Preece', '972.280.322-09', '1963681', '22732005609', true, 48, 48);

INSERT INTO Motorista(id, nome, cpf, rg, cnh, disponibilidade, Contato_id, Veiculo_id)
VALUES (49, 'Berenice Butt', '854.281.781-08', '5833699', '82612013535', false, 49, 49);

INSERT INTO Motorista(id, nome, cpf, rg, cnh, disponibilidade, Contato_id, Veiculo_id)
VALUES (50, 'Ashlee Andreas', '130.282.698-39', '4613707', '50932022020', false, 50, 50);

INSERT INTO Motorista(id, nome, cpf, rg, cnh, disponibilidade, Contato_id, Veiculo_id)
VALUES (51, 'Marisela Morrow', '284.283.624-02', '3713718', '51092030139', true, 51, 51);

INSERT INTO Motorista(id, nome, cpf, rg, cnh, disponibilidade, Contato_id, Veiculo_id)
VALUES (52, 'Katheleen Kenan', '731.284.005-01', '4843724', '29942043703', false, 52, 52);

INSERT INTO Motorista(id, nome, cpf, rg, cnh, disponibilidade, Contato_id, Veiculo_id)
VALUES (53, 'Scarlett Schiavo', '242.285.337-52', '7983735', '05742058596', true, 53, 53);

INSERT INTO Motorista(id, nome, cpf, rg, cnh, disponibilidade, Contato_id, Veiculo_id)
VALUES (54, 'Collin Cuneo', '715.286.623-30', '5403746', '47852062454', false, 54, 54);

INSERT INTO Motorista(id, nome, cpf, rg, cnh, disponibilidade, Contato_id, Veiculo_id)
VALUES (55, 'Sharika Severs', '670.287.763-56', '6373752', '32512076068', true, 55, 55);

INSERT INTO Motorista(id, nome, cpf, rg, cnh, disponibilidade, Contato_id, Veiculo_id)
VALUES (56, 'Ardelle Arrieta', '379.288.204-21', '6183761', '78962083830', false, 56, 56);

INSERT INTO Motorista(id, nome, cpf, rg, cnh, disponibilidade, Contato_id, Veiculo_id)
VALUES (57, 'Gaynelle Geraghty', '444.289.182-29', '0463775', '24682091621', false, 57, 57);

INSERT INTO Motorista(id, nome, cpf, rg, cnh, disponibilidade, Contato_id, Veiculo_id)
VALUES (58, 'Noemi Nuzzo', '958.290.608-41', '3153784', '22312104188', true, 58, 58);

INSERT INTO Motorista(id, nome, cpf, rg, cnh, disponibilidade, Contato_id, Veiculo_id)
VALUES (59, 'Willis Wilkens', '550.291.037-79', '3043791', '94172118394', true, 59, 59);

INSERT INTO Motorista(id, nome, cpf, rg, cnh, disponibilidade, Contato_id, Veiculo_id)
VALUES (60, 'Nisha Neilson', '372.292.713-88', '2533803', '03412128122', false, 60, 60);

INSERT INTO Motorista(id, nome, cpf, rg, cnh, disponibilidade, Contato_id, Veiculo_id)
VALUES (61, 'Trula Toomey', '774.293.187-94', '3713811', '20842139883', true, 61, 61);

INSERT INTO Motorista(id, nome, cpf, rg, cnh, disponibilidade, Contato_id, Veiculo_id)
VALUES (62, 'Jonie Johnstone', '764.294.926-04', '6233820', '59462147748', true, 62, 62);

INSERT INTO Motorista(id, nome, cpf, rg, cnh, disponibilidade, Contato_id, Veiculo_id)
VALUES (63, 'Tod Traughber', '020.295.944-28', '3953830', '15562155702', true, 63, 63);

INSERT INTO Motorista(id, nome, cpf, rg, cnh, disponibilidade, Contato_id, Veiculo_id)
VALUES (64, 'Nidia Null', '192.296.888-82', '4323849', '75072166108', false, 64, 64);

INSERT INTO Motorista(id, nome, cpf, rg, cnh, disponibilidade, Contato_id, Veiculo_id)
VALUES (65, 'Mamie Mccumber', '243.297.477-34', '0383858', '44992175456', false, 65, 65);

INSERT INTO Motorista(id, nome, cpf, rg, cnh, disponibilidade, Contato_id, Veiculo_id)
VALUES (66, 'Becky Babcock', '560.298.612-26', '9833865', '68252181979', true, 66, 66);

INSERT INTO Motorista(id, nome, cpf, rg, cnh, disponibilidade, Contato_id, Veiculo_id)
VALUES (67, 'Yvone Yaple', '976.299.091-79', '6033871', '17432196512', true, 67, 67);

INSERT INTO Motorista(id, nome, cpf, rg, cnh, disponibilidade, Contato_id, Veiculo_id)
VALUES (68, 'Bee Breck', '818.300.450-50', '7383882', '57062200578', false, 68, 68);

INSERT INTO Motorista(id, nome, cpf, rg, cnh, disponibilidade, Contato_id, Veiculo_id)
VALUES (69, 'Ara Alves', '159.301.879-54', '4013894', '74922216556', false, 69, 69);

INSERT INTO Motorista(id, nome, cpf, rg, cnh, disponibilidade, Contato_id, Veiculo_id)
VALUES (70, 'May Mongillo', '375.302.750-02', '2333901', '71462225665', false, 70, 70);

INSERT INTO Motorista(id, nome, cpf, rg, cnh, disponibilidade, Contato_id, Veiculo_id)
VALUES (71, 'Angel Altizer', '193.303.083-36', '9633914', '23952233868', true, 71, 71);

INSERT INTO Motorista(id, nome, cpf, rg, cnh, disponibilidade, Contato_id, Veiculo_id)
VALUES (72, 'Bo Bledsoe', '231.304.772-87', '6103928', '98782247362', true, 72, 72);

INSERT INTO Motorista(id, nome, cpf, rg, cnh, disponibilidade, Contato_id, Veiculo_id)
VALUES (73, 'Andre Avis', '744.305.374-07', '8583933', '85112254931', true, 73, 73);

INSERT INTO Motorista(id, nome, cpf, rg, cnh, disponibilidade, Contato_id, Veiculo_id)
VALUES (74, 'Lanny Lennon', '963.306.410-11', '7713941', '84912267998', false, 74, 74);

INSERT INTO Motorista(id, nome, cpf, rg, cnh, disponibilidade, Contato_id, Veiculo_id)
VALUES (75, 'Carla Cogdill', '709.307.750-02', '8253958', '05702272075', false, 75, 75);

INSERT INTO Motorista(id, nome, cpf, rg, cnh, disponibilidade, Contato_id, Veiculo_id)
VALUES (76, 'Donna Dobbin', '489.308.631-61', '6733969', '08182283734', false, 76, 76);

INSERT INTO Motorista(id, nome, cpf, rg, cnh, disponibilidade, Contato_id, Veiculo_id)
VALUES (77, 'Troy Turman', '231.309.467-77', '2683976', '86642291761', false, 77, 77);

INSERT INTO Motorista(id, nome, cpf, rg, cnh, disponibilidade, Contato_id, Veiculo_id)
VALUES (78, 'Mozella Mcneil', '305.310.038-45', '5873983', '44192305410', true, 78, 78);

INSERT INTO Motorista(id, nome, cpf, rg, cnh, disponibilidade, Contato_id, Veiculo_id)
VALUES (79, 'Jennell Jarrett', '953.311.962-06', '3323997', '72792318662', false, 79, 79);

INSERT INTO Motorista(id, nome, cpf, rg, cnh, disponibilidade, Contato_id, Veiculo_id)
VALUES (80, 'Tasha Tu', '854.312.215-20', '7734002', '70272326726', false, 80, 80);

INSERT INTO Motorista(id, nome, cpf, rg, cnh, disponibilidade, Contato_id, Veiculo_id)
VALUES (81, 'Reena Releford', '447.313.392-29', '4504017', '68312333490', false, 81, 81);

INSERT INTO Motorista(id, nome, cpf, rg, cnh, disponibilidade, Contato_id, Veiculo_id)
VALUES (82, 'Carin Crabill', '733.314.401-36', '8244023', '38092345863', false, 82, 82);

INSERT INTO Motorista(id, nome, cpf, rg, cnh, disponibilidade, Contato_id, Veiculo_id)
VALUES (83, 'Ernestine Eberhardt', '007.315.598-25', '1234039', '77002357634', false, 83, 83);

INSERT INTO Motorista(id, nome, cpf, rg, cnh, disponibilidade, Contato_id, Veiculo_id)
VALUES (84, 'Berenice Benshoof', '186.316.133-47', '7804049', '01602369365', false, 84, 84);

INSERT INTO Motorista(id, nome, cpf, rg, cnh, disponibilidade, Contato_id, Veiculo_id)
VALUES (85, 'Sharleen Spengler', '708.317.086-38', '3734051', '78942375787', false, 85, 85);

INSERT INTO Motorista(id, nome, cpf, rg, cnh, disponibilidade, Contato_id, Veiculo_id)
VALUES (86, 'Ruth Routt', '347.318.805-34', '6714064', '62942387239', false, 86, 86);

INSERT INTO Motorista(id, nome, cpf, rg, cnh, disponibilidade, Contato_id, Veiculo_id)
VALUES (87, 'Marivel Mangum', '741.319.601-45', '0564074', '55702398849', false, 87, 87);

INSERT INTO Motorista(id, nome, cpf, rg, cnh, disponibilidade, Contato_id, Veiculo_id)
VALUES (88, 'Bobby Burchard', '843.320.565-89', '5694083', '13042404808', false, 88, 88);

INSERT INTO Motorista(id, nome, cpf, rg, cnh, disponibilidade, Contato_id, Veiculo_id)
VALUES (89, 'Candance Ceniceros', '517.321.883-28', '2334096', '36722417195', false, 89, 89);

INSERT INTO Motorista(id, nome, cpf, rg, cnh, disponibilidade, Contato_id, Veiculo_id)
VALUES (90, 'Jamee Jaillet', '978.322.566-86', '1604101', '44952423590', false, 90, 90);

INSERT INTO Motorista(id, nome, cpf, rg, cnh, disponibilidade, Contato_id, Veiculo_id)
VALUES (91, 'Anh Arens', '039.323.783-63', '7964115', '25292436214', true, 91, 91);

INSERT INTO Motorista(id, nome, cpf, rg, cnh, disponibilidade, Contato_id, Veiculo_id)
VALUES (92, 'Arvilla Amore', '856.324.163-53', '9024128', '83722445103', false, 92, 92);

INSERT INTO Motorista(id, nome, cpf, rg, cnh, disponibilidade, Contato_id, Veiculo_id)
VALUES (93, 'Sierra Suess', '791.325.307-20', '5804133', '64532458354', false, 93, 93);

INSERT INTO Motorista(id, nome, cpf, rg, cnh, disponibilidade, Contato_id, Veiculo_id)
VALUES (94, 'Arthur Armagost', '363.326.502-42', '0124148', '80152462896', true, 94, 94);

INSERT INTO Motorista(id, nome, cpf, rg, cnh, disponibilidade, Contato_id, Veiculo_id)
VALUES (95, 'Cami Chaplin', '581.327.160-08', '6334151', '39602470728', true, 95, 95);

INSERT INTO Motorista(id, nome, cpf, rg, cnh, disponibilidade, Contato_id, Veiculo_id)
VALUES (96, 'Joi Jarrell', '961.328.471-32', '3604160', '54472487698', true, 96, 96);

INSERT INTO Motorista(id, nome, cpf, rg, cnh, disponibilidade, Contato_id, Veiculo_id)
VALUES (97, 'Claudie Curtsinger', '777.329.052-62', '3264175', '07842496332', true, 97, 97);

INSERT INTO Motorista(id, nome, cpf, rg, cnh, disponibilidade, Contato_id, Veiculo_id)
VALUES (98, 'Luisa Leinen', '904.330.734-45', '6494184', '92762502464', true, 98, 98);

INSERT INTO Motorista(id, nome, cpf, rg, cnh, disponibilidade, Contato_id, Veiculo_id)
VALUES (99, 'Kendra Kitzman', '292.331.090-98', '2604193', '49462513891', false, 99, 99);

INSERT INTO Motorista(id, nome, cpf, rg, cnh, disponibilidade, Contato_id, Veiculo_id)
VALUES (100, 'Lucille Lirette', '280.332.717-59', '2004203', '19982524517', true, 100, 100);

-- Popula a tabela Empresa.

INSERT INTO Empresa(id, nome, cnpj, Contato_id)
VALUES (1, 'Petrobras', '56.247.657/0002-38', 101);

INSERT INTO Empresa(id, nome, cnpj, Contato_id)
VALUES (2, 'BR Distribuidora', '85.248.587/0002-42', 102);

INSERT INTO Empresa(id, nome, cnpj, Contato_id)
VALUES (3, 'Vale', '70.249.829/0001-76', 103);

INSERT INTO Empresa(id, nome, cnpj, Contato_id)
VALUES (4, 'Ipiranga Produtos', '94.250.063/0002-27', 104);

INSERT INTO Empresa(id, nome, cnpj, Contato_id)
VALUES (5, 'Raízen', '59.251.380/0002-88', 105);

INSERT INTO Empresa(id, nome, cnpj, Contato_id)
VALUES (6, 'Fiat', '16.252.766/0001-78', 106);

INSERT INTO Empresa(id, nome, cnpj, Contato_id)
VALUES (7, 'Volkswagen', '93.253.445/0001-79', 107);

INSERT INTO Empresa(id, nome, cnpj, Contato_id)
VALUES (8, 'Vivo', '97.254.185/0002-30', 108);

INSERT INTO Empresa(id, nome, cnpj, Contato_id)
VALUES (9, 'Bunge Alimentos', '84.255.557/0001-34', 109);

INSERT INTO Empresa(id, nome, cnpj, Contato_id)
VALUES (10, 'Cargill', '37.256.061/0001-66', 110);

INSERT INTO Empresa(id, nome, cnpj, Contato_id)
VALUES (11, 'Braskem', '43.257.836/0002-09', 111);

INSERT INTO Empresa(id, nome, cnpj, Contato_id)
VALUES (12, 'Pão de Açúcar', '59.258.100/0002-87', 112);

INSERT INTO Empresa(id, nome, cnpj, Contato_id)
VALUES (13, 'TIM', '75.259.460/0002-12', 113);

INSERT INTO Empresa(id, nome, cnpj, Contato_id)
VALUES (14, 'General Motors', '61.260.619/0001-91', 114);

INSERT INTO Empresa(id, nome, cnpj, Contato_id)
VALUES (15, 'Telefônica', '75.261.862/0001-86', 115);

INSERT INTO Empresa(id, nome, cnpj, Contato_id)
VALUES (16, 'Casas Bahia', '47.262.276/0001-92', 116);

INSERT INTO Empresa(id, nome, cnpj, Contato_id)
VALUES (17, 'Walmart', '32.263.755/0001-72', 117);

INSERT INTO Empresa(id, nome, cnpj, Contato_id)
VALUES (18, 'Ambev', '10.264.128/0002-57', 118);

INSERT INTO Empresa(id, nome, cnpj, Contato_id)
VALUES (19, 'ArcelorMittal Brasil', '06.265.011/0001-80', 119);

INSERT INTO Empresa(id, nome, cnpj, Contato_id)
VALUES (20, 'Correios', '76.266.999/0002-34', 120);

INSERT INTO Empresa(id, nome, cnpj, Contato_id)
VALUES (21, 'Mercedes-Benz', '01.267.954/0002-61', 121);

INSERT INTO Empresa(id, nome, cnpj, Contato_id)
VALUES (22, 'JBS', '84.268.448/0002-97', 122);

INSERT INTO Empresa(id, nome, cnpj, Contato_id)
VALUES (23, 'Carrefour', '31.269.890/0002-40', 123);

INSERT INTO Empresa(id, nome, cnpj, Contato_id)
VALUES (24, 'TAM', '77.270.220/0002-50', 124);

INSERT INTO Empresa(id, nome, cnpj, Contato_id)
VALUES (25, 'Brasil Foods/Sadia', '79.271.670/0002-43', 125);

INSERT INTO Empresa(id, nome, cnpj, Contato_id)
VALUES (26, 'Brasil Foods', '42.272.056/0001-80', 126);

INSERT INTO Empresa(id, nome, cnpj, Contato_id)
VALUES (27, 'Telemar', '56.273.431/0002-14', 127);

INSERT INTO Empresa(id, nome, cnpj, Contato_id)
VALUES (28, 'Cosan', '72.274.008/0001-23', 128);

INSERT INTO Empresa(id, nome, cnpj, Contato_id)
VALUES (29, 'Ford', '67.275.971/0001-63', 129);

INSERT INTO Empresa(id, nome, cnpj, Contato_id)
VALUES (30, 'Atacadão', '86.276.241/0002-49', 130);

INSERT INTO Empresa(id, nome, cnpj, Contato_id)
VALUES (31, 'CSN', '97.277.162/0001-83', 131);

INSERT INTO Empresa(id, nome, cnpj, Contato_id)
VALUES (32, 'Claro', '48.278.501/0001-35', 132);

INSERT INTO Empresa(id, nome, cnpj, Contato_id)
VALUES (33, 'Usiminas', '23.279.983/0002-10', 133);

INSERT INTO Empresa(id, nome, cnpj, Contato_id)
VALUES (34, 'Embratel', '04.280.814/0002-92', 134);

INSERT INTO Empresa(id, nome, cnpj, Contato_id)
VALUES (35, 'Moto Honda', '48.281.221/0001-08', 135);

INSERT INTO Empresa(id, nome, cnpj, Contato_id)
VALUES (36, 'Sabesp', '21.282.376/0002-06', 136);

INSERT INTO Empresa(id, nome, cnpj, Contato_id)
VALUES (37, 'AES Eletropaulo', '32.283.728/0002-09', 137);

INSERT INTO Empresa(id, nome, cnpj, Contato_id)
VALUES (38, 'ADM', '96.284.795/0002-80', 138);

INSERT INTO Empresa(id, nome, cnpj, Contato_id)
VALUES (39, 'Oi (TNL PCS)', '59.285.071/0001-92', 139);

INSERT INTO Empresa(id, nome, cnpj, Contato_id)
VALUES (40, 'MAN', '95.286.791/0001-71', 140);

INSERT INTO Empresa(id, nome, cnpj, Contato_id)
VALUES (41, 'Toyota', '95.287.866/0002-91', 141);

INSERT INTO Empresa(id, nome, cnpj, Contato_id)
VALUES (42, 'Cemig Distribuição', '28.288.786/0001-32', 142);

INSERT INTO Empresa(id, nome, cnpj, Contato_id)
VALUES (43, 'Embraer', '53.289.974/0002-00', 143);

INSERT INTO Empresa(id, nome, cnpj, Contato_id)
VALUES (44, 'Globo', '73.290.625/0002-73', 144);

INSERT INTO Empresa(id, nome, cnpj, Contato_id)
VALUES (45, 'Construtora Odebrecht', '63.291.756/0001-65', 145);

INSERT INTO Empresa(id, nome, cnpj, Contato_id)
VALUES (46, 'Samsung', '53.292.049/0002-24', 146);

INSERT INTO Empresa(id, nome, cnpj, Contato_id)
VALUES (47, 'Copersucar', '97.293.352/0002-94', 147);

INSERT INTO Empresa(id, nome, cnpj, Contato_id)
VALUES (48, 'Gerdau Aços Longos', '61.294.580/0002-50', 148);

INSERT INTO Empresa(id, nome, cnpj, Contato_id)
VALUES (49, 'Nextel', '08.295.397/0001-20', 149);

INSERT INTO Empresa(id, nome, cnpj, Contato_id)
VALUES (50, 'Renault', '45.296.219/0001-28', 150);

INSERT INTO Empresa(id, nome, cnpj, Contato_id)
VALUES (51, 'Ale', '50.297.627/0002-94', 151);

INSERT INTO Empresa(id, nome, cnpj, Contato_id)
VALUES (52, 'Oi', '39.298.716/0001-29', 152);

INSERT INTO Empresa(id, nome, cnpj, Contato_id)
VALUES (53, 'GOL', '67.299.761/0001-91', 153);

INSERT INTO Empresa(id, nome, cnpj, Contato_id)
VALUES (54, 'Unilever', '21.300.036/0002-63', 154);

INSERT INTO Empresa(id, nome, cnpj, Contato_id)
VALUES (55, 'Samarco', '03.301.506/0001-21', 155);

INSERT INTO Empresa(id, nome, cnpj, Contato_id)
VALUES (56, 'Furnas', '66.302.349/0002-15', 156);

INSERT INTO Empresa(id, nome, cnpj, Contato_id)
VALUES (57, 'Amil', '16.303.771/0001-70', 157);

INSERT INTO Empresa(id, nome, cnpj, Contato_id)
VALUES (58, 'GE', '19.304.387/0001-01', 158);

INSERT INTO Empresa(id, nome, cnpj, Contato_id)
VALUES (59, 'Refap', '15.305.671/0001-75', 159);

INSERT INTO Empresa(id, nome, cnpj, Contato_id)
VALUES (60, 'Itaipu Binacional', '66.306.972/0002-77', 160);

INSERT INTO Empresa(id, nome, cnpj, Contato_id)
VALUES (61, 'Louis Dreyfus', '34.307.399/0002-80', 161);

INSERT INTO Empresa(id, nome, cnpj, Contato_id)
VALUES (62, 'Peugeot Citroën', '98.308.740/0002-48', 162);

INSERT INTO Empresa(id, nome, cnpj, Contato_id)
VALUES (63, 'Light', '15.309.262/0001-87', 163);

INSERT INTO Empresa(id, nome, cnpj, Contato_id)
VALUES (64, 'Lojas Americanas', '00.310.487/0001-43', 164);

INSERT INTO Empresa(id, nome, cnpj, Contato_id)
VALUES (65, 'Honda Automóveis', '04.311.470/0001-96', 165);

INSERT INTO Empresa(id, nome, cnpj, Contato_id)
VALUES (66, 'Natura', '86.312.709/0001-53', 166);

INSERT INTO Empresa(id, nome, cnpj, Contato_id)
VALUES (67, 'Whirlpool', '58.313.446/0002-69', 167);

INSERT INTO Empresa(id, nome, cnpj, Contato_id)
VALUES (68, 'Basf', '64.314.177/0002-26', 168);

INSERT INTO Empresa(id, nome, cnpj, Contato_id)
VALUES (69, 'CPFL Paulista', '25.315.406/0002-16', 169);

INSERT INTO Empresa(id, nome, cnpj, Contato_id)
VALUES (70, 'Coamo', '17.316.219/0001-25', 170);

INSERT INTO Empresa(id, nome, cnpj, Contato_id)
VALUES (71, 'Souza Cruz', '90.317.292/0001-95', 171);

INSERT INTO Empresa(id, nome, cnpj, Contato_id)
VALUES (72, 'Makro', '72.318.237/0001-26', 172);

INSERT INTO Empresa(id, nome, cnpj, Contato_id)
VALUES (73, 'Copel', '98.319.540/0001-80', 173);

INSERT INTO Empresa(id, nome, cnpj, Contato_id)
VALUES (74, 'Votoran', '75.320.365/0002-16', 174);

INSERT INTO Empresa(id, nome, cnpj, Contato_id)
VALUES (75, 'Magazine Luiza', '89.321.860/0002-24', 175);

INSERT INTO Empresa(id, nome, cnpj, Contato_id)
VALUES (76, 'Chesf', '53.322.604/0002-01', 176);

INSERT INTO Empresa(id, nome, cnpj, Contato_id)
VALUES (77, 'Nestlé', '12.323.475/0002-67', 177);

INSERT INTO Empresa(id, nome, cnpj, Contato_id)
VALUES (78, 'Gerdau Açominas', '81.324.650/0001-89', 178);

INSERT INTO Empresa(id, nome, cnpj, Contato_id)
VALUES (79, 'Coelba', '20.325.932/0002-21', 179);

INSERT INTO Empresa(id, nome, cnpj, Contato_id)
VALUES (80, 'Transpetro', '99.326.333/0002-50', 180);

INSERT INTO Empresa(id, nome, cnpj, Contato_id)
VALUES (81, 'Suzano', '15.327.827/0001-86', 181);

INSERT INTO Empresa(id, nome, cnpj, Contato_id)
VALUES (82, 'Heringer', '93.328.153/0002-26', 182);

INSERT INTO Empresa(id, nome, cnpj, Contato_id)
VALUES (83, 'CNH', '74.329.980/0001-72', 183);

INSERT INTO Empresa(id, nome, cnpj, Contato_id)
VALUES (84, 'Paranapanema', '75.330.019/0002-60', 184);

INSERT INTO Empresa(id, nome, cnpj, Contato_id)
VALUES (85, 'Iveco', '44.331.375/0001-37', 185);

INSERT INTO Empresa(id, nome, cnpj, Contato_id)
VALUES (86, 'Ponto Frio', '44.332.695/0002-85', 186);

INSERT INTO Empresa(id, nome, cnpj, Contato_id)
VALUES (87, 'Marfrig', '56.333.138/0001-09', 187);

INSERT INTO Empresa(id, nome, cnpj, Contato_id)
VALUES (88, 'Camargo Corrêa', '88.334.120/0002-88', 188);

INSERT INTO Empresa(id, nome, cnpj, Contato_id)
VALUES (89, 'Bunge Fertilizantes', '97.335.431/0001-09', 189);

INSERT INTO Empresa(id, nome, cnpj, Contato_id)
VALUES (90, 'Mitsubishi Motors', '65.336.828/0002-85', 190);

INSERT INTO Empresa(id, nome, cnpj, Contato_id)
VALUES (91, 'Andrade Gutierrez', '88.337.322/0002-70', 191);

INSERT INTO Empresa(id, nome, cnpj, Contato_id)
VALUES (92, 'Bayer', '20.338.898/0002-96', 192);

INSERT INTO Empresa(id, nome, cnpj, Contato_id)
VALUES (93, 'Avon', '54.339.107/0002-24', 193);

INSERT INTO Empresa(id, nome, cnpj, Contato_id)
VALUES (94, 'Eletronorte', '34.340.570/0002-84', 194);

INSERT INTO Empresa(id, nome, cnpj, Contato_id)
VALUES (95, 'Robert Bosch', '99.341.834/0002-99', 195);

INSERT INTO Empresa(id, nome, cnpj, Contato_id)
VALUES (96, 'HP', '59.342.457/0002-96', 196);

INSERT INTO Empresa(id, nome, cnpj, Contato_id)
VALUES (97, 'Braskem Qpar', '87.343.932/0001-85', 197);

INSERT INTO Empresa(id, nome, cnpj, Contato_id)
VALUES (98, 'Spal', '56.344.887/0001-61', 198);

INSERT INTO Empresa(id, nome, cnpj, Contato_id)
VALUES (99, 'Tag', '09.345.357/0001-58', 199);

INSERT INTO Empresa(id, nome, cnpj, Contato_id)
VALUES (100, 'Comgás', '31.346.572/0002-46', 200);

-- Popula a tabela Servico.

INSERT INTO Servico(id, tipoServico, TipoCarga_id, quantidadeCarga, unidadeCarga, dataPedido, distancia, Empresa_id, origem, destino, descricao)
VALUES (1, 'EXPRESSO', 10, '234', 'kilogramas', '2011-6-16 6:13', '60 Km', 10, 201, 202, 'A carga deve estar com gps, por toda a viagem.');

INSERT INTO Servico(id, tipoServico, TipoCarga_id, quantidadeCarga, unidadeCarga, dataPedido, distancia, Empresa_id, origem, destino, descricao)
VALUES (2, 'ECONOMICO', 8, '878', 'unidades', '2011-8-7 7:15', '32 Km', 3, 203, 204, null);

INSERT INTO Servico(id, tipoServico, TipoCarga_id, quantidadeCarga, unidadeCarga, dataPedido, distancia, Empresa_id, origem, destino, descricao)
VALUES (3, 'ECONOMICO', 4, '261', 'unidades', '2011-6-11 17:43', '37 Km', 97, 205, 206, null);

INSERT INTO Servico(id, tipoServico, TipoCarga_id, quantidadeCarga, unidadeCarga, dataPedido, distancia, Empresa_id, origem, destino, descricao)
VALUES (4, 'EXPRESSO', 8, '806', 'gramas', '2011-2-20 7:56', '8 Km', 44, 207, 208, null);

INSERT INTO Servico(id, tipoServico, TipoCarga_id, quantidadeCarga, unidadeCarga, dataPedido, distancia, Empresa_id, origem, destino, descricao)
VALUES (5, 'EXPRESSO', 4, '337', 'gramas', '2011-2-5 0:56', '4 Km', 9, 209, 210, 'Em caso de acidentes, muito cuidado com a carga, pois é altamente inflamável.');

INSERT INTO Servico(id, tipoServico, TipoCarga_id, quantidadeCarga, unidadeCarga, dataPedido, distancia, Empresa_id, origem, destino, descricao)
VALUES (6, 'ECONOMICO', 5, '208', 'cabeças', '2011-6-22 20:14', '22 Km', 61, 211, 212, 'A entrega deve ser feitas em mãos e com assinatura do dono.');

INSERT INTO Servico(id, tipoServico, TipoCarga_id, quantidadeCarga, unidadeCarga, dataPedido, distancia, Empresa_id, origem, destino, descricao)
VALUES (7, 'EXPRESSO', 7, '489', 'gramas', '2011-8-22 9:53', '67 Km', 47, 213, 214, null);

INSERT INTO Servico(id, tipoServico, TipoCarga_id, quantidadeCarga, unidadeCarga, dataPedido, distancia, Empresa_id, origem, destino, descricao)
VALUES (8, 'EXPRESSO', 9, '638', 'cabeças', '2011-7-23 3:3', '24 Km', 18, 215, 216, null);

INSERT INTO Servico(id, tipoServico, TipoCarga_id, quantidadeCarga, unidadeCarga, dataPedido, distancia, Empresa_id, origem, destino, descricao)
VALUES (9, 'NORMAL', 8, '910', 'unidades', '2011-2-11 1:34', '11 Km', 75, 217, 218, null);

INSERT INTO Servico(id, tipoServico, TipoCarga_id, quantidadeCarga, unidadeCarga, dataPedido, distancia, Empresa_id, origem, destino, descricao)
VALUES (10, 'EXPRESSO', 6, '487', 'cabeças', '2011-7-1 22:47', '29 Km', 87, 219, 220, 'Evitar caminhos esburacados, a carga é muito sensível.');

INSERT INTO Servico(id, tipoServico, TipoCarga_id, quantidadeCarga, unidadeCarga, dataPedido, distancia, Empresa_id, origem, destino, descricao)
VALUES (11, 'NORMAL', 5, '604', 'gramas', '2011-7-19 6:13', '54 Km', 2, 221, 222, null);

INSERT INTO Servico(id, tipoServico, TipoCarga_id, quantidadeCarga, unidadeCarga, dataPedido, distancia, Empresa_id, origem, destino, descricao)
VALUES (12, 'ECONOMICO', 7, '947', 'kilogramas', '2011-3-9 17:59', '30 Km', 90, 223, 224, null);

INSERT INTO Servico(id, tipoServico, TipoCarga_id, quantidadeCarga, unidadeCarga, dataPedido, distancia, Empresa_id, origem, destino, descricao)
VALUES (13, 'EXPRESSO', 7, '810', 'cabeças', '2011-9-3 15:27', '67 Km', 34, 225, 226, null);

INSERT INTO Servico(id, tipoServico, TipoCarga_id, quantidadeCarga, unidadeCarga, dataPedido, distancia, Empresa_id, origem, destino, descricao)
VALUES (14, 'ECONOMICO', 2, '183', 'gramas', '2011-4-13 21:1', '54 Km', 76, 227, 228, 'Evitar caminhos esburacados, a carga é muito sensível.');

INSERT INTO Servico(id, tipoServico, TipoCarga_id, quantidadeCarga, unidadeCarga, dataPedido, distancia, Empresa_id, origem, destino, descricao)
VALUES (15, 'ECONOMICO', 10, '210', 'gramas', '2011-1-18 4:5', '1 Km', 78, 229, 230, null);

INSERT INTO Servico(id, tipoServico, TipoCarga_id, quantidadeCarga, unidadeCarga, dataPedido, distancia, Empresa_id, origem, destino, descricao)
VALUES (16, 'ECONOMICO', 5, '426', 'gramas', '2011-2-3 12:26', '64 Km', 85, 231, 232, null);

INSERT INTO Servico(id, tipoServico, TipoCarga_id, quantidadeCarga, unidadeCarga, dataPedido, distancia, Empresa_id, origem, destino, descricao)
VALUES (17, 'NORMAL', 7, '760', 'gramas', '2011-4-19 13:5', '60 Km', 41, 233, 234, null);

INSERT INTO Servico(id, tipoServico, TipoCarga_id, quantidadeCarga, unidadeCarga, dataPedido, distancia, Empresa_id, origem, destino, descricao)
VALUES (18, 'ECONOMICO', 8, '576', 'kilogramas', '2011-1-12 22:16', '7 Km', 6, 235, 236, 'A entrega não pode demorar. Em caso de atraso, deve ser avisado que o serviço não será cobrado. Este é um cliente importante para a empresa, e não podemos desapontá-los');

INSERT INTO Servico(id, tipoServico, TipoCarga_id, quantidadeCarga, unidadeCarga, dataPedido, distancia, Empresa_id, origem, destino, descricao)
VALUES (19, 'EXPRESSO', 10, '758', 'kilogramas', '2011-9-14 14:20', '59 Km', 96, 237, 238, 'Em caso de acidentes, muito cuidado com a carga, pois é altamente inflamável.');

INSERT INTO Servico(id, tipoServico, TipoCarga_id, quantidadeCarga, unidadeCarga, dataPedido, distancia, Empresa_id, origem, destino, descricao)
VALUES (20, 'NORMAL', 3, '246', 'unidades', '2011-5-27 23:5', '66 Km', 29, 239, 240, 'A entrega não pode demorar. Em caso de atraso, deve ser avisado que o serviço não será cobrado. Este é um cliente importante para a empresa, e não podemos desapontá-los');

INSERT INTO Servico(id, tipoServico, TipoCarga_id, quantidadeCarga, unidadeCarga, dataPedido, distancia, Empresa_id, origem, destino, descricao)
VALUES (21, 'EXPRESSO', 6, '717', 'cabeças', '2011-12-23 6:15', '29 Km', 42, 241, 242, null);

INSERT INTO Servico(id, tipoServico, TipoCarga_id, quantidadeCarga, unidadeCarga, dataPedido, distancia, Empresa_id, origem, destino, descricao)
VALUES (22, 'ECONOMICO', 7, '957', 'cabeças', '2011-10-21 13:31', '35 Km', 50, 243, 244, 'Pegaro máximo de estradas livres.');

INSERT INTO Servico(id, tipoServico, TipoCarga_id, quantidadeCarga, unidadeCarga, dataPedido, distancia, Empresa_id, origem, destino, descricao)
VALUES (23, 'ECONOMICO', 9, '617', 'kilogramas', '2011-8-9 16:37', '46 Km', 45, 245, 246, null);

INSERT INTO Servico(id, tipoServico, TipoCarga_id, quantidadeCarga, unidadeCarga, dataPedido, distancia, Empresa_id, origem, destino, descricao)
VALUES (24, 'EXPRESSO', 2, '627', 'kilogramas', '2011-7-19 0:47', '55 Km', 9, 247, 248, null);

INSERT INTO Servico(id, tipoServico, TipoCarga_id, quantidadeCarga, unidadeCarga, dataPedido, distancia, Empresa_id, origem, destino, descricao)
VALUES (25, 'ECONOMICO', 1, '754', 'gramas', '2011-10-12 19:40', '13 Km', 13, 249, 250, null);

INSERT INTO Servico(id, tipoServico, TipoCarga_id, quantidadeCarga, unidadeCarga, dataPedido, distancia, Empresa_id, origem, destino, descricao)
VALUES (26, 'NORMAL', 10, '609', 'gramas', '2011-10-1 18:29', '51 Km', 75, 251, 252, 'Atrasos não serão tolerados para essa entrega.');

INSERT INTO Servico(id, tipoServico, TipoCarga_id, quantidadeCarga, unidadeCarga, dataPedido, distancia, Empresa_id, origem, destino, descricao)
VALUES (27, 'NORMAL', 7, '678', 'cabeças', '2011-7-14 14:36', '35 Km', 67, 253, 254, null);

INSERT INTO Servico(id, tipoServico, TipoCarga_id, quantidadeCarga, unidadeCarga, dataPedido, distancia, Empresa_id, origem, destino, descricao)
VALUES (28, 'EXPRESSO', 10, '566', 'kilogramas', '2011-3-6 7:9', '40 Km', 3, 255, 256, null);

INSERT INTO Servico(id, tipoServico, TipoCarga_id, quantidadeCarga, unidadeCarga, dataPedido, distancia, Empresa_id, origem, destino, descricao)
VALUES (29, 'EXPRESSO', 3, '853', 'unidades', '2011-9-21 8:35', '2 Km', 77, 257, 258, null);

INSERT INTO Servico(id, tipoServico, TipoCarga_id, quantidadeCarga, unidadeCarga, dataPedido, distancia, Empresa_id, origem, destino, descricao)
VALUES (30, 'EXPRESSO', 8, '759', 'cabeças', '2011-1-2 3:0', '3 Km', 33, 259, 260, 'A carga deve estar com gps, por toda a viagem.');

INSERT INTO Servico(id, tipoServico, TipoCarga_id, quantidadeCarga, unidadeCarga, dataPedido, distancia, Empresa_id, origem, destino, descricao)
VALUES (31, 'EXPRESSO', 9, '922', 'gramas', '2011-8-7 0:0', '34 Km', 64, 261, 262, 'A carga deve ser deixada no campo ao lado do prédio principal.');

INSERT INTO Servico(id, tipoServico, TipoCarga_id, quantidadeCarga, unidadeCarga, dataPedido, distancia, Empresa_id, origem, destino, descricao)
VALUES (32, 'NORMAL', 6, '915', 'cabeças', '2011-8-29 5:5', '67 Km', 53, 263, 264, 'Evitar caminhos esburacados, a carga é muito sensível.');

INSERT INTO Servico(id, tipoServico, TipoCarga_id, quantidadeCarga, unidadeCarga, dataPedido, distancia, Empresa_id, origem, destino, descricao)
VALUES (33, 'EXPRESSO', 3, '223', 'gramas', '2011-1-4 23:56', '50 Km', 65, 265, 266, 'Pegaro máximo de estradas livres.');

INSERT INTO Servico(id, tipoServico, TipoCarga_id, quantidadeCarga, unidadeCarga, dataPedido, distancia, Empresa_id, origem, destino, descricao)
VALUES (34, 'NORMAL', 5, '318', 'cabeças', '2011-10-3 2:46', '62 Km', 76, 267, 268, null);

INSERT INTO Servico(id, tipoServico, TipoCarga_id, quantidadeCarga, unidadeCarga, dataPedido, distancia, Empresa_id, origem, destino, descricao)
VALUES (35, 'NORMAL', 10, '142', 'gramas', '2011-3-2 5:33', '37 Km', 49, 269, 270, null);

INSERT INTO Servico(id, tipoServico, TipoCarga_id, quantidadeCarga, unidadeCarga, dataPedido, distancia, Empresa_id, origem, destino, descricao)
VALUES (36, 'EXPRESSO', 1, '909', 'kilogramas', '2011-2-5 11:3', '22 Km', 50, 271, 272, 'A carga será verificada por um especialista que estará no local de entrega. E somente pode ser entregue com a aprovação assinada do especialista.');

INSERT INTO Servico(id, tipoServico, TipoCarga_id, quantidadeCarga, unidadeCarga, dataPedido, distancia, Empresa_id, origem, destino, descricao)
VALUES (37, 'EXPRESSO', 5, '896', 'kilogramas', '2011-1-13 0:37', '7 Km', 73, 273, 274, null);

INSERT INTO Servico(id, tipoServico, TipoCarga_id, quantidadeCarga, unidadeCarga, dataPedido, distancia, Empresa_id, origem, destino, descricao)
VALUES (38, 'EXPRESSO', 10, '114', 'kilogramas', '2011-10-26 16:52', '66 Km', 44, 275, 276, 'A carga deve estar com gps, por toda a viagem.');

INSERT INTO Servico(id, tipoServico, TipoCarga_id, quantidadeCarga, unidadeCarga, dataPedido, distancia, Empresa_id, origem, destino, descricao)
VALUES (39, 'EXPRESSO', 4, '436', 'unidades', '2011-1-9 20:17', '41 Km', 34, 277, 278, null);

INSERT INTO Servico(id, tipoServico, TipoCarga_id, quantidadeCarga, unidadeCarga, dataPedido, distancia, Empresa_id, origem, destino, descricao)
VALUES (40, 'NORMAL', 6, '334', 'kilogramas', '2011-3-10 17:24', '57 Km', 66, 279, 280, null);

INSERT INTO Servico(id, tipoServico, TipoCarga_id, quantidadeCarga, unidadeCarga, dataPedido, distancia, Empresa_id, origem, destino, descricao)
VALUES (41, 'NORMAL', 10, '500', 'kilogramas', '2011-3-16 19:48', '15 Km', 75, 281, 282, null);

INSERT INTO Servico(id, tipoServico, TipoCarga_id, quantidadeCarga, unidadeCarga, dataPedido, distancia, Empresa_id, origem, destino, descricao)
VALUES (42, 'ECONOMICO', 6, '541', 'cabeças', '2011-9-12 5:43', '5 Km', 34, 283, 284, null);

INSERT INTO Servico(id, tipoServico, TipoCarga_id, quantidadeCarga, unidadeCarga, dataPedido, distancia, Empresa_id, origem, destino, descricao)
VALUES (43, 'NORMAL', 5, '763', 'cabeças', '2011-8-6 16:48', '18 Km', 55, 285, 286, 'Em caso de acidentes, muito cuidado com a carga, pois é altamente inflamável.');

INSERT INTO Servico(id, tipoServico, TipoCarga_id, quantidadeCarga, unidadeCarga, dataPedido, distancia, Empresa_id, origem, destino, descricao)
VALUES (44, 'EXPRESSO', 10, '189', 'unidades', '2011-3-11 1:53', '69 Km', 66, 287, 288, null);

INSERT INTO Servico(id, tipoServico, TipoCarga_id, quantidadeCarga, unidadeCarga, dataPedido, distancia, Empresa_id, origem, destino, descricao)
VALUES (45, 'NORMAL', 10, '417', 'kilogramas', '2011-10-6 15:4', '50 Km', 61, 289, 290, null);

INSERT INTO Servico(id, tipoServico, TipoCarga_id, quantidadeCarga, unidadeCarga, dataPedido, distancia, Empresa_id, origem, destino, descricao)
VALUES (46, 'EXPRESSO', 1, '611', 'gramas', '2011-2-18 14:53', '49 Km', 79, 291, 292, null);

INSERT INTO Servico(id, tipoServico, TipoCarga_id, quantidadeCarga, unidadeCarga, dataPedido, distancia, Empresa_id, origem, destino, descricao)
VALUES (47, 'NORMAL', 7, '321', 'cabeças', '2011-11-3 3:23', '35 Km', 54, 293, 294, null);

INSERT INTO Servico(id, tipoServico, TipoCarga_id, quantidadeCarga, unidadeCarga, dataPedido, distancia, Empresa_id, origem, destino, descricao)
VALUES (48, 'EXPRESSO', 1, '634', 'unidades', '2011-12-19 18:8', '1 Km', 76, 295, 296, 'A carga deve ser deixada no campo ao lado do prédio principal.');

INSERT INTO Servico(id, tipoServico, TipoCarga_id, quantidadeCarga, unidadeCarga, dataPedido, distancia, Empresa_id, origem, destino, descricao)
VALUES (49, 'EXPRESSO', 5, '444', 'gramas', '2011-4-4 8:38', '31 Km', 75, 297, 298, null);

INSERT INTO Servico(id, tipoServico, TipoCarga_id, quantidadeCarga, unidadeCarga, dataPedido, distancia, Empresa_id, origem, destino, descricao)
VALUES (50, 'EXPRESSO', 3, '973', 'kilogramas', '2011-10-13 1:41', '59 Km', 66, 299, 300, null);

INSERT INTO Servico(id, tipoServico, TipoCarga_id, quantidadeCarga, unidadeCarga, dataPedido, distancia, Empresa_id, origem, destino, descricao)
VALUES (51, 'NORMAL', 7, '255', 'unidades', '2011-7-15 7:2', '66 Km', 75, 301, 302, null);

INSERT INTO Servico(id, tipoServico, TipoCarga_id, quantidadeCarga, unidadeCarga, dataPedido, distancia, Empresa_id, origem, destino, descricao)
VALUES (52, 'NORMAL', 1, '843', 'unidades', '2011-10-4 6:11', '31 Km', 93, 303, 304, 'Passar apenas por caminhos asfaltados.');

INSERT INTO Servico(id, tipoServico, TipoCarga_id, quantidadeCarga, unidadeCarga, dataPedido, distancia, Empresa_id, origem, destino, descricao)
VALUES (53, 'ECONOMICO', 10, '565', 'gramas', '2011-2-16 0:41', '43 Km', 64, 305, 306, 'Passar apenas por caminhos asfaltados.');

INSERT INTO Servico(id, tipoServico, TipoCarga_id, quantidadeCarga, unidadeCarga, dataPedido, distancia, Empresa_id, origem, destino, descricao)
VALUES (54, 'NORMAL', 5, '135', 'gramas', '2011-8-22 7:44', '4 Km', 36, 307, 308, null);

INSERT INTO Servico(id, tipoServico, TipoCarga_id, quantidadeCarga, unidadeCarga, dataPedido, distancia, Empresa_id, origem, destino, descricao)
VALUES (55, 'EXPRESSO', 1, '741', 'cabeças', '2011-10-26 10:23', '61 Km', 12, 309, 310, null);

INSERT INTO Servico(id, tipoServico, TipoCarga_id, quantidadeCarga, unidadeCarga, dataPedido, distancia, Empresa_id, origem, destino, descricao)
VALUES (56, 'EXPRESSO', 2, '969', 'kilogramas', '2011-5-4 17:50', '60 Km', 53, 311, 312, 'A carga será verificada por um especialista que estará no local de entrega. E somente pode ser entregue com a aprovação assinada do especialista.');

INSERT INTO Servico(id, tipoServico, TipoCarga_id, quantidadeCarga, unidadeCarga, dataPedido, distancia, Empresa_id, origem, destino, descricao)
VALUES (57, 'NORMAL', 9, '685', 'unidades', '2011-6-9 10:29', '10 Km', 23, 313, 314, 'Pegaro máximo de estradas livres.');

INSERT INTO Servico(id, tipoServico, TipoCarga_id, quantidadeCarga, unidadeCarga, dataPedido, distancia, Empresa_id, origem, destino, descricao)
VALUES (58, 'EXPRESSO', 4, '609', 'unidades', '2011-11-26 17:24', '13 Km', 82, 315, 316, null);

INSERT INTO Servico(id, tipoServico, TipoCarga_id, quantidadeCarga, unidadeCarga, dataPedido, distancia, Empresa_id, origem, destino, descricao)
VALUES (59, 'ECONOMICO', 5, '491', 'kilogramas', '2011-2-4 22:44', '13 Km', 14, 317, 318, null);

INSERT INTO Servico(id, tipoServico, TipoCarga_id, quantidadeCarga, unidadeCarga, dataPedido, distancia, Empresa_id, origem, destino, descricao)
VALUES (60, 'ECONOMICO', 9, '442', 'gramas', '2011-6-29 9:19', '31 Km', 71, 319, 320, 'A entrega deve ser feitas em mãos e com assinatura do dono.');

INSERT INTO Servico(id, tipoServico, TipoCarga_id, quantidadeCarga, unidadeCarga, dataPedido, distancia, Empresa_id, origem, destino, descricao)
VALUES (61, 'ECONOMICO', 5, '441', 'cabeças', '2011-8-20 9:4', '63 Km', 70, 321, 322, null);

INSERT INTO Servico(id, tipoServico, TipoCarga_id, quantidadeCarga, unidadeCarga, dataPedido, distancia, Empresa_id, origem, destino, descricao)
VALUES (62, 'EXPRESSO', 3, '466', 'kilogramas', '2011-5-15 1:26', '53 Km', 66, 323, 324, null);

INSERT INTO Servico(id, tipoServico, TipoCarga_id, quantidadeCarga, unidadeCarga, dataPedido, distancia, Empresa_id, origem, destino, descricao)
VALUES (63, 'ECONOMICO', 5, '892', 'unidades', '2011-4-5 12:48', '1 Km', 81, 325, 326, 'Pegaro máximo de estradas livres.');

INSERT INTO Servico(id, tipoServico, TipoCarga_id, quantidadeCarga, unidadeCarga, dataPedido, distancia, Empresa_id, origem, destino, descricao)
VALUES (64, 'EXPRESSO', 5, '160', 'gramas', '2011-2-5 20:2', '67 Km', 28, 327, 328, null);

INSERT INTO Servico(id, tipoServico, TipoCarga_id, quantidadeCarga, unidadeCarga, dataPedido, distancia, Empresa_id, origem, destino, descricao)
VALUES (65, 'ECONOMICO', 7, '213', 'unidades', '2011-9-9 13:10', '34 Km', 24, 329, 330, null);

INSERT INTO Servico(id, tipoServico, TipoCarga_id, quantidadeCarga, unidadeCarga, dataPedido, distancia, Empresa_id, origem, destino, descricao)
VALUES (66, 'ECONOMICO', 6, '244', 'cabeças', '2011-4-22 0:49', '37 Km', 33, 331, 332, null);

INSERT INTO Servico(id, tipoServico, TipoCarga_id, quantidadeCarga, unidadeCarga, dataPedido, distancia, Empresa_id, origem, destino, descricao)
VALUES (67, 'EXPRESSO', 2, '151', 'kilogramas', '2011-5-1 17:56', '13 Km', 23, 333, 334, 'Passar apenas por caminhos asfaltados.');

INSERT INTO Servico(id, tipoServico, TipoCarga_id, quantidadeCarga, unidadeCarga, dataPedido, distancia, Empresa_id, origem, destino, descricao)
VALUES (68, 'EXPRESSO', 5, '436', 'gramas', '2011-3-6 4:39', '19 Km', 56, 335, 336, null);

INSERT INTO Servico(id, tipoServico, TipoCarga_id, quantidadeCarga, unidadeCarga, dataPedido, distancia, Empresa_id, origem, destino, descricao)
VALUES (69, 'EXPRESSO', 8, '459', 'cabeças', '2011-7-18 22:4', '50 Km', 29, 337, 338, null);

INSERT INTO Servico(id, tipoServico, TipoCarga_id, quantidadeCarga, unidadeCarga, dataPedido, distancia, Empresa_id, origem, destino, descricao)
VALUES (70, 'EXPRESSO', 4, '319', 'cabeças', '2011-9-25 21:43', '62 Km', 85, 339, 340, null);

INSERT INTO Servico(id, tipoServico, TipoCarga_id, quantidadeCarga, unidadeCarga, dataPedido, distancia, Empresa_id, origem, destino, descricao)
VALUES (71, 'NORMAL', 3, '704', 'cabeças', '2011-4-21 3:16', '67 Km', 60, 341, 342, 'A carga deve estar com gps, por toda a viagem.');

INSERT INTO Servico(id, tipoServico, TipoCarga_id, quantidadeCarga, unidadeCarga, dataPedido, distancia, Empresa_id, origem, destino, descricao)
VALUES (72, 'ECONOMICO', 4, '237', 'kilogramas', '2011-2-8 9:22', '36 Km', 47, 343, 344, null);

INSERT INTO Servico(id, tipoServico, TipoCarga_id, quantidadeCarga, unidadeCarga, dataPedido, distancia, Empresa_id, origem, destino, descricao)
VALUES (73, 'EXPRESSO', 3, '700', 'cabeças', '2011-9-24 20:56', '11 Km', 15, 345, 346, 'A carga será verificada por um especialista que estará no local de entrega. E somente pode ser entregue com a aprovação assinada do especialista.');

INSERT INTO Servico(id, tipoServico, TipoCarga_id, quantidadeCarga, unidadeCarga, dataPedido, distancia, Empresa_id, origem, destino, descricao)
VALUES (74, 'ECONOMICO', 7, '577', 'cabeças', '2011-2-21 3:27', '24 Km', 83, 347, 348, 'A entrega deve ser feita pela manhã.');

INSERT INTO Servico(id, tipoServico, TipoCarga_id, quantidadeCarga, unidadeCarga, dataPedido, distancia, Empresa_id, origem, destino, descricao)
VALUES (75, 'ECONOMICO', 8, '526', 'gramas', '2011-9-4 22:15', '7 Km', 72, 349, 350, null);

INSERT INTO Servico(id, tipoServico, TipoCarga_id, quantidadeCarga, unidadeCarga, dataPedido, distancia, Empresa_id, origem, destino, descricao)
VALUES (76, 'NORMAL', 7, '198', 'cabeças', '2011-4-20 16:15', '1 Km', 24, 351, 352, null);

INSERT INTO Servico(id, tipoServico, TipoCarga_id, quantidadeCarga, unidadeCarga, dataPedido, distancia, Empresa_id, origem, destino, descricao)
VALUES (77, 'EXPRESSO', 2, '694', 'unidades', '2011-12-17 18:48', '22 Km', 66, 353, 354, null);

INSERT INTO Servico(id, tipoServico, TipoCarga_id, quantidadeCarga, unidadeCarga, dataPedido, distancia, Empresa_id, origem, destino, descricao)
VALUES (78, 'ECONOMICO', 8, '885', 'cabeças', '2011-1-7 6:54', '19 Km', 95, 355, 356, 'Atrasos não serão tolerados para essa entrega.');

INSERT INTO Servico(id, tipoServico, TipoCarga_id, quantidadeCarga, unidadeCarga, dataPedido, distancia, Empresa_id, origem, destino, descricao)
VALUES (79, 'EXPRESSO', 6, '936', 'kilogramas', '2011-4-13 16:52', '38 Km', 88, 357, 358, 'Evitar caminhos esburacados, a carga é muito sensível.');

INSERT INTO Servico(id, tipoServico, TipoCarga_id, quantidadeCarga, unidadeCarga, dataPedido, distancia, Empresa_id, origem, destino, descricao)
VALUES (80, 'EXPRESSO', 4, '950', 'cabeças', '2011-9-20 2:26', '61 Km', 95, 359, 360, 'A entrega deve ser feita pela manhã.');

INSERT INTO Servico(id, tipoServico, TipoCarga_id, quantidadeCarga, unidadeCarga, dataPedido, distancia, Empresa_id, origem, destino, descricao)
VALUES (81, 'ECONOMICO', 10, '949', 'cabeças', '2011-8-21 18:8', '3 Km', 42, 361, 362, 'A entrega não pode demorar. Em caso de atraso, deve ser avisado que o serviço não será cobrado. Este é um cliente importante para a empresa, e não podemos desapontá-los');

INSERT INTO Servico(id, tipoServico, TipoCarga_id, quantidadeCarga, unidadeCarga, dataPedido, distancia, Empresa_id, origem, destino, descricao)
VALUES (82, 'ECONOMICO', 10, '841', 'unidades', '2011-7-9 20:23', '44 Km', 42, 363, 364, 'A entrega deve ser feita pela manhã.');

INSERT INTO Servico(id, tipoServico, TipoCarga_id, quantidadeCarga, unidadeCarga, dataPedido, distancia, Empresa_id, origem, destino, descricao)
VALUES (83, 'NORMAL', 2, '220', 'kilogramas', '2011-1-28 2:48', '37 Km', 15, 365, 366, null);

INSERT INTO Servico(id, tipoServico, TipoCarga_id, quantidadeCarga, unidadeCarga, dataPedido, distancia, Empresa_id, origem, destino, descricao)
VALUES (84, 'ECONOMICO', 3, '161', 'kilogramas', '2011-9-26 21:35', '15 Km', 59, 367, 368, null);

INSERT INTO Servico(id, tipoServico, TipoCarga_id, quantidadeCarga, unidadeCarga, dataPedido, distancia, Empresa_id, origem, destino, descricao)
VALUES (85, 'EXPRESSO', 9, '437', 'gramas', '2011-1-13 7:31', '48 Km', 56, 369, 370, null);

INSERT INTO Servico(id, tipoServico, TipoCarga_id, quantidadeCarga, unidadeCarga, dataPedido, distancia, Empresa_id, origem, destino, descricao)
VALUES (86, 'NORMAL', 4, '244', 'kilogramas', '2011-2-6 3:6', '61 Km', 45, 371, 372, 'Passar apenas por caminhos asfaltados.');

INSERT INTO Servico(id, tipoServico, TipoCarga_id, quantidadeCarga, unidadeCarga, dataPedido, distancia, Empresa_id, origem, destino, descricao)
VALUES (87, 'EXPRESSO', 10, '608', 'gramas', '2011-1-18 9:17', '44 Km', 19, 373, 374, null);

INSERT INTO Servico(id, tipoServico, TipoCarga_id, quantidadeCarga, unidadeCarga, dataPedido, distancia, Empresa_id, origem, destino, descricao)
VALUES (88, 'NORMAL', 3, '954', 'cabeças', '2011-11-9 2:17', '52 Km', 23, 375, 376, null);

INSERT INTO Servico(id, tipoServico, TipoCarga_id, quantidadeCarga, unidadeCarga, dataPedido, distancia, Empresa_id, origem, destino, descricao)
VALUES (89, 'NORMAL', 3, '615', 'gramas', '2011-10-5 23:23', '10 Km', 63, 377, 378, 'A carga será verificada por um especialista que estará no local de entrega. E somente pode ser entregue com a aprovação assinada do especialista.');

INSERT INTO Servico(id, tipoServico, TipoCarga_id, quantidadeCarga, unidadeCarga, dataPedido, distancia, Empresa_id, origem, destino, descricao)
VALUES (90, 'ECONOMICO', 6, '144', 'kilogramas', '2011-2-10 8:48', '47 Km', 7, 379, 380, 'Atrasos não serão tolerados para essa entrega.');

INSERT INTO Servico(id, tipoServico, TipoCarga_id, quantidadeCarga, unidadeCarga, dataPedido, distancia, Empresa_id, origem, destino, descricao)
VALUES (91, 'NORMAL', 8, '569', 'unidades', '2011-12-24 5:56', '3 Km', 14, 381, 382, 'A entrega deve ser feitas em mãos e com assinatura do dono.');

INSERT INTO Servico(id, tipoServico, TipoCarga_id, quantidadeCarga, unidadeCarga, dataPedido, distancia, Empresa_id, origem, destino, descricao)
VALUES (92, 'EXPRESSO', 6, '590', 'unidades', '2011-7-6 17:21', '32 Km', 83, 383, 384, null);

INSERT INTO Servico(id, tipoServico, TipoCarga_id, quantidadeCarga, unidadeCarga, dataPedido, distancia, Empresa_id, origem, destino, descricao)
VALUES (93, 'EXPRESSO', 7, '579', 'gramas', '2011-4-9 13:8', '37 Km', 64, 385, 386, null);

INSERT INTO Servico(id, tipoServico, TipoCarga_id, quantidadeCarga, unidadeCarga, dataPedido, distancia, Empresa_id, origem, destino, descricao)
VALUES (94, 'ECONOMICO', 6, '737', 'kilogramas', '2011-2-25 3:23', '63 Km', 70, 387, 388, 'A entrega não pode demorar. Em caso de atraso, deve ser avisado que o serviço não será cobrado. Este é um cliente importante para a empresa, e não podemos desapontá-los');

INSERT INTO Servico(id, tipoServico, TipoCarga_id, quantidadeCarga, unidadeCarga, dataPedido, distancia, Empresa_id, origem, destino, descricao)
VALUES (95, 'EXPRESSO', 3, '484', 'cabeças', '2011-10-17 9:33', '65 Km', 59, 389, 390, null);

INSERT INTO Servico(id, tipoServico, TipoCarga_id, quantidadeCarga, unidadeCarga, dataPedido, distancia, Empresa_id, origem, destino, descricao)
VALUES (96, 'EXPRESSO', 1, '340', 'gramas', '2011-6-24 13:34', '31 Km', 14, 391, 392, null);

INSERT INTO Servico(id, tipoServico, TipoCarga_id, quantidadeCarga, unidadeCarga, dataPedido, distancia, Empresa_id, origem, destino, descricao)
VALUES (97, 'EXPRESSO', 5, '545', 'kilogramas', '2011-5-5 18:59', '56 Km', 50, 393, 394, null);

INSERT INTO Servico(id, tipoServico, TipoCarga_id, quantidadeCarga, unidadeCarga, dataPedido, distancia, Empresa_id, origem, destino, descricao)
VALUES (98, 'EXPRESSO', 3, '334', 'kilogramas', '2011-11-16 17:9', '60 Km', 33, 395, 396, null);

INSERT INTO Servico(id, tipoServico, TipoCarga_id, quantidadeCarga, unidadeCarga, dataPedido, distancia, Empresa_id, origem, destino, descricao)
VALUES (99, 'NORMAL', 8, '903', 'gramas', '2011-4-24 15:0', '29 Km', 27, 397, 398, null);

INSERT INTO Servico(id, tipoServico, TipoCarga_id, quantidadeCarga, unidadeCarga, dataPedido, distancia, Empresa_id, origem, destino, descricao)
VALUES (100, 'EXPRESSO', 7, '275', 'cabeças', '2011-10-15 14:5', '59 Km', 99, 399, 400, 'A entrega deve ser feitas em mãos e com assinatura do dono.');

-- Popula a tabela Transporte.

INSERT INTO Transporte(id, dataIniciou, dataTerminou, custoTransporte, quantidadeCarga, Servico_id, Motorista_id)
VALUES (1, '2012-12-8 0:26', null, 978.84, 87, 95, 63);

INSERT INTO Transporte(id, dataIniciou, dataTerminou, custoTransporte, quantidadeCarga, Servico_id, Motorista_id)
VALUES (2, '2012-1-6 10:28', null, 772.14, 48, 93, 60);

INSERT INTO Transporte(id, dataIniciou, dataTerminou, custoTransporte, quantidadeCarga, Servico_id, Motorista_id)
VALUES (3, '2012-3-14 2:44', '2013-3-16 2:0', 420.87, 84, 51, 56);

INSERT INTO Transporte(id, dataIniciou, dataTerminou, custoTransporte, quantidadeCarga, Servico_id, Motorista_id)
VALUES (4, '2012-11-1 2:18', null, 795.79, 39, 6, 16);

INSERT INTO Transporte(id, dataIniciou, dataTerminou, custoTransporte, quantidadeCarga, Servico_id, Motorista_id)
VALUES (5, '2012-4-3 17:46', null, 838.36, 49, 10, 87);

INSERT INTO Transporte(id, dataIniciou, dataTerminou, custoTransporte, quantidadeCarga, Servico_id, Motorista_id)
VALUES (6, '2012-12-5 1:43', '2013-3-10 13:56', 958.64, 65, 33, 27);

INSERT INTO Transporte(id, dataIniciou, dataTerminou, custoTransporte, quantidadeCarga, Servico_id, Motorista_id)
VALUES (7, '2012-3-22 18:10', null, 810.79, 19, 100, 98);

INSERT INTO Transporte(id, dataIniciou, dataTerminou, custoTransporte, quantidadeCarga, Servico_id, Motorista_id)
VALUES (8, '2012-4-12 21:49', null, 577.84, 13, 23, 18);

INSERT INTO Transporte(id, dataIniciou, dataTerminou, custoTransporte, quantidadeCarga, Servico_id, Motorista_id)
VALUES (9, '2012-3-13 21:26', null, 863.81, 61, 59, 85);

INSERT INTO Transporte(id, dataIniciou, dataTerminou, custoTransporte, quantidadeCarga, Servico_id, Motorista_id)
VALUES (10, '2012-9-11 15:8', null, 209.04, 14, 79, 98);

INSERT INTO Transporte(id, dataIniciou, dataTerminou, custoTransporte, quantidadeCarga, Servico_id, Motorista_id)
VALUES (11, '2012-4-9 22:20', null, 718.22, 31, 26, 86);

INSERT INTO Transporte(id, dataIniciou, dataTerminou, custoTransporte, quantidadeCarga, Servico_id, Motorista_id)
VALUES (12, '2012-9-6 5:1', null, 299.10, 69, 80, 41);

INSERT INTO Transporte(id, dataIniciou, dataTerminou, custoTransporte, quantidadeCarga, Servico_id, Motorista_id)
VALUES (13, '2012-11-23 17:43', '2013-4-12 13:20', 796.67, 98, 73, 44);

INSERT INTO Transporte(id, dataIniciou, dataTerminou, custoTransporte, quantidadeCarga, Servico_id, Motorista_id)
VALUES (14, '2012-5-25 23:38', '2013-6-20 3:21', 744.65, 29, 3, 42);

INSERT INTO Transporte(id, dataIniciou, dataTerminou, custoTransporte, quantidadeCarga, Servico_id, Motorista_id)
VALUES (15, '2012-8-29 19:43', null, 184.92, 37, 78, 98);

INSERT INTO Transporte(id, dataIniciou, dataTerminou, custoTransporte, quantidadeCarga, Servico_id, Motorista_id)
VALUES (16, '2012-9-3 10:25', '2013-11-5 12:20', 989.74, 50, 91, 6);

INSERT INTO Transporte(id, dataIniciou, dataTerminou, custoTransporte, quantidadeCarga, Servico_id, Motorista_id)
VALUES (17, '2012-12-29 7:35', null, 335.80, 54, 5, 97);

INSERT INTO Transporte(id, dataIniciou, dataTerminou, custoTransporte, quantidadeCarga, Servico_id, Motorista_id)
VALUES (18, '2012-10-17 3:56', null, 168.81, 22, 4, 77);

INSERT INTO Transporte(id, dataIniciou, dataTerminou, custoTransporte, quantidadeCarga, Servico_id, Motorista_id)
VALUES (19, '2012-8-3 18:21', null, 583.40, 12, 77, 9);

INSERT INTO Transporte(id, dataIniciou, dataTerminou, custoTransporte, quantidadeCarga, Servico_id, Motorista_id)
VALUES (20, '2012-9-2 6:32', null, 191.34, 44, 27, 19);

INSERT INTO Transporte(id, dataIniciou, dataTerminou, custoTransporte, quantidadeCarga, Servico_id, Motorista_id)
VALUES (21, '2012-2-23 8:59', null, 404.30, 73, 95, 49);

INSERT INTO Transporte(id, dataIniciou, dataTerminou, custoTransporte, quantidadeCarga, Servico_id, Motorista_id)
VALUES (22, '2012-10-21 18:25', null, 533.82, 15, 98, 38);

INSERT INTO Transporte(id, dataIniciou, dataTerminou, custoTransporte, quantidadeCarga, Servico_id, Motorista_id)
VALUES (23, '2012-11-23 12:21', null, 843.01, 16, 94, 8);

INSERT INTO Transporte(id, dataIniciou, dataTerminou, custoTransporte, quantidadeCarga, Servico_id, Motorista_id)
VALUES (24, '2012-12-3 21:0', null, 853.13, 89, 11, 44);

INSERT INTO Transporte(id, dataIniciou, dataTerminou, custoTransporte, quantidadeCarga, Servico_id, Motorista_id)
VALUES (25, '2012-2-9 2:43', '2013-4-17 14:37', 603.64, 77, 72, 99);

INSERT INTO Transporte(id, dataIniciou, dataTerminou, custoTransporte, quantidadeCarga, Servico_id, Motorista_id)
VALUES (26, '2012-6-29 16:12', null, 366.45, 98, 34, 57);

INSERT INTO Transporte(id, dataIniciou, dataTerminou, custoTransporte, quantidadeCarga, Servico_id, Motorista_id)
VALUES (27, '2012-2-28 18:44', '2013-6-24 16:1', 908.82, 84, 35, 24);

INSERT INTO Transporte(id, dataIniciou, dataTerminou, custoTransporte, quantidadeCarga, Servico_id, Motorista_id)
VALUES (28, '2012-11-7 15:44', null, 641.55, 53, 60, 72);

INSERT INTO Transporte(id, dataIniciou, dataTerminou, custoTransporte, quantidadeCarga, Servico_id, Motorista_id)
VALUES (29, '2012-7-26 15:4', null, 896.27, 99, 16, 81);

INSERT INTO Transporte(id, dataIniciou, dataTerminou, custoTransporte, quantidadeCarga, Servico_id, Motorista_id)
VALUES (30, '2012-10-9 8:15', '2013-6-2 9:42', 644.39, 14, 53, 46);

INSERT INTO Transporte(id, dataIniciou, dataTerminou, custoTransporte, quantidadeCarga, Servico_id, Motorista_id)
VALUES (31, '2012-12-22 18:18', null, 574.53, 59, 93, 15);

INSERT INTO Transporte(id, dataIniciou, dataTerminou, custoTransporte, quantidadeCarga, Servico_id, Motorista_id)
VALUES (32, '2012-12-12 12:7', null, 813.44, 17, 1, 30);

INSERT INTO Transporte(id, dataIniciou, dataTerminou, custoTransporte, quantidadeCarga, Servico_id, Motorista_id)
VALUES (33, '2012-2-16 20:15', null, 235.83, 22, 72, 59);

INSERT INTO Transporte(id, dataIniciou, dataTerminou, custoTransporte, quantidadeCarga, Servico_id, Motorista_id)
VALUES (34, '2012-9-6 22:37', '2013-10-29 5:50', 982.71, 41, 26, 31);

INSERT INTO Transporte(id, dataIniciou, dataTerminou, custoTransporte, quantidadeCarga, Servico_id, Motorista_id)
VALUES (35, '2012-9-22 5:48', null, 635.92, 19, 5, 4);

INSERT INTO Transporte(id, dataIniciou, dataTerminou, custoTransporte, quantidadeCarga, Servico_id, Motorista_id)
VALUES (36, '2012-5-3 18:21', null, 321.59, 93, 50, 50);

INSERT INTO Transporte(id, dataIniciou, dataTerminou, custoTransporte, quantidadeCarga, Servico_id, Motorista_id)
VALUES (37, '2012-7-27 12:4', null, 716.64, 53, 88, 8);

INSERT INTO Transporte(id, dataIniciou, dataTerminou, custoTransporte, quantidadeCarga, Servico_id, Motorista_id)
VALUES (38, '2012-2-14 21:53', '2013-12-2 14:29', 868.84, 18, 57, 10);

INSERT INTO Transporte(id, dataIniciou, dataTerminou, custoTransporte, quantidadeCarga, Servico_id, Motorista_id)
VALUES (39, '2012-3-16 17:52', '2013-5-18 21:52', 575.27, 74, 51, 6);

INSERT INTO Transporte(id, dataIniciou, dataTerminou, custoTransporte, quantidadeCarga, Servico_id, Motorista_id)
VALUES (40, '2012-1-28 21:4', '2013-8-16 14:23', 303.09, 11, 33, 53);

INSERT INTO Transporte(id, dataIniciou, dataTerminou, custoTransporte, quantidadeCarga, Servico_id, Motorista_id)
VALUES (41, '2012-3-5 8:34', null, 950.17, 80, 24, 84);

INSERT INTO Transporte(id, dataIniciou, dataTerminou, custoTransporte, quantidadeCarga, Servico_id, Motorista_id)
VALUES (42, '2012-7-25 7:23', null, 474.04, 79, 99, 69);

INSERT INTO Transporte(id, dataIniciou, dataTerminou, custoTransporte, quantidadeCarga, Servico_id, Motorista_id)
VALUES (43, '2012-1-6 16:1', null, 186.84, 63, 56, 13);

INSERT INTO Transporte(id, dataIniciou, dataTerminou, custoTransporte, quantidadeCarga, Servico_id, Motorista_id)
VALUES (44, '2012-1-23 20:4', null, 882.33, 34, 74, 8);

INSERT INTO Transporte(id, dataIniciou, dataTerminou, custoTransporte, quantidadeCarga, Servico_id, Motorista_id)
VALUES (45, '2012-11-11 8:14', null, 274.66, 69, 40, 59);

INSERT INTO Transporte(id, dataIniciou, dataTerminou, custoTransporte, quantidadeCarga, Servico_id, Motorista_id)
VALUES (46, '2012-11-7 8:38', null, 295.52, 37, 6, 64);

INSERT INTO Transporte(id, dataIniciou, dataTerminou, custoTransporte, quantidadeCarga, Servico_id, Motorista_id)
VALUES (47, '2012-8-17 4:27', '2013-3-24 9:43', 166.64, 16, 46, 81);

INSERT INTO Transporte(id, dataIniciou, dataTerminou, custoTransporte, quantidadeCarga, Servico_id, Motorista_id)
VALUES (48, '2012-8-2 16:44', null, 633.54, 85, 61, 33);

INSERT INTO Transporte(id, dataIniciou, dataTerminou, custoTransporte, quantidadeCarga, Servico_id, Motorista_id)
VALUES (49, '2012-11-20 4:55', null, 129.12, 43, 75, 21);

INSERT INTO Transporte(id, dataIniciou, dataTerminou, custoTransporte, quantidadeCarga, Servico_id, Motorista_id)
VALUES (50, '2012-3-25 12:11', null, 836.12, 54, 43, 96);

INSERT INTO Transporte(id, dataIniciou, dataTerminou, custoTransporte, quantidadeCarga, Servico_id, Motorista_id)
VALUES (51, '2012-3-26 6:45', null, 784.98, 42, 59, 1);

INSERT INTO Transporte(id, dataIniciou, dataTerminou, custoTransporte, quantidadeCarga, Servico_id, Motorista_id)
VALUES (52, '2012-11-19 4:14', '2013-10-20 16:42', 948.54, 72, 65, 1);

INSERT INTO Transporte(id, dataIniciou, dataTerminou, custoTransporte, quantidadeCarga, Servico_id, Motorista_id)
VALUES (53, '2012-9-21 15:56', null, 499.80, 79, 45, 61);

INSERT INTO Transporte(id, dataIniciou, dataTerminou, custoTransporte, quantidadeCarga, Servico_id, Motorista_id)
VALUES (54, '2012-4-14 2:49', null, 434.68, 74, 91, 61);

INSERT INTO Transporte(id, dataIniciou, dataTerminou, custoTransporte, quantidadeCarga, Servico_id, Motorista_id)
VALUES (55, '2012-10-13 2:36', '2013-9-11 13:11', 358.23, 59, 63, 48);

INSERT INTO Transporte(id, dataIniciou, dataTerminou, custoTransporte, quantidadeCarga, Servico_id, Motorista_id)
VALUES (56, '2012-6-26 16:47', null, 492.37, 57, 42, 76);

INSERT INTO Transporte(id, dataIniciou, dataTerminou, custoTransporte, quantidadeCarga, Servico_id, Motorista_id)
VALUES (57, '2012-11-14 0:7', null, 117.92, 79, 59, 89);

INSERT INTO Transporte(id, dataIniciou, dataTerminou, custoTransporte, quantidadeCarga, Servico_id, Motorista_id)
VALUES (58, '2012-8-27 2:14', '2013-4-14 9:30', 284.03, 98, 31, 20);

INSERT INTO Transporte(id, dataIniciou, dataTerminou, custoTransporte, quantidadeCarga, Servico_id, Motorista_id)
VALUES (59, '2012-5-23 15:11', null, 129.15, 44, 9, 38);

INSERT INTO Transporte(id, dataIniciou, dataTerminou, custoTransporte, quantidadeCarga, Servico_id, Motorista_id)
VALUES (60, '2012-10-19 9:58', '2013-10-23 8:24', 361.12, 76, 5, 73);

INSERT INTO Transporte(id, dataIniciou, dataTerminou, custoTransporte, quantidadeCarga, Servico_id, Motorista_id)
VALUES (61, '2012-12-14 17:27', null, 738.69, 31, 2, 11);

INSERT INTO Transporte(id, dataIniciou, dataTerminou, custoTransporte, quantidadeCarga, Servico_id, Motorista_id)
VALUES (62, '2012-4-22 0:52', null, 132.37, 22, 91, 97);

INSERT INTO Transporte(id, dataIniciou, dataTerminou, custoTransporte, quantidadeCarga, Servico_id, Motorista_id)
VALUES (63, '2012-5-21 10:28', '2013-7-29 23:40', 320.28, 16, 83, 45);

INSERT INTO Transporte(id, dataIniciou, dataTerminou, custoTransporte, quantidadeCarga, Servico_id, Motorista_id)
VALUES (64, '2012-4-14 15:24', '2013-3-18 22:34', 424.32, 99, 25, 95);

INSERT INTO Transporte(id, dataIniciou, dataTerminou, custoTransporte, quantidadeCarga, Servico_id, Motorista_id)
VALUES (65, '2012-11-15 14:5', null, 516.26, 20, 1, 100);

INSERT INTO Transporte(id, dataIniciou, dataTerminou, custoTransporte, quantidadeCarga, Servico_id, Motorista_id)
VALUES (66, '2012-4-19 13:39', null, 629.43, 33, 17, 73);

INSERT INTO Transporte(id, dataIniciou, dataTerminou, custoTransporte, quantidadeCarga, Servico_id, Motorista_id)
VALUES (67, '2012-10-23 19:35', null, 399.60, 68, 1, 18);

INSERT INTO Transporte(id, dataIniciou, dataTerminou, custoTransporte, quantidadeCarga, Servico_id, Motorista_id)
VALUES (68, '2012-1-27 1:44', null, 884.01, 81, 87, 11);

INSERT INTO Transporte(id, dataIniciou, dataTerminou, custoTransporte, quantidadeCarga, Servico_id, Motorista_id)
VALUES (69, '2012-1-27 21:32', '2013-2-23 4:49', 557.12, 42, 48, 33);

INSERT INTO Transporte(id, dataIniciou, dataTerminou, custoTransporte, quantidadeCarga, Servico_id, Motorista_id)
VALUES (70, '2012-12-24 12:58', '2013-10-10 1:12', 723.90, 28, 17, 86);

INSERT INTO Transporte(id, dataIniciou, dataTerminou, custoTransporte, quantidadeCarga, Servico_id, Motorista_id)
VALUES (71, '2012-1-28 20:51', null, 152.66, 64, 64, 64);

INSERT INTO Transporte(id, dataIniciou, dataTerminou, custoTransporte, quantidadeCarga, Servico_id, Motorista_id)
VALUES (72, '2012-4-1 4:49', null, 473.83, 14, 87, 96);

INSERT INTO Transporte(id, dataIniciou, dataTerminou, custoTransporte, quantidadeCarga, Servico_id, Motorista_id)
VALUES (73, '2012-12-1 8:5', '2013-10-3 1:37', 420.44, 71, 81, 23);

INSERT INTO Transporte(id, dataIniciou, dataTerminou, custoTransporte, quantidadeCarga, Servico_id, Motorista_id)
VALUES (74, '2012-12-17 12:39', '2013-2-25 21:16', 713.65, 92, 18, 94);

INSERT INTO Transporte(id, dataIniciou, dataTerminou, custoTransporte, quantidadeCarga, Servico_id, Motorista_id)
VALUES (75, '2012-6-27 14:48', null, 979.90, 65, 27, 100);

INSERT INTO Transporte(id, dataIniciou, dataTerminou, custoTransporte, quantidadeCarga, Servico_id, Motorista_id)
VALUES (76, '2012-8-11 11:58', '2013-9-14 14:51', 672.17, 31, 42, 81);

INSERT INTO Transporte(id, dataIniciou, dataTerminou, custoTransporte, quantidadeCarga, Servico_id, Motorista_id)
VALUES (77, '2012-6-1 10:26', '2013-10-2 18:53', 190.19, 12, 83, 54);

INSERT INTO Transporte(id, dataIniciou, dataTerminou, custoTransporte, quantidadeCarga, Servico_id, Motorista_id)
VALUES (78, '2012-8-28 12:29', '2013-2-4 19:49', 822.21, 67, 99, 18);

INSERT INTO Transporte(id, dataIniciou, dataTerminou, custoTransporte, quantidadeCarga, Servico_id, Motorista_id)
VALUES (79, '2012-3-24 0:4', '2013-8-27 2:1', 755.11, 59, 71, 5);

INSERT INTO Transporte(id, dataIniciou, dataTerminou, custoTransporte, quantidadeCarga, Servico_id, Motorista_id)
VALUES (80, '2012-1-14 11:52', '2013-7-10 12:16', 677.92, 47, 98, 93);

INSERT INTO Transporte(id, dataIniciou, dataTerminou, custoTransporte, quantidadeCarga, Servico_id, Motorista_id)
VALUES (81, '2012-4-4 22:33', null, 984.97, 73, 66, 10);

INSERT INTO Transporte(id, dataIniciou, dataTerminou, custoTransporte, quantidadeCarga, Servico_id, Motorista_id)
VALUES (82, '2012-11-19 6:20', '2013-3-14 19:57', 766.05, 98, 7, 11);

INSERT INTO Transporte(id, dataIniciou, dataTerminou, custoTransporte, quantidadeCarga, Servico_id, Motorista_id)
VALUES (83, '2012-6-8 10:53', null, 633.29, 42, 80, 70);

INSERT INTO Transporte(id, dataIniciou, dataTerminou, custoTransporte, quantidadeCarga, Servico_id, Motorista_id)
VALUES (84, '2012-1-13 5:13', '2013-3-1 23:35', 151.23, 32, 53, 93);

INSERT INTO Transporte(id, dataIniciou, dataTerminou, custoTransporte, quantidadeCarga, Servico_id, Motorista_id)
VALUES (85, '2012-6-8 2:9', '2013-11-9 14:52', 547.42, 19, 92, 79);

INSERT INTO Transporte(id, dataIniciou, dataTerminou, custoTransporte, quantidadeCarga, Servico_id, Motorista_id)
VALUES (86, '2012-2-15 2:57', '2013-4-3 20:52', 628.90, 96, 31, 8);

INSERT INTO Transporte(id, dataIniciou, dataTerminou, custoTransporte, quantidadeCarga, Servico_id, Motorista_id)
VALUES (87, '2012-4-9 21:43', null, 555.20, 49, 82, 45);

INSERT INTO Transporte(id, dataIniciou, dataTerminou, custoTransporte, quantidadeCarga, Servico_id, Motorista_id)
VALUES (88, '2012-12-11 17:58', null, 744.61, 99, 35, 24);

INSERT INTO Transporte(id, dataIniciou, dataTerminou, custoTransporte, quantidadeCarga, Servico_id, Motorista_id)
VALUES (89, '2012-12-10 17:41', null, 857.73, 88, 32, 28);

INSERT INTO Transporte(id, dataIniciou, dataTerminou, custoTransporte, quantidadeCarga, Servico_id, Motorista_id)
VALUES (90, '2012-8-17 17:25', '2013-2-7 11:59', 281.28, 65, 55, 21);

INSERT INTO Transporte(id, dataIniciou, dataTerminou, custoTransporte, quantidadeCarga, Servico_id, Motorista_id)
VALUES (91, '2012-7-2 15:58', '2013-7-14 21:55', 955.81, 66, 87, 74);

INSERT INTO Transporte(id, dataIniciou, dataTerminou, custoTransporte, quantidadeCarga, Servico_id, Motorista_id)
VALUES (92, '2012-6-8 8:25', null, 841.01, 29, 66, 49);

INSERT INTO Transporte(id, dataIniciou, dataTerminou, custoTransporte, quantidadeCarga, Servico_id, Motorista_id)
VALUES (93, '2012-7-3 16:9', '2013-3-25 7:12', 383.45, 98, 96, 44);

INSERT INTO Transporte(id, dataIniciou, dataTerminou, custoTransporte, quantidadeCarga, Servico_id, Motorista_id)
VALUES (94, '2012-1-15 17:55', '2013-6-28 20:4', 503.90, 46, 19, 37);

INSERT INTO Transporte(id, dataIniciou, dataTerminou, custoTransporte, quantidadeCarga, Servico_id, Motorista_id)
VALUES (95, '2012-4-7 22:20', '2013-9-1 7:12', 475.40, 10, 1, 9);

INSERT INTO Transporte(id, dataIniciou, dataTerminou, custoTransporte, quantidadeCarga, Servico_id, Motorista_id)
VALUES (96, '2012-3-26 6:35', '2013-1-19 18:51', 778.06, 68, 10, 67);

INSERT INTO Transporte(id, dataIniciou, dataTerminou, custoTransporte, quantidadeCarga, Servico_id, Motorista_id)
VALUES (97, '2012-8-4 1:9', null, 468.42, 18, 31, 52);

INSERT INTO Transporte(id, dataIniciou, dataTerminou, custoTransporte, quantidadeCarga, Servico_id, Motorista_id)
VALUES (98, '2012-11-27 21:21', null, 973.24, 23, 3, 63);

INSERT INTO Transporte(id, dataIniciou, dataTerminou, custoTransporte, quantidadeCarga, Servico_id, Motorista_id)
VALUES (99, '2012-9-9 7:7', null, 487.87, 28, 89, 76);

INSERT INTO Transporte(id, dataIniciou, dataTerminou, custoTransporte, quantidadeCarga, Servico_id, Motorista_id)
VALUES (100, '2012-10-1 19:50', '2013-5-27 1:2', 173.29, 34, 78, 50);

INSERT INTO Transporte(id, dataIniciou, dataTerminou, custoTransporte, quantidadeCarga, Servico_id, Motorista_id)
VALUES (101, '2012-4-9 23:38', null, 917.77, 36, 1, 23);

INSERT INTO Transporte(id, dataIniciou, dataTerminou, custoTransporte, quantidadeCarga, Servico_id, Motorista_id)
VALUES (102, '2012-8-23 5:58', null, 802.90, 15, 49, 35);

INSERT INTO Transporte(id, dataIniciou, dataTerminou, custoTransporte, quantidadeCarga, Servico_id, Motorista_id)
VALUES (103, '2012-10-24 17:36', null, 477.40, 74, 8, 68);

INSERT INTO Transporte(id, dataIniciou, dataTerminou, custoTransporte, quantidadeCarga, Servico_id, Motorista_id)
VALUES (104, '2012-4-14 10:38', '2013-10-4 9:32', 195.36, 40, 80, 38);

INSERT INTO Transporte(id, dataIniciou, dataTerminou, custoTransporte, quantidadeCarga, Servico_id, Motorista_id)
VALUES (105, '2012-12-9 3:59', null, 556.82, 94, 97, 72);

INSERT INTO Transporte(id, dataIniciou, dataTerminou, custoTransporte, quantidadeCarga, Servico_id, Motorista_id)
VALUES (106, '2012-5-9 8:45', '2013-2-15 11:45', 513.95, 48, 8, 90);

INSERT INTO Transporte(id, dataIniciou, dataTerminou, custoTransporte, quantidadeCarga, Servico_id, Motorista_id)
VALUES (107, '2012-12-26 5:13', '2013-8-7 19:41', 213.28, 17, 83, 56);

INSERT INTO Transporte(id, dataIniciou, dataTerminou, custoTransporte, quantidadeCarga, Servico_id, Motorista_id)
VALUES (108, '2012-8-3 21:1', null, 171.91, 59, 61, 67);

INSERT INTO Transporte(id, dataIniciou, dataTerminou, custoTransporte, quantidadeCarga, Servico_id, Motorista_id)
VALUES (109, '2012-7-9 9:22', '2013-6-28 22:33', 921.70, 35, 54, 31);

INSERT INTO Transporte(id, dataIniciou, dataTerminou, custoTransporte, quantidadeCarga, Servico_id, Motorista_id)
VALUES (110, '2012-8-12 0:2', '2013-4-1 6:44', 698.07, 67, 36, 62);

INSERT INTO Transporte(id, dataIniciou, dataTerminou, custoTransporte, quantidadeCarga, Servico_id, Motorista_id)
VALUES (111, '2012-10-21 20:50', '2013-8-4 0:32', 666.56, 17, 56, 78);

INSERT INTO Transporte(id, dataIniciou, dataTerminou, custoTransporte, quantidadeCarga, Servico_id, Motorista_id)
VALUES (112, '2012-9-8 23:31', null, 839.38, 41, 83, 94);

INSERT INTO Transporte(id, dataIniciou, dataTerminou, custoTransporte, quantidadeCarga, Servico_id, Motorista_id)
VALUES (113, '2012-4-2 15:55', '2013-5-28 14:6', 130.89, 60, 9, 38);

INSERT INTO Transporte(id, dataIniciou, dataTerminou, custoTransporte, quantidadeCarga, Servico_id, Motorista_id)
VALUES (114, '2012-8-17 23:35', '2013-6-6 17:46', 767.32, 23, 86, 13);

INSERT INTO Transporte(id, dataIniciou, dataTerminou, custoTransporte, quantidadeCarga, Servico_id, Motorista_id)
VALUES (115, '2012-7-2 9:41', '2013-11-29 20:48', 500.69, 55, 88, 86);

INSERT INTO Transporte(id, dataIniciou, dataTerminou, custoTransporte, quantidadeCarga, Servico_id, Motorista_id)
VALUES (116, '2012-5-26 0:23', '2013-7-25 5:4', 797.93, 54, 38, 8);

INSERT INTO Transporte(id, dataIniciou, dataTerminou, custoTransporte, quantidadeCarga, Servico_id, Motorista_id)
VALUES (117, '2012-9-25 13:31', '2013-12-6 7:2', 255.72, 69, 1, 30);

INSERT INTO Transporte(id, dataIniciou, dataTerminou, custoTransporte, quantidadeCarga, Servico_id, Motorista_id)
VALUES (118, '2012-10-5 8:33', null, 946.36, 74, 91, 70);

INSERT INTO Transporte(id, dataIniciou, dataTerminou, custoTransporte, quantidadeCarga, Servico_id, Motorista_id)
VALUES (119, '2012-1-19 4:25', null, 908.38, 82, 44, 69);

INSERT INTO Transporte(id, dataIniciou, dataTerminou, custoTransporte, quantidadeCarga, Servico_id, Motorista_id)
VALUES (120, '2012-4-16 0:14', '2013-12-12 9:12', 293.75, 91, 55, 34);

INSERT INTO Transporte(id, dataIniciou, dataTerminou, custoTransporte, quantidadeCarga, Servico_id, Motorista_id)
VALUES (121, '2012-11-18 3:9', null, 384.63, 82, 84, 70);

INSERT INTO Transporte(id, dataIniciou, dataTerminou, custoTransporte, quantidadeCarga, Servico_id, Motorista_id)
VALUES (122, '2012-8-7 1:12', '2013-10-1 16:8', 706.31, 32, 35, 1);

INSERT INTO Transporte(id, dataIniciou, dataTerminou, custoTransporte, quantidadeCarga, Servico_id, Motorista_id)
VALUES (123, '2012-5-12 9:54', null, 366.03, 80, 94, 99);

INSERT INTO Transporte(id, dataIniciou, dataTerminou, custoTransporte, quantidadeCarga, Servico_id, Motorista_id)
VALUES (124, '2012-5-23 15:25', null, 845.35, 45, 7, 41);

INSERT INTO Transporte(id, dataIniciou, dataTerminou, custoTransporte, quantidadeCarga, Servico_id, Motorista_id)
VALUES (125, '2012-8-19 3:42', '2013-4-14 12:56', 348.81, 77, 40, 92);

INSERT INTO Transporte(id, dataIniciou, dataTerminou, custoTransporte, quantidadeCarga, Servico_id, Motorista_id)
VALUES (126, '2012-11-20 10:53', null, 111.82, 26, 55, 46);

INSERT INTO Transporte(id, dataIniciou, dataTerminou, custoTransporte, quantidadeCarga, Servico_id, Motorista_id)
VALUES (127, '2012-7-25 13:51', null, 831.29, 26, 42, 76);

INSERT INTO Transporte(id, dataIniciou, dataTerminou, custoTransporte, quantidadeCarga, Servico_id, Motorista_id)
VALUES (128, '2012-5-22 3:27', '2013-1-4 16:2', 608.60, 81, 64, 41);

INSERT INTO Transporte(id, dataIniciou, dataTerminou, custoTransporte, quantidadeCarga, Servico_id, Motorista_id)
VALUES (129, '2012-8-28 22:17', null, 619.39, 77, 77, 82);

INSERT INTO Transporte(id, dataIniciou, dataTerminou, custoTransporte, quantidadeCarga, Servico_id, Motorista_id)
VALUES (130, '2012-8-12 19:36', null, 170.61, 48, 51, 9);

INSERT INTO Transporte(id, dataIniciou, dataTerminou, custoTransporte, quantidadeCarga, Servico_id, Motorista_id)
VALUES (131, '2012-2-11 14:27', null, 136.85, 81, 42, 63);

INSERT INTO Transporte(id, dataIniciou, dataTerminou, custoTransporte, quantidadeCarga, Servico_id, Motorista_id)
VALUES (132, '2012-4-26 8:46', '2013-8-4 21:44', 939.72, 20, 68, 100);

INSERT INTO Transporte(id, dataIniciou, dataTerminou, custoTransporte, quantidadeCarga, Servico_id, Motorista_id)
VALUES (133, '2012-6-11 0:48', '2013-10-9 13:53', 604.35, 19, 97, 85);

INSERT INTO Transporte(id, dataIniciou, dataTerminou, custoTransporte, quantidadeCarga, Servico_id, Motorista_id)
VALUES (134, '2012-11-25 7:20', null, 649.36, 78, 73, 61);

INSERT INTO Transporte(id, dataIniciou, dataTerminou, custoTransporte, quantidadeCarga, Servico_id, Motorista_id)
VALUES (135, '2012-11-2 3:6', '2013-12-8 21:42', 129.39, 61, 99, 54);

INSERT INTO Transporte(id, dataIniciou, dataTerminou, custoTransporte, quantidadeCarga, Servico_id, Motorista_id)
VALUES (136, '2012-7-7 21:2', '2013-5-4 20:52', 402.11, 69, 90, 5);

INSERT INTO Transporte(id, dataIniciou, dataTerminou, custoTransporte, quantidadeCarga, Servico_id, Motorista_id)
VALUES (137, '2012-11-11 22:0', null, 374.98, 29, 69, 35);

INSERT INTO Transporte(id, dataIniciou, dataTerminou, custoTransporte, quantidadeCarga, Servico_id, Motorista_id)
VALUES (138, '2012-11-14 21:24', '2013-11-1 4:26', 240.93, 81, 62, 97);

INSERT INTO Transporte(id, dataIniciou, dataTerminou, custoTransporte, quantidadeCarga, Servico_id, Motorista_id)
VALUES (139, '2012-11-5 7:47', '2013-11-16 5:47', 724.98, 54, 62, 45);

INSERT INTO Transporte(id, dataIniciou, dataTerminou, custoTransporte, quantidadeCarga, Servico_id, Motorista_id)
VALUES (140, '2012-9-25 23:13', '2013-4-25 13:2', 189.50, 21, 100, 9);

INSERT INTO Transporte(id, dataIniciou, dataTerminou, custoTransporte, quantidadeCarga, Servico_id, Motorista_id)
VALUES (141, '2012-11-21 15:35', '2013-8-15 4:29', 832.15, 56, 52, 60);

INSERT INTO Transporte(id, dataIniciou, dataTerminou, custoTransporte, quantidadeCarga, Servico_id, Motorista_id)
VALUES (142, '2012-11-3 3:26', '2013-9-8 10:6', 127.97, 58, 7, 63);

INSERT INTO Transporte(id, dataIniciou, dataTerminou, custoTransporte, quantidadeCarga, Servico_id, Motorista_id)
VALUES (143, '2012-10-11 22:40', '2013-8-22 2:28', 679.45, 67, 12, 88);

INSERT INTO Transporte(id, dataIniciou, dataTerminou, custoTransporte, quantidadeCarga, Servico_id, Motorista_id)
VALUES (144, '2012-12-29 22:35', null, 408.15, 10, 74, 25);

INSERT INTO Transporte(id, dataIniciou, dataTerminou, custoTransporte, quantidadeCarga, Servico_id, Motorista_id)
VALUES (145, '2012-8-28 6:20', null, 149.82, 86, 50, 1);

INSERT INTO Transporte(id, dataIniciou, dataTerminou, custoTransporte, quantidadeCarga, Servico_id, Motorista_id)
VALUES (146, '2012-7-13 12:57', null, 492.98, 17, 20, 25);

INSERT INTO Transporte(id, dataIniciou, dataTerminou, custoTransporte, quantidadeCarga, Servico_id, Motorista_id)
VALUES (147, '2012-8-6 14:22', null, 800.95, 93, 99, 39);

INSERT INTO Transporte(id, dataIniciou, dataTerminou, custoTransporte, quantidadeCarga, Servico_id, Motorista_id)
VALUES (148, '2012-12-19 2:2', '2013-10-3 8:30', 274.77, 80, 97, 68);

INSERT INTO Transporte(id, dataIniciou, dataTerminou, custoTransporte, quantidadeCarga, Servico_id, Motorista_id)
VALUES (149, '2012-7-23 4:23', null, 547.79, 12, 38, 95);

INSERT INTO Transporte(id, dataIniciou, dataTerminou, custoTransporte, quantidadeCarga, Servico_id, Motorista_id)
VALUES (150, '2012-3-26 12:45', '2013-4-16 23:13', 538.53, 50, 22, 8);

INSERT INTO Transporte(id, dataIniciou, dataTerminou, custoTransporte, quantidadeCarga, Servico_id, Motorista_id)
VALUES (151, '2012-10-24 13:19', null, 106.80, 83, 62, 72);

INSERT INTO Transporte(id, dataIniciou, dataTerminou, custoTransporte, quantidadeCarga, Servico_id, Motorista_id)
VALUES (152, '2012-2-13 10:38', '2013-11-18 3:41', 504.20, 15, 19, 69);

INSERT INTO Transporte(id, dataIniciou, dataTerminou, custoTransporte, quantidadeCarga, Servico_id, Motorista_id)
VALUES (153, '2012-4-14 9:50', null, 119.18, 99, 84, 31);

INSERT INTO Transporte(id, dataIniciou, dataTerminou, custoTransporte, quantidadeCarga, Servico_id, Motorista_id)
VALUES (154, '2012-1-7 22:9', '2013-9-8 15:34', 480.38, 55, 99, 7);

INSERT INTO Transporte(id, dataIniciou, dataTerminou, custoTransporte, quantidadeCarga, Servico_id, Motorista_id)
VALUES (155, '2012-10-19 3:54', null, 930.24, 23, 32, 73);

INSERT INTO Transporte(id, dataIniciou, dataTerminou, custoTransporte, quantidadeCarga, Servico_id, Motorista_id)
VALUES (156, '2012-3-28 4:41', null, 211.59, 13, 21, 42);

INSERT INTO Transporte(id, dataIniciou, dataTerminou, custoTransporte, quantidadeCarga, Servico_id, Motorista_id)
VALUES (157, '2012-8-25 8:46', '2013-11-12 17:6', 274.78, 16, 77, 28);

INSERT INTO Transporte(id, dataIniciou, dataTerminou, custoTransporte, quantidadeCarga, Servico_id, Motorista_id)
VALUES (158, '2012-4-10 9:17', null, 971.34, 12, 33, 74);

INSERT INTO Transporte(id, dataIniciou, dataTerminou, custoTransporte, quantidadeCarga, Servico_id, Motorista_id)
VALUES (159, '2012-8-27 2:25', null, 186.53, 81, 63, 3);

INSERT INTO Transporte(id, dataIniciou, dataTerminou, custoTransporte, quantidadeCarga, Servico_id, Motorista_id)
VALUES (160, '2012-3-10 2:29', '2013-4-26 22:35', 172.10, 12, 75, 62);

INSERT INTO Transporte(id, dataIniciou, dataTerminou, custoTransporte, quantidadeCarga, Servico_id, Motorista_id)
VALUES (161, '2012-8-8 0:55', null, 639.11, 25, 20, 92);

INSERT INTO Transporte(id, dataIniciou, dataTerminou, custoTransporte, quantidadeCarga, Servico_id, Motorista_id)
VALUES (162, '2012-2-4 4:36', '2013-2-20 2:2', 273.70, 93, 65, 40);

INSERT INTO Transporte(id, dataIniciou, dataTerminou, custoTransporte, quantidadeCarga, Servico_id, Motorista_id)
VALUES (163, '2012-10-6 13:49', '2013-8-15 19:54', 874.96, 49, 50, 15);

INSERT INTO Transporte(id, dataIniciou, dataTerminou, custoTransporte, quantidadeCarga, Servico_id, Motorista_id)
VALUES (164, '2012-1-26 17:2', '2013-7-6 15:0', 894.41, 94, 41, 68);

INSERT INTO Transporte(id, dataIniciou, dataTerminou, custoTransporte, quantidadeCarga, Servico_id, Motorista_id)
VALUES (165, '2012-8-24 10:48', null, 987.20, 15, 6, 1);

INSERT INTO Transporte(id, dataIniciou, dataTerminou, custoTransporte, quantidadeCarga, Servico_id, Motorista_id)
VALUES (166, '2012-7-14 0:54', '2013-3-2 21:13', 995.60, 95, 9, 37);

INSERT INTO Transporte(id, dataIniciou, dataTerminou, custoTransporte, quantidadeCarga, Servico_id, Motorista_id)
VALUES (167, '2012-8-20 18:59', '2013-7-29 20:39', 281.08, 56, 2, 31);

INSERT INTO Transporte(id, dataIniciou, dataTerminou, custoTransporte, quantidadeCarga, Servico_id, Motorista_id)
VALUES (168, '2012-11-6 5:42', '2013-10-17 8:40', 778.35, 66, 26, 28);

INSERT INTO Transporte(id, dataIniciou, dataTerminou, custoTransporte, quantidadeCarga, Servico_id, Motorista_id)
VALUES (169, '2012-3-29 13:41', null, 739.21, 69, 36, 56);

INSERT INTO Transporte(id, dataIniciou, dataTerminou, custoTransporte, quantidadeCarga, Servico_id, Motorista_id)
VALUES (170, '2012-2-13 0:29', '2013-12-23 14:54', 965.20, 46, 20, 50);

INSERT INTO Transporte(id, dataIniciou, dataTerminou, custoTransporte, quantidadeCarga, Servico_id, Motorista_id)
VALUES (171, '2012-8-9 14:51', null, 603.49, 10, 6, 92);

INSERT INTO Transporte(id, dataIniciou, dataTerminou, custoTransporte, quantidadeCarga, Servico_id, Motorista_id)
VALUES (172, '2012-11-28 13:27', null, 488.29, 68, 48, 60);

INSERT INTO Transporte(id, dataIniciou, dataTerminou, custoTransporte, quantidadeCarga, Servico_id, Motorista_id)
VALUES (173, '2012-2-26 22:55', '2013-8-2 15:49', 671.13, 72, 57, 76);

INSERT INTO Transporte(id, dataIniciou, dataTerminou, custoTransporte, quantidadeCarga, Servico_id, Motorista_id)
VALUES (174, '2012-6-12 22:44', null, 123.41, 68, 46, 98);

INSERT INTO Transporte(id, dataIniciou, dataTerminou, custoTransporte, quantidadeCarga, Servico_id, Motorista_id)
VALUES (175, '2012-6-16 9:41', '2013-3-26 15:31', 301.71, 98, 12, 83);

INSERT INTO Transporte(id, dataIniciou, dataTerminou, custoTransporte, quantidadeCarga, Servico_id, Motorista_id)
VALUES (176, '2012-9-24 22:3', '2013-11-20 4:41', 126.85, 91, 18, 2);

INSERT INTO Transporte(id, dataIniciou, dataTerminou, custoTransporte, quantidadeCarga, Servico_id, Motorista_id)
VALUES (177, '2012-1-3 12:24', '2013-4-10 3:15', 367.50, 63, 83, 14);

INSERT INTO Transporte(id, dataIniciou, dataTerminou, custoTransporte, quantidadeCarga, Servico_id, Motorista_id)
VALUES (178, '2012-4-26 9:36', '2013-3-1 16:12', 779.53, 78, 87, 39);

INSERT INTO Transporte(id, dataIniciou, dataTerminou, custoTransporte, quantidadeCarga, Servico_id, Motorista_id)
VALUES (179, '2012-9-12 11:35', '2013-11-29 2:42', 484.37, 74, 29, 7);

INSERT INTO Transporte(id, dataIniciou, dataTerminou, custoTransporte, quantidadeCarga, Servico_id, Motorista_id)
VALUES (180, '2012-6-6 2:9', '2013-1-1 8:4', 384.64, 97, 82, 41);

INSERT INTO Transporte(id, dataIniciou, dataTerminou, custoTransporte, quantidadeCarga, Servico_id, Motorista_id)
VALUES (181, '2012-8-14 3:6', '2013-11-24 4:35', 155.89, 73, 59, 58);

INSERT INTO Transporte(id, dataIniciou, dataTerminou, custoTransporte, quantidadeCarga, Servico_id, Motorista_id)
VALUES (182, '2012-9-2 14:40', null, 106.35, 48, 96, 69);

INSERT INTO Transporte(id, dataIniciou, dataTerminou, custoTransporte, quantidadeCarga, Servico_id, Motorista_id)
VALUES (183, '2012-3-17 8:37', null, 417.60, 13, 54, 68);

INSERT INTO Transporte(id, dataIniciou, dataTerminou, custoTransporte, quantidadeCarga, Servico_id, Motorista_id)
VALUES (184, '2012-4-18 9:17', '2013-1-25 0:53', 125.81, 12, 5, 11);

INSERT INTO Transporte(id, dataIniciou, dataTerminou, custoTransporte, quantidadeCarga, Servico_id, Motorista_id)
VALUES (185, '2012-2-28 3:59', null, 905.72, 11, 41, 70);

INSERT INTO Transporte(id, dataIniciou, dataTerminou, custoTransporte, quantidadeCarga, Servico_id, Motorista_id)
VALUES (186, '2012-2-21 3:5', '2013-6-11 2:6', 226.27, 75, 92, 48);

INSERT INTO Transporte(id, dataIniciou, dataTerminou, custoTransporte, quantidadeCarga, Servico_id, Motorista_id)
VALUES (187, '2012-2-11 23:42', '2013-12-18 4:56', 329.12, 66, 43, 32);

INSERT INTO Transporte(id, dataIniciou, dataTerminou, custoTransporte, quantidadeCarga, Servico_id, Motorista_id)
VALUES (188, '2012-2-11 13:0', '2013-4-4 11:37', 630.34, 19, 31, 62);

INSERT INTO Transporte(id, dataIniciou, dataTerminou, custoTransporte, quantidadeCarga, Servico_id, Motorista_id)
VALUES (189, '2012-10-17 14:19', null, 471.83, 99, 43, 6);

INSERT INTO Transporte(id, dataIniciou, dataTerminou, custoTransporte, quantidadeCarga, Servico_id, Motorista_id)
VALUES (190, '2012-8-4 9:38', null, 155.36, 42, 52, 97);

INSERT INTO Transporte(id, dataIniciou, dataTerminou, custoTransporte, quantidadeCarga, Servico_id, Motorista_id)
VALUES (191, '2012-11-3 21:5', '2013-4-15 10:55', 380.08, 20, 74, 57);

INSERT INTO Transporte(id, dataIniciou, dataTerminou, custoTransporte, quantidadeCarga, Servico_id, Motorista_id)
VALUES (192, '2012-1-11 3:43', null, 284.20, 18, 32, 99);

INSERT INTO Transporte(id, dataIniciou, dataTerminou, custoTransporte, quantidadeCarga, Servico_id, Motorista_id)
VALUES (193, '2012-4-14 23:42', null, 875.77, 68, 40, 54);

INSERT INTO Transporte(id, dataIniciou, dataTerminou, custoTransporte, quantidadeCarga, Servico_id, Motorista_id)
VALUES (194, '2012-2-7 9:11', '2013-6-15 12:51', 907.64, 65, 92, 56);

INSERT INTO Transporte(id, dataIniciou, dataTerminou, custoTransporte, quantidadeCarga, Servico_id, Motorista_id)
VALUES (195, '2012-3-16 14:40', '2013-3-10 23:57', 622.26, 45, 51, 1);

INSERT INTO Transporte(id, dataIniciou, dataTerminou, custoTransporte, quantidadeCarga, Servico_id, Motorista_id)
VALUES (196, '2012-12-22 2:39', null, 384.75, 85, 30, 67);

INSERT INTO Transporte(id, dataIniciou, dataTerminou, custoTransporte, quantidadeCarga, Servico_id, Motorista_id)
VALUES (197, '2012-11-2 2:59', '2013-8-3 9:31', 530.18, 65, 82, 69);

INSERT INTO Transporte(id, dataIniciou, dataTerminou, custoTransporte, quantidadeCarga, Servico_id, Motorista_id)
VALUES (198, '2012-9-4 23:18', '2013-2-17 18:16', 787.94, 14, 58, 23);

INSERT INTO Transporte(id, dataIniciou, dataTerminou, custoTransporte, quantidadeCarga, Servico_id, Motorista_id)
VALUES (199, '2012-5-24 13:12', '2013-9-10 2:40', 980.93, 92, 31, 32);

INSERT INTO Transporte(id, dataIniciou, dataTerminou, custoTransporte, quantidadeCarga, Servico_id, Motorista_id)
VALUES (200, '2012-9-10 13:36', '2013-11-27 9:1', 898.86, 30, 91, 43);

-- Popula a tabela Acidente.

INSERT INTO Acidente(id, descricao, Transporte_id)
VALUES (1, 'Uma manada de elefantes saiu atropelando tudo o que tinha no caminho. Felizmente os motoristas sobreviveram, mas o veículo e a carga se encontram em péssimo estado.', 147);

INSERT INTO Acidente(id, descricao, Transporte_id)
VALUES (2, 'Colisão com um carro esporte.', 107);

INSERT INTO Acidente(id, descricao, Transporte_id)
VALUES (3, 'Um meteoro pegou de raspão no veículo.', 182);

INSERT INTO Acidente(id, descricao, Transporte_id)
VALUES (4, 'Um prédio caiu no meio da estrada, bloqueando as estradas num raio de 50 metros.', 188);

INSERT INTO Acidente(id, descricao, Transporte_id)
VALUES (5, 'Atropelamento de um político.', 174);

INSERT INTO Acidente(id, descricao, Transporte_id)
VALUES (6, 'A carga entrou em combustão espontânea. Apenas foi possível salvar 50% da carga', 156);

INSERT INTO Acidente(id, descricao, Transporte_id)
VALUES (7, 'Um meteoro pegou de raspão no veículo.', 155);

INSERT INTO Acidente(id, descricao, Transporte_id)
VALUES (8, 'O veículo entrou no meio de um fogo cruzado entre gangues.', 97);

INSERT INTO Acidente(id, descricao, Transporte_id)
VALUES (9, 'Atropelamento de um Chocobo.', 111);

INSERT INTO Acidente(id, descricao, Transporte_id)
VALUES (10, 'Um transformer se apaixonou pelo veículo, e interronpeu o caminho para ficar cantando o veículo', 77);

INSERT INTO Acidente(id, descricao, Transporte_id)
VALUES (11, 'Um transformer se apaixonou pelo veículo, e interronpeu o caminho para ficar cantando o veículo', 132);

INSERT INTO Acidente(id, descricao, Transporte_id)
VALUES (12, 'Atropelamento de um Chocobo.', 76);

INSERT INTO Acidente(id, descricao, Transporte_id)
VALUES (13, 'Atropelamento de um Chocobo.', 58);

INSERT INTO Acidente(id, descricao, Transporte_id)
VALUES (14, 'Um prédio caiu no meio da estrada, bloqueando as estradas num raio de 50 metros.', 5);

INSERT INTO Acidente(id, descricao, Transporte_id)
VALUES (15, 'Uma manada de elefantes saiu atropelando tudo o que tinha no caminho. Felizmente os motoristas sobreviveram, mas o veículo e a carga se encontram em péssimo estado.', 171);

INSERT INTO Acidente(id, descricao, Transporte_id)
VALUES (16, 'Um transformer se apaixonou pelo veículo, e interronpeu o caminho para ficar cantando o veículo', 48);

INSERT INTO Acidente(id, descricao, Transporte_id)
VALUES (17, 'Atropelamento de um político.', 39);

INSERT INTO Acidente(id, descricao, Transporte_id)
VALUES (18, 'Atropelamento de um político.', 117);

INSERT INTO Acidente(id, descricao, Transporte_id)
VALUES (19, 'Um transformer se apaixonou pelo veículo, e interronpeu o caminho para ficar cantando o veículo', 139);

INSERT INTO Acidente(id, descricao, Transporte_id)
VALUES (20, 'Atropelamento de um Chocobo.', 103);

INSERT INTO Acidente(id, descricao, Transporte_id)
VALUES (21, 'Um meteoro pegou de raspão no veículo.', 63);

INSERT INTO Acidente(id, descricao, Transporte_id)
VALUES (22, 'Um meteoro pegou de raspão no veículo.', 70);

INSERT INTO Acidente(id, descricao, Transporte_id)
VALUES (23, 'Houve um tsunami no local de entrega', 36);

INSERT INTO Acidente(id, descricao, Transporte_id)
VALUES (24, 'Um prédio caiu no meio da estrada, bloqueando as estradas num raio de 50 metros.', 148);

INSERT INTO Acidente(id, descricao, Transporte_id)
VALUES (25, 'Um transformer se apaixonou pelo veículo, e interronpeu o caminho para ficar cantando o veículo', 90);

INSERT INTO Acidente(id, descricao, Transporte_id)
VALUES (26, 'Um meteoro pegou de raspão no veículo.', 158);

INSERT INTO Acidente(id, descricao, Transporte_id)
VALUES (27, 'A carga entrou em combustão espontânea. Apenas foi possível salvar 50% da carga', 155);

INSERT INTO Acidente(id, descricao, Transporte_id)
VALUES (28, 'Colisão com um carro esporte.', 177);

INSERT INTO Acidente(id, descricao, Transporte_id)
VALUES (29, '80% da carga foi roubada em um semáforo fechado.', 160);

INSERT INTO Acidente(id, descricao, Transporte_id)
VALUES (30, 'O veículo entrou no meio de um fogo cruzado entre gangues.', 113);

INSERT INTO Acidente(id, descricao, Transporte_id)
VALUES (31, '80% da carga foi roubada em um semáforo fechado.', 43);

INSERT INTO Acidente(id, descricao, Transporte_id)
VALUES (32, 'Atropelamento de um Chocobo.', 60);

INSERT INTO Acidente(id, descricao, Transporte_id)
VALUES (33, 'A carga entrou em combustão espontânea. Apenas foi possível salvar 50% da carga', 25);

INSERT INTO Acidente(id, descricao, Transporte_id)
VALUES (34, 'Um meteoro pegou de raspão no veículo.', 93);

INSERT INTO Acidente(id, descricao, Transporte_id)
VALUES (35, 'Um meteoro pegou de raspão no veículo.', 9);

INSERT INTO Acidente(id, descricao, Transporte_id)
VALUES (36, 'Houve um tsunami no local de entrega', 168);

INSERT INTO Acidente(id, descricao, Transporte_id)
VALUES (37, 'Um prédio caiu no meio da estrada, bloqueando as estradas num raio de 50 metros.', 55);

INSERT INTO Acidente(id, descricao, Transporte_id)
VALUES (38, 'Um prédio caiu no meio da estrada, bloqueando as estradas num raio de 50 metros.', 139);

INSERT INTO Acidente(id, descricao, Transporte_id)
VALUES (39, 'Houve um tsunami no local de entrega', 7);

INSERT INTO Acidente(id, descricao, Transporte_id)
VALUES (40, '80% da carga foi roubada em um semáforo fechado.', 189);

INSERT INTO Acidente(id, descricao, Transporte_id)
VALUES (41, 'Um transformer se apaixonou pelo veículo, e interronpeu o caminho para ficar cantando o veículo', 15);

INSERT INTO Acidente(id, descricao, Transporte_id)
VALUES (42, 'Uma manada de elefantes saiu atropelando tudo o que tinha no caminho. Felizmente os motoristas sobreviveram, mas o veículo e a carga se encontram em péssimo estado.', 152);

INSERT INTO Acidente(id, descricao, Transporte_id)
VALUES (43, 'O veículo entrou no meio de um fogo cruzado entre gangues.', 180);

INSERT INTO Acidente(id, descricao, Transporte_id)
VALUES (44, 'Um transformer se apaixonou pelo veículo, e interronpeu o caminho para ficar cantando o veículo', 31);

INSERT INTO Acidente(id, descricao, Transporte_id)
VALUES (45, 'Um transformer se apaixonou pelo veículo, e interronpeu o caminho para ficar cantando o veículo', 51);

INSERT INTO Acidente(id, descricao, Transporte_id)
VALUES (46, 'Atropelamento de um político.', 111);

INSERT INTO Acidente(id, descricao, Transporte_id)
VALUES (47, 'Houve um tsunami no local de entrega', 136);

INSERT INTO Acidente(id, descricao, Transporte_id)
VALUES (48, 'Colisão com um carro esporte.', 5);

INSERT INTO Acidente(id, descricao, Transporte_id)
VALUES (49, 'Atropelamento de um Chocobo.', 186);

INSERT INTO Acidente(id, descricao, Transporte_id)
VALUES (50, 'Um transformer se apaixonou pelo veículo, e interronpeu o caminho para ficar cantando o veículo', 57);

INSERT INTO Acidente(id, descricao, Transporte_id)
VALUES (51, 'O veículo entrou no meio de um fogo cruzado entre gangues.', 115);

INSERT INTO Acidente(id, descricao, Transporte_id)
VALUES (52, 'O veículo entrou no meio de um fogo cruzado entre gangues.', 118);

INSERT INTO Acidente(id, descricao, Transporte_id)
VALUES (53, 'Um prédio caiu no meio da estrada, bloqueando as estradas num raio de 50 metros.', 196);

INSERT INTO Acidente(id, descricao, Transporte_id)
VALUES (54, 'Houve um tsunami no local de entrega', 183);

INSERT INTO Acidente(id, descricao, Transporte_id)
VALUES (55, '80% da carga foi roubada em um semáforo fechado.', 91);

INSERT INTO Acidente(id, descricao, Transporte_id)
VALUES (56, 'Um transformer se apaixonou pelo veículo, e interronpeu o caminho para ficar cantando o veículo', 130);

INSERT INTO Acidente(id, descricao, Transporte_id)
VALUES (57, 'Um prédio caiu no meio da estrada, bloqueando as estradas num raio de 50 metros.', 122);

INSERT INTO Acidente(id, descricao, Transporte_id)
VALUES (58, 'Um transformer se apaixonou pelo veículo, e interronpeu o caminho para ficar cantando o veículo', 10);

INSERT INTO Acidente(id, descricao, Transporte_id)
VALUES (59, 'Um transformer se apaixonou pelo veículo, e interronpeu o caminho para ficar cantando o veículo', 6);

INSERT INTO Acidente(id, descricao, Transporte_id)
VALUES (60, 'O veículo entrou no meio de um fogo cruzado entre gangues.', 73);

INSERT INTO Acidente(id, descricao, Transporte_id)
VALUES (61, 'Um transformer se apaixonou pelo veículo, e interronpeu o caminho para ficar cantando o veículo', 185);

INSERT INTO Acidente(id, descricao, Transporte_id)
VALUES (62, 'Houve um tsunami no local de entrega', 167);

INSERT INTO Acidente(id, descricao, Transporte_id)
VALUES (63, 'O veículo entrou no meio de um fogo cruzado entre gangues.', 140);

INSERT INTO Acidente(id, descricao, Transporte_id)
VALUES (64, 'Atropelamento de um Chocobo.', 93);

INSERT INTO Acidente(id, descricao, Transporte_id)
VALUES (65, 'Um transformer se apaixonou pelo veículo, e interronpeu o caminho para ficar cantando o veículo', 39);

INSERT INTO Acidente(id, descricao, Transporte_id)
VALUES (66, 'Um transformer se apaixonou pelo veículo, e interronpeu o caminho para ficar cantando o veículo', 194);

INSERT INTO Acidente(id, descricao, Transporte_id)
VALUES (67, 'Um prédio caiu no meio da estrada, bloqueando as estradas num raio de 50 metros.', 41);

INSERT INTO Acidente(id, descricao, Transporte_id)
VALUES (68, 'O veículo entrou no meio de um fogo cruzado entre gangues.', 105);

INSERT INTO Acidente(id, descricao, Transporte_id)
VALUES (69, 'Atropelamento de um Chocobo.', 98);

INSERT INTO Acidente(id, descricao, Transporte_id)
VALUES (70, 'Atropelamento de um Chocobo.', 190);

INSERT INTO Acidente(id, descricao, Transporte_id)
VALUES (71, 'Houve um tsunami no local de entrega', 28);

INSERT INTO Acidente(id, descricao, Transporte_id)
VALUES (72, 'Houve um tsunami no local de entrega', 30);

INSERT INTO Acidente(id, descricao, Transporte_id)
VALUES (73, 'O veículo entrou no meio de um fogo cruzado entre gangues.', 159);

INSERT INTO Acidente(id, descricao, Transporte_id)
VALUES (74, 'Um transformer se apaixonou pelo veículo, e interronpeu o caminho para ficar cantando o veículo', 142);

INSERT INTO Acidente(id, descricao, Transporte_id)
VALUES (75, 'O veículo entrou no meio de um fogo cruzado entre gangues.', 163);

INSERT INTO Acidente(id, descricao, Transporte_id)
VALUES (76, 'Uma manada de elefantes saiu atropelando tudo o que tinha no caminho. Felizmente os motoristas sobreviveram, mas o veículo e a carga se encontram em péssimo estado.', 52);

INSERT INTO Acidente(id, descricao, Transporte_id)
VALUES (77, 'Atropelamento de um Chocobo.', 12);

INSERT INTO Acidente(id, descricao, Transporte_id)
VALUES (78, 'Um meteoro pegou de raspão no veículo.', 137);

INSERT INTO Acidente(id, descricao, Transporte_id)
VALUES (79, 'O veículo entrou no meio de um fogo cruzado entre gangues.', 150);

INSERT INTO Acidente(id, descricao, Transporte_id)
VALUES (80, 'Uma manada de elefantes saiu atropelando tudo o que tinha no caminho. Felizmente os motoristas sobreviveram, mas o veículo e a carga se encontram em péssimo estado.', 160);

INSERT INTO Acidente(id, descricao, Transporte_id)
VALUES (81, 'A carga entrou em combustão espontânea. Apenas foi possível salvar 50% da carga', 31);

INSERT INTO Acidente(id, descricao, Transporte_id)
VALUES (82, 'Um transformer se apaixonou pelo veículo, e interronpeu o caminho para ficar cantando o veículo', 128);

INSERT INTO Acidente(id, descricao, Transporte_id)
VALUES (83, 'Um prédio caiu no meio da estrada, bloqueando as estradas num raio de 50 metros.', 181);

INSERT INTO Acidente(id, descricao, Transporte_id)
VALUES (84, 'Colisão com um carro esporte.', 107);

INSERT INTO Acidente(id, descricao, Transporte_id)
VALUES (85, 'Um meteoro pegou de raspão no veículo.', 157);

INSERT INTO Acidente(id, descricao, Transporte_id)
VALUES (86, 'Colisão com um carro esporte.', 141);

INSERT INTO Acidente(id, descricao, Transporte_id)
VALUES (87, 'Uma manada de elefantes saiu atropelando tudo o que tinha no caminho. Felizmente os motoristas sobreviveram, mas o veículo e a carga se encontram em péssimo estado.', 122);

INSERT INTO Acidente(id, descricao, Transporte_id)
VALUES (88, 'Um prédio caiu no meio da estrada, bloqueando as estradas num raio de 50 metros.', 24);

INSERT INTO Acidente(id, descricao, Transporte_id)
VALUES (89, 'Atropelamento de um Chocobo.', 174);

INSERT INTO Acidente(id, descricao, Transporte_id)
VALUES (90, 'A carga entrou em combustão espontânea. Apenas foi possível salvar 50% da carga', 34);

INSERT INTO Acidente(id, descricao, Transporte_id)
VALUES (91, 'Um meteoro pegou de raspão no veículo.', 42);

INSERT INTO Acidente(id, descricao, Transporte_id)
VALUES (92, 'Um transformer se apaixonou pelo veículo, e interronpeu o caminho para ficar cantando o veículo', 97);

INSERT INTO Acidente(id, descricao, Transporte_id)
VALUES (93, '80% da carga foi roubada em um semáforo fechado.', 26);

INSERT INTO Acidente(id, descricao, Transporte_id)
VALUES (94, 'Um prédio caiu no meio da estrada, bloqueando as estradas num raio de 50 metros.', 64);

INSERT INTO Acidente(id, descricao, Transporte_id)
VALUES (95, 'O veículo entrou no meio de um fogo cruzado entre gangues.', 2);

INSERT INTO Acidente(id, descricao, Transporte_id)
VALUES (96, 'Uma manada de elefantes saiu atropelando tudo o que tinha no caminho. Felizmente os motoristas sobreviveram, mas o veículo e a carga se encontram em péssimo estado.', 3);

INSERT INTO Acidente(id, descricao, Transporte_id)
VALUES (97, '80% da carga foi roubada em um semáforo fechado.', 67);

INSERT INTO Acidente(id, descricao, Transporte_id)
VALUES (98, 'Uma manada de elefantes saiu atropelando tudo o que tinha no caminho. Felizmente os motoristas sobreviveram, mas o veículo e a carga se encontram em péssimo estado.', 179);

INSERT INTO Acidente(id, descricao, Transporte_id)
VALUES (99, 'Houve um tsunami no local de entrega', 178);

INSERT INTO Acidente(id, descricao, Transporte_id)
VALUES (100, 'Um prédio caiu no meio da estrada, bloqueando as estradas num raio de 50 metros.', 176);


