-- Popula a tabela TipoCarga
-- Abaixo estão listados 10 tipos.

INSERT INTO TipoCarga(id, nome)
VALUES (1, 'Madeira');

INSERT INTO TipoCarga(id, nome)
VALUES (2, 'Eletrônicos');

INSERT INTO TipoCarga(id, nome)
VALUES (3, 'Químicos');

INSERT INTO TipoCarga(id, nome)
VALUES (4, 'Animais Terrestres');

INSERT INTO TipoCarga(id, nome)
VALUES (5, 'Animais Aquáticos');

INSERT INTO TipoCarga(id, nome)
VALUES (6, 'Pneus');

INSERT INTO TipoCarga(id, nome)
VALUES (7, 'Carros');

INSERT INTO TipoCarga(id, nome)
VALUES (8, 'Máquinas');

INSERT INTO TipoCarga(id, nome)
VALUES (9, 'Alimentos');

INSERT INTO TipoCarga(id, nome)
VALUES (10, 'Mobília');

INSERT INTO veiculo(id, placa, modelo)
VALUES (1, 'VYQ-2751', 'Volks 9150');

INSERT INTO veiculo(id, placa, modelo)
VALUES (2, 'UAK-2752', 'Volvo VM 260');

INSERT INTO veiculo(id, placa, modelo)
VALUES (3, 'WYO-2753', 'Volks 9150');

INSERT INTO veiculo(id, placa, modelo)
VALUES (4, 'PFN-2754', 'Mercedes 710');

INSERT INTO veiculo(id, placa, modelo)
VALUES (5, 'IRR-2755', 'Volks 8150');

INSERT INTO veiculo(id, placa, modelo)
VALUES (6, 'FFT-2756', 'Volvo FH 460');

INSERT INTO veiculo(id, placa, modelo)
VALUES (7, 'RZR-2757', 'Scania R440');

INSERT INTO veiculo(id, placa, modelo)
VALUES (8, 'UVE-2758', 'Volks 8150');

INSERT INTO veiculo(id, placa, modelo)
VALUES (9, 'EZK-2759', 'Mercedes Atego 2425');

INSERT INTO veiculo(id, placa, modelo)
VALUES (10, 'FDU-2760', 'Volks 8150');

INSERT INTO veiculo(id, placa, modelo)
VALUES (11, 'XYV-2761', 'Volks 13180');

INSERT INTO veiculo(id, placa, modelo)
VALUES (12, 'BWG-2762', 'Volks 24250');

INSERT INTO veiculo(id, placa, modelo)
VALUES (13, 'VBT-2763', 'Volvo VM 260');

INSERT INTO veiculo(id, placa, modelo)
VALUES (14, 'TLZ-2764', 'Volks 9150');

INSERT INTO veiculo(id, placa, modelo)
VALUES (15, 'WYZ-2765', 'Volks 13180');

INSERT INTO veiculo(id, placa, modelo)
VALUES (16, 'ZKY-2766', 'Volks 8150');

INSERT INTO veiculo(id, placa, modelo)
VALUES (17, 'MJZ-2767', 'Mercedes Atego 2425');

INSERT INTO veiculo(id, placa, modelo)
VALUES (18, 'HCG-2768', 'Volks 9150');

INSERT INTO veiculo(id, placa, modelo)
VALUES (19, 'BFD-2769', 'Volks 8150');

INSERT INTO veiculo(id, placa, modelo)
VALUES (20, 'XAB-2770', 'Volvo FH 460');

INSERT INTO veiculo(id, placa, modelo)
VALUES (21, 'OET-2771', 'Volks 13180');

INSERT INTO veiculo(id, placa, modelo)
VALUES (22, 'ZNS-2772', 'Mercedes Atego 2425');

INSERT INTO veiculo(id, placa, modelo)
VALUES (23, 'MES-2773', 'Volvo FH 460');

INSERT INTO veiculo(id, placa, modelo)
VALUES (24, 'LCO-2774', 'Volvo FH 460');

INSERT INTO veiculo(id, placa, modelo)
VALUES (25, 'YZE-2775', 'Volks 9150');

INSERT INTO veiculo(id, placa, modelo)
VALUES (26, 'ZZL-2776', 'Volks 13180');

INSERT INTO veiculo(id, placa, modelo)
VALUES (27, 'RQP-2777', 'Volvo FH 460');

INSERT INTO veiculo(id, placa, modelo)
VALUES (28, 'CKH-2778', 'Volks 24250');

INSERT INTO veiculo(id, placa, modelo)
VALUES (29, 'YAO-2779', 'Scania R440');

INSERT INTO veiculo(id, placa, modelo)
VALUES (30, 'XAO-2780', 'Volvo FH 460');

INSERT INTO veiculo(id, placa, modelo)
VALUES (31, 'EZP-2781', 'Volks 13180');

INSERT INTO veiculo(id, placa, modelo)
VALUES (32, 'UWZ-2782', 'Volks 24250');

INSERT INTO veiculo(id, placa, modelo)
VALUES (33, 'JJA-2783', 'Volvo FH 460');

INSERT INTO veiculo(id, placa, modelo)
VALUES (34, 'LCQ-2784', 'Volvo VM 260');

INSERT INTO veiculo(id, placa, modelo)
VALUES (35, 'QSH-2785', 'Scania R440');

INSERT INTO veiculo(id, placa, modelo)
VALUES (36, 'QJK-2786', 'Mercedes 710');

INSERT INTO veiculo(id, placa, modelo)
VALUES (37, 'VPQ-2787', 'Mercedes Accelo 815');

INSERT INTO veiculo(id, placa, modelo)
VALUES (38, 'PQO-2788', 'Volvo VM 260');

INSERT INTO veiculo(id, placa, modelo)
VALUES (39, 'GVV-2789', 'Mercedes Atego 2425');

INSERT INTO veiculo(id, placa, modelo)
VALUES (40, 'CTE-2790', 'Volks 9150');

INSERT INTO veiculo(id, placa, modelo)
VALUES (41, 'UIU-2791', 'Volks 9150');

INSERT INTO veiculo(id, placa, modelo)
VALUES (42, 'WRK-2792', 'Volvo FH 460');

INSERT INTO veiculo(id, placa, modelo)
VALUES (43, 'RUC-2793', 'Volvo FH 460');

INSERT INTO veiculo(id, placa, modelo)
VALUES (44, 'CHY-2794', 'Volks 13180');

INSERT INTO veiculo(id, placa, modelo)
VALUES (45, 'QUF-2795', 'Volvo FH 460');

INSERT INTO veiculo(id, placa, modelo)
VALUES (46, 'YGO-2796', 'Volvo VM 260');

INSERT INTO veiculo(id, placa, modelo)
VALUES (47, 'XKW-2797', 'Volvo FH 460');

INSERT INTO veiculo(id, placa, modelo)
VALUES (48, 'FUH-2798', 'Volvo VM 260');

INSERT INTO veiculo(id, placa, modelo)
VALUES (49, 'WVO-2799', 'Volks 8150');

INSERT INTO veiculo(id, placa, modelo)
VALUES (50, 'ULY-2800', 'Mercedes Accelo 815');

INSERT INTO veiculo(id, placa, modelo)
VALUES (51, 'XRL-2801', 'Volvo FH 460');

INSERT INTO veiculo(id, placa, modelo)
VALUES (52, 'LLA-2802', 'Scania R440');

INSERT INTO veiculo(id, placa, modelo)
VALUES (53, 'CGY-2803', 'Mercedes 710');

INSERT INTO veiculo(id, placa, modelo)
VALUES (54, 'LHN-2804', 'Volvo VM 260');

INSERT INTO veiculo(id, placa, modelo)
VALUES (55, 'ICB-2805', 'Scania R440');

INSERT INTO veiculo(id, placa, modelo)
VALUES (56, 'BGV-2806', 'Mercedes Accelo 815');

INSERT INTO veiculo(id, placa, modelo)
VALUES (57, 'ECY-2807', 'Volks 24250');

INSERT INTO veiculo(id, placa, modelo)
VALUES (58, 'GXE-2808', 'Volks 9150');

INSERT INTO veiculo(id, placa, modelo)
VALUES (59, 'KGS-2809', 'Volvo FH 460');

INSERT INTO veiculo(id, placa, modelo)
VALUES (60, 'TAR-2810', 'Mercedes Atego 2425');

INSERT INTO veiculo(id, placa, modelo)
VALUES (61, 'HZD-2811', 'Volks 8150');

INSERT INTO veiculo(id, placa, modelo)
VALUES (62, 'IWX-2812', 'Volks 24250');

INSERT INTO veiculo(id, placa, modelo)
VALUES (63, 'YBQ-2813', 'Volks 9150');

INSERT INTO veiculo(id, placa, modelo)
VALUES (64, 'CYX-2814', 'Mercedes 710');

INSERT INTO veiculo(id, placa, modelo)
VALUES (65, 'ATD-2815', 'Scania R440');

INSERT INTO veiculo(id, placa, modelo)
VALUES (66, 'YLQ-2816', 'Volvo VM 260');

INSERT INTO veiculo(id, placa, modelo)
VALUES (67, 'XFJ-2817', 'Volvo FH 460');

INSERT INTO veiculo(id, placa, modelo)
VALUES (68, 'BEH-2818', 'Volks 13180');

INSERT INTO veiculo(id, placa, modelo)
VALUES (69, 'MOC-2819', 'Volvo VM 260');

INSERT INTO veiculo(id, placa, modelo)
VALUES (70, 'FJE-2820', 'Volks 9150');

INSERT INTO veiculo(id, placa, modelo)
VALUES (71, 'VLQ-2821', 'Volks 9150');

INSERT INTO veiculo(id, placa, modelo)
VALUES (72, 'FTH-2822', 'Volks 8150');

INSERT INTO veiculo(id, placa, modelo)
VALUES (73, 'GRD-2823', 'Volvo VM 260');

INSERT INTO veiculo(id, placa, modelo)
VALUES (74, 'QEQ-2824', 'Mercedes 710');

INSERT INTO veiculo(id, placa, modelo)
VALUES (75, 'OHQ-2825', 'Mercedes 710');

INSERT INTO veiculo(id, placa, modelo)
VALUES (76, 'AKA-2826', 'Volks 13180');

INSERT INTO veiculo(id, placa, modelo)
VALUES (77, 'AUZ-2827', 'Volks 9150');

INSERT INTO veiculo(id, placa, modelo)
VALUES (78, 'UKO-2828', 'Scania R440');

INSERT INTO veiculo(id, placa, modelo)
VALUES (79, 'YGL-2829', 'Volvo VM 260');

INSERT INTO veiculo(id, placa, modelo)
VALUES (80, 'ZQX-2830', 'Mercedes Atego 2425');

INSERT INTO veiculo(id, placa, modelo)
VALUES (81, 'OZO-2831', 'Volks 8150');

INSERT INTO veiculo(id, placa, modelo)
VALUES (82, 'QPD-2832', 'Mercedes Accelo 815');

INSERT INTO veiculo(id, placa, modelo)
VALUES (83, 'NTD-2833', 'Volvo FH 460');

INSERT INTO veiculo(id, placa, modelo)
VALUES (84, 'TZC-2834', 'Volvo VM 260');

INSERT INTO veiculo(id, placa, modelo)
VALUES (85, 'EOQ-2835', 'Scania R440');

INSERT INTO veiculo(id, placa, modelo)
VALUES (86, 'ODF-2836', 'Volks 8150');

INSERT INTO veiculo(id, placa, modelo)
VALUES (87, 'LCL-2837', 'Volks 13180');

INSERT INTO veiculo(id, placa, modelo)
VALUES (88, 'FEK-2838', 'Mercedes Accelo 815');

INSERT INTO veiculo(id, placa, modelo)
VALUES (89, 'UFP-2839', 'Mercedes Atego 2425');

INSERT INTO veiculo(id, placa, modelo)
VALUES (90, 'TGQ-2840', 'Volks 24250');

INSERT INTO veiculo(id, placa, modelo)
VALUES (91, 'HME-2841', 'Volvo FH 460');

INSERT INTO veiculo(id, placa, modelo)
VALUES (92, 'ZKQ-2842', 'Volvo FH 460');

INSERT INTO veiculo(id, placa, modelo)
VALUES (93, 'CEV-2843', 'Mercedes 710');

INSERT INTO veiculo(id, placa, modelo)
VALUES (94, 'JXS-2844', 'Mercedes Accelo 815');

INSERT INTO veiculo(id, placa, modelo)
VALUES (95, 'GQM-2845', 'Volks 9150');

INSERT INTO veiculo(id, placa, modelo)
VALUES (96, 'WBS-2846', 'Volks 13180');

INSERT INTO veiculo(id, placa, modelo)
VALUES (97, 'LAI-2847', 'Volks 24250');

INSERT INTO veiculo(id, placa, modelo)
VALUES (98, 'WIG-2848', 'Mercedes Atego 2425');

INSERT INTO veiculo(id, placa, modelo)
VALUES (99, 'QNX-2849', 'Mercedes Accelo 815');

INSERT INTO veiculo(id, placa, modelo)
VALUES (100, 'RPY-2850', 'Volks 13180');

-- Popula a tabela VeiculoTipoCarga.

INSERT INTO VeiculoTipoCarga(Veiculo_id, TipoCarga_id)
VALUES (1, 3);

INSERT INTO VeiculoTipoCarga(Veiculo_id, TipoCarga_id)
VALUES (1, 4);

INSERT INTO VeiculoTipoCarga(Veiculo_id, TipoCarga_id)
VALUES (1, 5);

INSERT INTO VeiculoTipoCarga(Veiculo_id, TipoCarga_id)
VALUES (2, 3);

INSERT INTO VeiculoTipoCarga(Veiculo_id, TipoCarga_id)
VALUES (2, 4);

INSERT INTO VeiculoTipoCarga(Veiculo_id, TipoCarga_id)
VALUES (2, 5);

INSERT INTO VeiculoTipoCarga(Veiculo_id, TipoCarga_id)
VALUES (3, 6);

INSERT INTO VeiculoTipoCarga(Veiculo_id, TipoCarga_id)
VALUES (3, 7);

INSERT INTO VeiculoTipoCarga(Veiculo_id, TipoCarga_id)
VALUES (4, 2);

INSERT INTO VeiculoTipoCarga(Veiculo_id, TipoCarga_id)
VALUES (4, 3);

INSERT INTO VeiculoTipoCarga(Veiculo_id, TipoCarga_id)
VALUES (4, 4);

INSERT INTO VeiculoTipoCarga(Veiculo_id, TipoCarga_id)
VALUES (5, 5);

INSERT INTO VeiculoTipoCarga(Veiculo_id, TipoCarga_id)
VALUES (5, 6);

INSERT INTO VeiculoTipoCarga(Veiculo_id, TipoCarga_id)
VALUES (5, 7);

INSERT INTO VeiculoTipoCarga(Veiculo_id, TipoCarga_id)
VALUES (6, 8);

INSERT INTO VeiculoTipoCarga(Veiculo_id, TipoCarga_id)
VALUES (7, 5);

INSERT INTO VeiculoTipoCarga(Veiculo_id, TipoCarga_id)
VALUES (7, 6);

INSERT INTO VeiculoTipoCarga(Veiculo_id, TipoCarga_id)
VALUES (7, 7);

INSERT INTO VeiculoTipoCarga(Veiculo_id, TipoCarga_id)
VALUES (8, 5);

INSERT INTO VeiculoTipoCarga(Veiculo_id, TipoCarga_id)
VALUES (8, 6);

INSERT INTO VeiculoTipoCarga(Veiculo_id, TipoCarga_id)
VALUES (8, 7);

INSERT INTO VeiculoTipoCarga(Veiculo_id, TipoCarga_id)
VALUES (9, 2);

INSERT INTO VeiculoTipoCarga(Veiculo_id, TipoCarga_id)
VALUES (9, 3);

INSERT INTO VeiculoTipoCarga(Veiculo_id, TipoCarga_id)
VALUES (10, 3);

INSERT INTO VeiculoTipoCarga(Veiculo_id, TipoCarga_id)
VALUES (11, 7);

INSERT INTO VeiculoTipoCarga(Veiculo_id, TipoCarga_id)
VALUES (11, 8);

INSERT INTO VeiculoTipoCarga(Veiculo_id, TipoCarga_id)
VALUES (12, 4);

INSERT INTO VeiculoTipoCarga(Veiculo_id, TipoCarga_id)
VALUES (13, 3);

INSERT INTO VeiculoTipoCarga(Veiculo_id, TipoCarga_id)
VALUES (13, 4);

INSERT INTO VeiculoTipoCarga(Veiculo_id, TipoCarga_id)
VALUES (14, 5);

INSERT INTO VeiculoTipoCarga(Veiculo_id, TipoCarga_id)
VALUES (14, 6);

INSERT INTO VeiculoTipoCarga(Veiculo_id, TipoCarga_id)
VALUES (15, 1);

INSERT INTO VeiculoTipoCarga(Veiculo_id, TipoCarga_id)
VALUES (16, 5);

INSERT INTO VeiculoTipoCarga(Veiculo_id, TipoCarga_id)
VALUES (16, 6);

INSERT INTO VeiculoTipoCarga(Veiculo_id, TipoCarga_id)
VALUES (17, 7);

INSERT INTO VeiculoTipoCarga(Veiculo_id, TipoCarga_id)
VALUES (17, 8);

INSERT INTO VeiculoTipoCarga(Veiculo_id, TipoCarga_id)
VALUES (18, 7);

INSERT INTO VeiculoTipoCarga(Veiculo_id, TipoCarga_id)
VALUES (18, 8);

INSERT INTO VeiculoTipoCarga(Veiculo_id, TipoCarga_id)
VALUES (19, 6);

INSERT INTO VeiculoTipoCarga(Veiculo_id, TipoCarga_id)
VALUES (19, 7);

INSERT INTO VeiculoTipoCarga(Veiculo_id, TipoCarga_id)
VALUES (19, 8);

INSERT INTO VeiculoTipoCarga(Veiculo_id, TipoCarga_id)
VALUES (20, 7);

INSERT INTO VeiculoTipoCarga(Veiculo_id, TipoCarga_id)
VALUES (21, 6);

INSERT INTO VeiculoTipoCarga(Veiculo_id, TipoCarga_id)
VALUES (22, 1);

INSERT INTO VeiculoTipoCarga(Veiculo_id, TipoCarga_id)
VALUES (22, 2);

INSERT INTO VeiculoTipoCarga(Veiculo_id, TipoCarga_id)
VALUES (22, 3);

INSERT INTO VeiculoTipoCarga(Veiculo_id, TipoCarga_id)
VALUES (23, 1);

INSERT INTO VeiculoTipoCarga(Veiculo_id, TipoCarga_id)
VALUES (23, 2);

INSERT INTO VeiculoTipoCarga(Veiculo_id, TipoCarga_id)
VALUES (23, 3);

INSERT INTO VeiculoTipoCarga(Veiculo_id, TipoCarga_id)
VALUES (24, 5);

INSERT INTO VeiculoTipoCarga(Veiculo_id, TipoCarga_id)
VALUES (24, 6);

INSERT INTO VeiculoTipoCarga(Veiculo_id, TipoCarga_id)
VALUES (25, 1);

INSERT INTO VeiculoTipoCarga(Veiculo_id, TipoCarga_id)
VALUES (25, 2);

INSERT INTO VeiculoTipoCarga(Veiculo_id, TipoCarga_id)
VALUES (26, 3);

INSERT INTO VeiculoTipoCarga(Veiculo_id, TipoCarga_id)
VALUES (26, 4);

INSERT INTO VeiculoTipoCarga(Veiculo_id, TipoCarga_id)
VALUES (26, 5);

INSERT INTO VeiculoTipoCarga(Veiculo_id, TipoCarga_id)
VALUES (27, 2);

INSERT INTO VeiculoTipoCarga(Veiculo_id, TipoCarga_id)
VALUES (27, 3);

INSERT INTO VeiculoTipoCarga(Veiculo_id, TipoCarga_id)
VALUES (28, 7);

INSERT INTO VeiculoTipoCarga(Veiculo_id, TipoCarga_id)
VALUES (28, 8);

INSERT INTO VeiculoTipoCarga(Veiculo_id, TipoCarga_id)
VALUES (28, 9);

INSERT INTO VeiculoTipoCarga(Veiculo_id, TipoCarga_id)
VALUES (29, 1);

INSERT INTO VeiculoTipoCarga(Veiculo_id, TipoCarga_id)
VALUES (30, 6);

INSERT INTO VeiculoTipoCarga(Veiculo_id, TipoCarga_id)
VALUES (31, 3);

INSERT INTO VeiculoTipoCarga(Veiculo_id, TipoCarga_id)
VALUES (31, 4);

INSERT INTO VeiculoTipoCarga(Veiculo_id, TipoCarga_id)
VALUES (31, 5);

INSERT INTO VeiculoTipoCarga(Veiculo_id, TipoCarga_id)
VALUES (32, 2);

INSERT INTO VeiculoTipoCarga(Veiculo_id, TipoCarga_id)
VALUES (33, 6);

INSERT INTO VeiculoTipoCarga(Veiculo_id, TipoCarga_id)
VALUES (33, 7);

INSERT INTO VeiculoTipoCarga(Veiculo_id, TipoCarga_id)
VALUES (33, 8);

INSERT INTO VeiculoTipoCarga(Veiculo_id, TipoCarga_id)
VALUES (34, 5);

INSERT INTO VeiculoTipoCarga(Veiculo_id, TipoCarga_id)
VALUES (34, 6);

INSERT INTO VeiculoTipoCarga(Veiculo_id, TipoCarga_id)
VALUES (35, 5);

INSERT INTO VeiculoTipoCarga(Veiculo_id, TipoCarga_id)
VALUES (35, 6);

INSERT INTO VeiculoTipoCarga(Veiculo_id, TipoCarga_id)
VALUES (35, 7);

INSERT INTO VeiculoTipoCarga(Veiculo_id, TipoCarga_id)
VALUES (36, 5);

INSERT INTO VeiculoTipoCarga(Veiculo_id, TipoCarga_id)
VALUES (36, 6);

INSERT INTO VeiculoTipoCarga(Veiculo_id, TipoCarga_id)
VALUES (37, 6);

INSERT INTO VeiculoTipoCarga(Veiculo_id, TipoCarga_id)
VALUES (37, 7);

INSERT INTO VeiculoTipoCarga(Veiculo_id, TipoCarga_id)
VALUES (37, 8);

INSERT INTO VeiculoTipoCarga(Veiculo_id, TipoCarga_id)
VALUES (38, 6);

INSERT INTO VeiculoTipoCarga(Veiculo_id, TipoCarga_id)
VALUES (38, 7);

INSERT INTO VeiculoTipoCarga(Veiculo_id, TipoCarga_id)
VALUES (39, 4);

INSERT INTO VeiculoTipoCarga(Veiculo_id, TipoCarga_id)
VALUES (39, 5);

INSERT INTO VeiculoTipoCarga(Veiculo_id, TipoCarga_id)
VALUES (39, 6);

INSERT INTO VeiculoTipoCarga(Veiculo_id, TipoCarga_id)
VALUES (40, 4);

INSERT INTO VeiculoTipoCarga(Veiculo_id, TipoCarga_id)
VALUES (41, 7);

INSERT INTO VeiculoTipoCarga(Veiculo_id, TipoCarga_id)
VALUES (41, 8);

INSERT INTO VeiculoTipoCarga(Veiculo_id, TipoCarga_id)
VALUES (41, 9);

INSERT INTO VeiculoTipoCarga(Veiculo_id, TipoCarga_id)
VALUES (42, 7);

INSERT INTO VeiculoTipoCarga(Veiculo_id, TipoCarga_id)
VALUES (43, 1);

INSERT INTO VeiculoTipoCarga(Veiculo_id, TipoCarga_id)
VALUES (43, 2);

INSERT INTO VeiculoTipoCarga(Veiculo_id, TipoCarga_id)
VALUES (44, 2);

INSERT INTO VeiculoTipoCarga(Veiculo_id, TipoCarga_id)
VALUES (44, 3);

INSERT INTO VeiculoTipoCarga(Veiculo_id, TipoCarga_id)
VALUES (44, 4);

INSERT INTO VeiculoTipoCarga(Veiculo_id, TipoCarga_id)
VALUES (45, 8);

INSERT INTO VeiculoTipoCarga(Veiculo_id, TipoCarga_id)
VALUES (45, 9);

INSERT INTO VeiculoTipoCarga(Veiculo_id, TipoCarga_id)
VALUES (45, 10);

INSERT INTO VeiculoTipoCarga(Veiculo_id, TipoCarga_id)
VALUES (46, 5);

INSERT INTO VeiculoTipoCarga(Veiculo_id, TipoCarga_id)
VALUES (46, 6);

INSERT INTO VeiculoTipoCarga(Veiculo_id, TipoCarga_id)
VALUES (46, 7);

INSERT INTO VeiculoTipoCarga(Veiculo_id, TipoCarga_id)
VALUES (47, 2);

INSERT INTO VeiculoTipoCarga(Veiculo_id, TipoCarga_id)
VALUES (47, 3);

INSERT INTO VeiculoTipoCarga(Veiculo_id, TipoCarga_id)
VALUES (48, 2);

INSERT INTO VeiculoTipoCarga(Veiculo_id, TipoCarga_id)
VALUES (48, 3);

INSERT INTO VeiculoTipoCarga(Veiculo_id, TipoCarga_id)
VALUES (49, 4);

INSERT INTO VeiculoTipoCarga(Veiculo_id, TipoCarga_id)
VALUES (49, 5);

INSERT INTO VeiculoTipoCarga(Veiculo_id, TipoCarga_id)
VALUES (50, 7);

INSERT INTO VeiculoTipoCarga(Veiculo_id, TipoCarga_id)
VALUES (51, 2);

INSERT INTO VeiculoTipoCarga(Veiculo_id, TipoCarga_id)
VALUES (52, 6);

INSERT INTO VeiculoTipoCarga(Veiculo_id, TipoCarga_id)
VALUES (53, 1);

INSERT INTO VeiculoTipoCarga(Veiculo_id, TipoCarga_id)
VALUES (53, 2);

INSERT INTO VeiculoTipoCarga(Veiculo_id, TipoCarga_id)
VALUES (53, 3);

INSERT INTO VeiculoTipoCarga(Veiculo_id, TipoCarga_id)
VALUES (54, 3);

INSERT INTO VeiculoTipoCarga(Veiculo_id, TipoCarga_id)
VALUES (55, 8);

INSERT INTO VeiculoTipoCarga(Veiculo_id, TipoCarga_id)
VALUES (55, 9);

INSERT INTO VeiculoTipoCarga(Veiculo_id, TipoCarga_id)
VALUES (56, 6);

INSERT INTO VeiculoTipoCarga(Veiculo_id, TipoCarga_id)
VALUES (56, 7);

INSERT INTO VeiculoTipoCarga(Veiculo_id, TipoCarga_id)
VALUES (57, 5);

INSERT INTO VeiculoTipoCarga(Veiculo_id, TipoCarga_id)
VALUES (57, 6);

INSERT INTO VeiculoTipoCarga(Veiculo_id, TipoCarga_id)
VALUES (57, 7);

INSERT INTO VeiculoTipoCarga(Veiculo_id, TipoCarga_id)
VALUES (58, 1);

INSERT INTO VeiculoTipoCarga(Veiculo_id, TipoCarga_id)
VALUES (59, 4);

INSERT INTO VeiculoTipoCarga(Veiculo_id, TipoCarga_id)
VALUES (59, 5);

INSERT INTO VeiculoTipoCarga(Veiculo_id, TipoCarga_id)
VALUES (60, 1);

INSERT INTO VeiculoTipoCarga(Veiculo_id, TipoCarga_id)
VALUES (60, 2);

INSERT INTO VeiculoTipoCarga(Veiculo_id, TipoCarga_id)
VALUES (60, 3);

INSERT INTO VeiculoTipoCarga(Veiculo_id, TipoCarga_id)
VALUES (61, 3);

INSERT INTO VeiculoTipoCarga(Veiculo_id, TipoCarga_id)
VALUES (61, 4);

INSERT INTO VeiculoTipoCarga(Veiculo_id, TipoCarga_id)
VALUES (62, 4);

INSERT INTO VeiculoTipoCarga(Veiculo_id, TipoCarga_id)
VALUES (63, 5);

INSERT INTO VeiculoTipoCarga(Veiculo_id, TipoCarga_id)
VALUES (64, 1);

INSERT INTO VeiculoTipoCarga(Veiculo_id, TipoCarga_id)
VALUES (64, 2);

INSERT INTO VeiculoTipoCarga(Veiculo_id, TipoCarga_id)
VALUES (64, 3);

INSERT INTO VeiculoTipoCarga(Veiculo_id, TipoCarga_id)
VALUES (65, 3);

INSERT INTO VeiculoTipoCarga(Veiculo_id, TipoCarga_id)
VALUES (65, 4);

INSERT INTO VeiculoTipoCarga(Veiculo_id, TipoCarga_id)
VALUES (65, 5);

INSERT INTO VeiculoTipoCarga(Veiculo_id, TipoCarga_id)
VALUES (66, 3);

INSERT INTO VeiculoTipoCarga(Veiculo_id, TipoCarga_id)
VALUES (66, 4);

INSERT INTO VeiculoTipoCarga(Veiculo_id, TipoCarga_id)
VALUES (67, 5);

INSERT INTO VeiculoTipoCarga(Veiculo_id, TipoCarga_id)
VALUES (68, 3);

INSERT INTO VeiculoTipoCarga(Veiculo_id, TipoCarga_id)
VALUES (68, 4);

INSERT INTO VeiculoTipoCarga(Veiculo_id, TipoCarga_id)
VALUES (69, 1);

INSERT INTO VeiculoTipoCarga(Veiculo_id, TipoCarga_id)
VALUES (69, 2);

INSERT INTO VeiculoTipoCarga(Veiculo_id, TipoCarga_id)
VALUES (70, 3);

INSERT INTO VeiculoTipoCarga(Veiculo_id, TipoCarga_id)
VALUES (70, 4);

INSERT INTO VeiculoTipoCarga(Veiculo_id, TipoCarga_id)
VALUES (71, 2);

INSERT INTO VeiculoTipoCarga(Veiculo_id, TipoCarga_id)
VALUES (71, 3);

INSERT INTO VeiculoTipoCarga(Veiculo_id, TipoCarga_id)
VALUES (72, 8);

INSERT INTO VeiculoTipoCarga(Veiculo_id, TipoCarga_id)
VALUES (72, 9);

INSERT INTO VeiculoTipoCarga(Veiculo_id, TipoCarga_id)
VALUES (73, 3);

INSERT INTO VeiculoTipoCarga(Veiculo_id, TipoCarga_id)
VALUES (73, 4);

INSERT INTO VeiculoTipoCarga(Veiculo_id, TipoCarga_id)
VALUES (74, 3);

INSERT INTO VeiculoTipoCarga(Veiculo_id, TipoCarga_id)
VALUES (75, 4);

INSERT INTO VeiculoTipoCarga(Veiculo_id, TipoCarga_id)
VALUES (75, 5);

INSERT INTO VeiculoTipoCarga(Veiculo_id, TipoCarga_id)
VALUES (75, 6);

INSERT INTO VeiculoTipoCarga(Veiculo_id, TipoCarga_id)
VALUES (76, 1);

INSERT INTO VeiculoTipoCarga(Veiculo_id, TipoCarga_id)
VALUES (76, 2);

INSERT INTO VeiculoTipoCarga(Veiculo_id, TipoCarga_id)
VALUES (77, 5);

INSERT INTO VeiculoTipoCarga(Veiculo_id, TipoCarga_id)
VALUES (77, 6);

INSERT INTO VeiculoTipoCarga(Veiculo_id, TipoCarga_id)
VALUES (77, 7);

INSERT INTO VeiculoTipoCarga(Veiculo_id, TipoCarga_id)
VALUES (78, 1);

INSERT INTO VeiculoTipoCarga(Veiculo_id, TipoCarga_id)
VALUES (79, 4);

INSERT INTO VeiculoTipoCarga(Veiculo_id, TipoCarga_id)
VALUES (79, 5);

INSERT INTO VeiculoTipoCarga(Veiculo_id, TipoCarga_id)
VALUES (79, 6);

INSERT INTO VeiculoTipoCarga(Veiculo_id, TipoCarga_id)
VALUES (80, 8);

INSERT INTO VeiculoTipoCarga(Veiculo_id, TipoCarga_id)
VALUES (80, 9);

INSERT INTO VeiculoTipoCarga(Veiculo_id, TipoCarga_id)
VALUES (81, 7);

INSERT INTO VeiculoTipoCarga(Veiculo_id, TipoCarga_id)
VALUES (81, 8);

INSERT INTO VeiculoTipoCarga(Veiculo_id, TipoCarga_id)
VALUES (81, 9);

INSERT INTO VeiculoTipoCarga(Veiculo_id, TipoCarga_id)
VALUES (82, 2);

INSERT INTO VeiculoTipoCarga(Veiculo_id, TipoCarga_id)
VALUES (83, 3);

INSERT INTO VeiculoTipoCarga(Veiculo_id, TipoCarga_id)
VALUES (83, 4);

INSERT INTO VeiculoTipoCarga(Veiculo_id, TipoCarga_id)
VALUES (83, 5);

INSERT INTO VeiculoTipoCarga(Veiculo_id, TipoCarga_id)
VALUES (84, 6);

INSERT INTO VeiculoTipoCarga(Veiculo_id, TipoCarga_id)
VALUES (85, 3);

INSERT INTO VeiculoTipoCarga(Veiculo_id, TipoCarga_id)
VALUES (85, 4);

INSERT INTO VeiculoTipoCarga(Veiculo_id, TipoCarga_id)
VALUES (86, 3);

INSERT INTO VeiculoTipoCarga(Veiculo_id, TipoCarga_id)
VALUES (87, 8);

INSERT INTO VeiculoTipoCarga(Veiculo_id, TipoCarga_id)
VALUES (88, 8);

INSERT INTO VeiculoTipoCarga(Veiculo_id, TipoCarga_id)
VALUES (89, 6);

INSERT INTO VeiculoTipoCarga(Veiculo_id, TipoCarga_id)
VALUES (89, 7);

INSERT INTO VeiculoTipoCarga(Veiculo_id, TipoCarga_id)
VALUES (89, 8);

INSERT INTO VeiculoTipoCarga(Veiculo_id, TipoCarga_id)
VALUES (90, 5);

INSERT INTO VeiculoTipoCarga(Veiculo_id, TipoCarga_id)
VALUES (90, 6);

INSERT INTO VeiculoTipoCarga(Veiculo_id, TipoCarga_id)
VALUES (90, 7);

INSERT INTO VeiculoTipoCarga(Veiculo_id, TipoCarga_id)
VALUES (91, 1);

INSERT INTO VeiculoTipoCarga(Veiculo_id, TipoCarga_id)
VALUES (91, 2);

INSERT INTO VeiculoTipoCarga(Veiculo_id, TipoCarga_id)
VALUES (92, 7);

INSERT INTO VeiculoTipoCarga(Veiculo_id, TipoCarga_id)
VALUES (92, 8);

INSERT INTO VeiculoTipoCarga(Veiculo_id, TipoCarga_id)
VALUES (92, 9);

INSERT INTO VeiculoTipoCarga(Veiculo_id, TipoCarga_id)
VALUES (93, 3);

INSERT INTO VeiculoTipoCarga(Veiculo_id, TipoCarga_id)
VALUES (93, 4);

INSERT INTO VeiculoTipoCarga(Veiculo_id, TipoCarga_id)
VALUES (94, 4);

INSERT INTO VeiculoTipoCarga(Veiculo_id, TipoCarga_id)
VALUES (94, 5);

INSERT INTO VeiculoTipoCarga(Veiculo_id, TipoCarga_id)
VALUES (95, 6);

INSERT INTO VeiculoTipoCarga(Veiculo_id, TipoCarga_id)
VALUES (95, 7);

INSERT INTO VeiculoTipoCarga(Veiculo_id, TipoCarga_id)
VALUES (95, 8);

INSERT INTO VeiculoTipoCarga(Veiculo_id, TipoCarga_id)
VALUES (96, 4);

INSERT INTO VeiculoTipoCarga(Veiculo_id, TipoCarga_id)
VALUES (96, 5);

INSERT INTO VeiculoTipoCarga(Veiculo_id, TipoCarga_id)
VALUES (96, 6);

INSERT INTO VeiculoTipoCarga(Veiculo_id, TipoCarga_id)
VALUES (97, 3);

INSERT INTO VeiculoTipoCarga(Veiculo_id, TipoCarga_id)
VALUES (97, 4);

INSERT INTO VeiculoTipoCarga(Veiculo_id, TipoCarga_id)
VALUES (97, 5);

INSERT INTO VeiculoTipoCarga(Veiculo_id, TipoCarga_id)
VALUES (98, 3);

INSERT INTO VeiculoTipoCarga(Veiculo_id, TipoCarga_id)
VALUES (98, 4);

INSERT INTO VeiculoTipoCarga(Veiculo_id, TipoCarga_id)
VALUES (98, 5);

INSERT INTO VeiculoTipoCarga(Veiculo_id, TipoCarga_id)
VALUES (99, 1);

INSERT INTO VeiculoTipoCarga(Veiculo_id, TipoCarga_id)
VALUES (99, 2);

INSERT INTO VeiculoTipoCarga(Veiculo_id, TipoCarga_id)
VALUES (99, 3);

INSERT INTO VeiculoTipoCarga(Veiculo_id, TipoCarga_id)
VALUES (100, 2);

INSERT INTO VeiculoTipoCarga(Veiculo_id, TipoCarga_id)
VALUES (100, 3);

-- Popula a tabela Endereco.

INSERT INTO Endereco(id, cep, estado, bairro, rua, numero)
VALUES (1, '41236-959', 'Maranhão', 'Citrus em Geral', 'Rua 60', '25');

INSERT INTO Endereco(id, cep, estado, bairro, rua, numero)
VALUES (2, '91240-138', 'Sergipe', 'Acerola', 'Rua 26', '86');

INSERT INTO Endereco(id, cep, estado, bairro, rua, numero)
VALUES (3, '81252-295', 'Mato Grosso do Sul', 'Guaraná', 'Rua 67', '31');

INSERT INTO Endereco(id, cep, estado, bairro, rua, numero)
VALUES (4, '21267-635', 'Maranhão', 'Laranja valência', 'Rua 69', '46');

INSERT INTO Endereco(id, cep, estado, bairro, rua, numero)
VALUES (5, '91271-107', 'Pará', 'Condessa', 'Rua 54', '10');

INSERT INTO Endereco(id, cep, estado, bairro, rua, numero)
VALUES (6, '31289-922', 'Alagoas', 'Frutas do Cerrado', 'Rua 38', '76');

INSERT INTO Endereco(id, cep, estado, bairro, rua, numero)
VALUES (7, '11291-701', 'Minas Gerais', 'Figo da índia vermelho', 'Rua 26', '70');

INSERT INTO Endereco(id, cep, estado, bairro, rua, numero)
VALUES (8, '11305-932', 'Rio de Janeiro', 'Romã', 'Rua 29', '23');

INSERT INTO Endereco(id, cep, estado, bairro, rua, numero)
VALUES (9, '41315-924', 'São Paulo', 'Cajá-manga', 'Rua 89', '97');

INSERT INTO Endereco(id, cep, estado, bairro, rua, numero)
VALUES (10, '61320-272', 'Pará', 'Mamão papaia', 'Rua 34', '57');

INSERT INTO Endereco(id, cep, estado, bairro, rua, numero)
VALUES (11, '41332-515', 'São Paulo', 'Grapefruit rosa', 'Rua 51', '56');

INSERT INTO Endereco(id, cep, estado, bairro, rua, numero)
VALUES (12, '41342-408', 'Minas Gerais', 'Jabuticaba branca', 'Rua 97', '93');

INSERT INTO Endereco(id, cep, estado, bairro, rua, numero)
VALUES (13, '61355-567', 'São Paulo', 'Kiwi', 'Rua 82', '92');

INSERT INTO Endereco(id, cep, estado, bairro, rua, numero)
VALUES (14, '81363-727', 'Alagoas', 'Cherimóia', 'Rua 35', '32');

INSERT INTO Endereco(id, cep, estado, bairro, rua, numero)
VALUES (15, '11375-633', 'Rio de Janeiro', 'Coco', 'Rua 41', '28');

INSERT INTO Endereco(id, cep, estado, bairro, rua, numero)
VALUES (16, '31388-028', 'Goiás', 'Caraguata', 'Rua 96', '91');

INSERT INTO Endereco(id, cep, estado, bairro, rua, numero)
VALUES (17, '91390-837', 'Pará', 'Tangerina', 'Rua 86', '67');

INSERT INTO Endereco(id, cep, estado, bairro, rua, numero)
VALUES (18, '11404-674', 'Acre', 'Amêndoa', 'Rua 11', '10');

INSERT INTO Endereco(id, cep, estado, bairro, rua, numero)
VALUES (19, '81419-470', 'Distrito Federal', 'Bilimbi', 'Rua 66', '85');

INSERT INTO Endereco(id, cep, estado, bairro, rua, numero)
VALUES (20, '61423-575', 'Amapá', 'Mangostão', 'Rua 36', '32');

INSERT INTO Endereco(id, cep, estado, bairro, rua, numero)
VALUES (21, '31434-045', 'Rio Grande do Norte', 'Santol', 'Rua 33', '56');

INSERT INTO Endereco(id, cep, estado, bairro, rua, numero)
VALUES (22, '91444-845', 'Piauí', 'Banana da terra', 'Rua 10', '83');

INSERT INTO Endereco(id, cep, estado, bairro, rua, numero)
VALUES (23, '61450-288', 'Rio de Janeiro', 'Akee', 'Rua 55', '11');

INSERT INTO Endereco(id, cep, estado, bairro, rua, numero)
VALUES (24, '71463-693', 'São Paulo', 'Muruci', 'Rua 87', '86');

INSERT INTO Endereco(id, cep, estado, bairro, rua, numero)
VALUES (25, '61479-091', 'Minas Gerais', 'Carissa', 'Rua 50', '26');

INSERT INTO Endereco(id, cep, estado, bairro, rua, numero)
VALUES (26, '31485-176', 'Maranhão', 'Jujuba', 'Rua 65', '26');

INSERT INTO Endereco(id, cep, estado, bairro, rua, numero)
VALUES (27, '31499-612', 'Alagoas', 'Graviola', 'Rua 19', '56');

INSERT INTO Endereco(id, cep, estado, bairro, rua, numero)
VALUES (28, '31505-756', 'Sergipe', 'Pêssego', 'Rua 20', '36');

INSERT INTO Endereco(id, cep, estado, bairro, rua, numero)
VALUES (29, '11515-621', 'Mato Grosso do Sul', 'Uva itália', 'Rua 22', '29');

INSERT INTO Endereco(id, cep, estado, bairro, rua, numero)
VALUES (30, '41523-552', 'Sergipe', 'Salak', 'Rua 16', '97');

INSERT INTO Endereco(id, cep, estado, bairro, rua, numero)
VALUES (31, '81538-402', 'Espírito Santo', 'Macadâmia', 'Rua 35', '61');

INSERT INTO Endereco(id, cep, estado, bairro, rua, numero)
VALUES (32, '01547-150', 'Piauí', 'Jabuticaba', 'Rua 38', '75');

INSERT INTO Endereco(id, cep, estado, bairro, rua, numero)
VALUES (33, '51550-286', 'Goiás', 'Jambo amarelo', 'Rua 56', '75');

INSERT INTO Endereco(id, cep, estado, bairro, rua, numero)
VALUES (34, '91567-103', 'Goiás', 'Banana Pacova', 'Rua 79', '91');

INSERT INTO Endereco(id, cep, estado, bairro, rua, numero)
VALUES (35, '71572-773', 'Distrito Federal', 'Laranja lima', 'Rua 12', '19');

INSERT INTO Endereco(id, cep, estado, bairro, rua, numero)
VALUES (36, '51588-801', 'Goiás', 'Coco babaçu', 'Rua 61', '60');

INSERT INTO Endereco(id, cep, estado, bairro, rua, numero)
VALUES (37, '91593-100', 'São Paulo', 'Maçaranduba', 'Rua 50', '89');

INSERT INTO Endereco(id, cep, estado, bairro, rua, numero)
VALUES (38, '81601-245', 'Distrito Federal', 'Guariroba', 'Rua 76', '79');

INSERT INTO Endereco(id, cep, estado, bairro, rua, numero)
VALUES (39, '01619-838', 'Rondônia', 'Maracujá', 'Rua 64', '81');

INSERT INTO Endereco(id, cep, estado, bairro, rua, numero)
VALUES (40, '71623-840', 'Rio de Janeiro', 'Banana Passa', 'Rua 33', '98');

INSERT INTO Endereco(id, cep, estado, bairro, rua, numero)
VALUES (41, '01632-401', 'Rondônia', 'Abacaxi', 'Rua 37', '46');

INSERT INTO Endereco(id, cep, estado, bairro, rua, numero)
VALUES (42, '21645-865', 'Rio de Janeiro', 'Cupuaçu', 'Rua 51', '70');

INSERT INTO Endereco(id, cep, estado, bairro, rua, numero)
VALUES (43, '61654-111', 'Santa Catarina', 'Marula', 'Rua 14', '76');

INSERT INTO Endereco(id, cep, estado, bairro, rua, numero)
VALUES (44, '21667-490', 'Rio de Janeiro', 'Maçã', 'Rua 93', '41');

INSERT INTO Endereco(id, cep, estado, bairro, rua, numero)
VALUES (45, '11678-403', 'Distrito Federal', 'Goiaba', 'Rua 31', '36');

INSERT INTO Endereco(id, cep, estado, bairro, rua, numero)
VALUES (46, '51680-565', 'Acre', 'Dovyalis', 'Rua 76', '32');

INSERT INTO Endereco(id, cep, estado, bairro, rua, numero)
VALUES (47, '51694-424', 'Bahia', 'Cacau', 'Rua 17', '21');

INSERT INTO Endereco(id, cep, estado, bairro, rua, numero)
VALUES (48, '41701-424', 'Minas Gerais', 'Durião', 'Rua 18', '70');

INSERT INTO Endereco(id, cep, estado, bairro, rua, numero)
VALUES (49, '61711-383', 'Minas Gerais', 'Pequi', 'Rua 47', '72');

INSERT INTO Endereco(id, cep, estado, bairro, rua, numero)
VALUES (50, '51726-188', 'Espírito Santo', 'Banana Maçã', 'Rua 66', '92');

INSERT INTO Endereco(id, cep, estado, bairro, rua, numero)
VALUES (51, '01739-508', 'Ceará', 'Jambo branco', 'Rua 70', '92');

INSERT INTO Endereco(id, cep, estado, bairro, rua, numero)
VALUES (52, '01745-075', 'Tocantins', 'Butiá', 'Rua 30', '63');

INSERT INTO Endereco(id, cep, estado, bairro, rua, numero)
VALUES (53, '91752-643', 'Ceará', 'Tamarilu', 'Rua 20', '84');

INSERT INTO Endereco(id, cep, estado, bairro, rua, numero)
VALUES (54, '81768-114', 'Roraima', 'Mandacarú', 'Rua 32', '27');

INSERT INTO Endereco(id, cep, estado, bairro, rua, numero)
VALUES (55, '61777-593', 'Bahia', 'Fruta-pão', 'Rua 68', '81');

INSERT INTO Endereco(id, cep, estado, bairro, rua, numero)
VALUES (56, '21782-608', 'Acre', 'Mamoncillo', 'Rua 41', '67');

INSERT INTO Endereco(id, cep, estado, bairro, rua, numero)
VALUES (57, '81791-584', 'Paraíba', 'Ciriguela', 'Rua 19', '29');

INSERT INTO Endereco(id, cep, estado, bairro, rua, numero)
VALUES (58, '11807-230', 'Piauí', 'Lichia', 'Rua 21', '20');

INSERT INTO Endereco(id, cep, estado, bairro, rua, numero)
VALUES (59, '81812-868', 'Santa Catarina', 'Camu-camu', 'Rua 62', '58');

INSERT INTO Endereco(id, cep, estado, bairro, rua, numero)
VALUES (60, '41822-460', 'Mato Grosso do Sul', 'Melão', 'Rua 56', '74');

INSERT INTO Endereco(id, cep, estado, bairro, rua, numero)
VALUES (61, '31839-030', 'Santa Catarina', 'Lucuma', 'Rua 15', '47');

INSERT INTO Endereco(id, cep, estado, bairro, rua, numero)
VALUES (62, '71847-903', 'Pernambuco', 'Ilama', 'Rua 38', '83');

INSERT INTO Endereco(id, cep, estado, bairro, rua, numero)
VALUES (63, '41859-691', 'Maranhão', 'Manga bourbon', 'Rua 31', '65');

INSERT INTO Endereco(id, cep, estado, bairro, rua, numero)
VALUES (64, '41863-801', 'Espírito Santo', 'Umari', 'Rua 92', '58');

INSERT INTO Endereco(id, cep, estado, bairro, rua, numero)
VALUES (65, '21873-375', 'Alagoas', 'Uvaia', 'Rua 57', '18');

INSERT INTO Endereco(id, cep, estado, bairro, rua, numero)
VALUES (66, '01886-372', 'Pará', 'Melancia branca', 'Rua 23', '62');

INSERT INTO Endereco(id, cep, estado, bairro, rua, numero)
VALUES (67, '51897-582', 'Rio Grande do Norte', 'Jerivá ou Jeribá', 'Rua 10', '16');

INSERT INTO Endereco(id, cep, estado, bairro, rua, numero)
VALUES (68, '31902-406', 'Ceará', 'Pêra', 'Rua 47', '68');

INSERT INTO Endereco(id, cep, estado, bairro, rua, numero)
VALUES (69, '91919-703', 'Rondônia', 'Ameixa', 'Rua 77', '39');

INSERT INTO Endereco(id, cep, estado, bairro, rua, numero)
VALUES (70, '71924-693', 'Rio Grande do Sul', 'Maçã argentina', 'Rua 42', '55');

INSERT INTO Endereco(id, cep, estado, bairro, rua, numero)
VALUES (71, '31935-408', 'Acre', 'Cidra', 'Rua 27', '63');

INSERT INTO Endereco(id, cep, estado, bairro, rua, numero)
VALUES (72, '81947-491', 'Pará', 'Jambo rosa', 'Rua 76', '81');

INSERT INTO Endereco(id, cep, estado, bairro, rua, numero)
VALUES (73, '11952-881', 'São Paulo', 'Uva japonesa', 'Rua 77', '18');

INSERT INTO Endereco(id, cep, estado, bairro, rua, numero)
VALUES (74, '51964-793', 'Rio de Janeiro', 'Cabeludinha', 'Rua 75', '81');

INSERT INTO Endereco(id, cep, estado, bairro, rua, numero)
VALUES (75, '21977-752', 'Roraima', 'Langsat', 'Rua 85', '53');

INSERT INTO Endereco(id, cep, estado, bairro, rua, numero)
VALUES (76, '81985-344', 'Goiás', 'Licuri', 'Rua 26', '20');

INSERT INTO Endereco(id, cep, estado, bairro, rua, numero)
VALUES (77, '81995-247', 'Pará', 'Cereja fresca', 'Rua 10', '11');

INSERT INTO Endereco(id, cep, estado, bairro, rua, numero)
VALUES (78, '92004-477', 'Espírito Santo', 'Feijoa', 'Rua 83', '41');

INSERT INTO Endereco(id, cep, estado, bairro, rua, numero)
VALUES (79, '22012-993', 'Tocantins', 'Manga haden', 'Rua 95', '16');

INSERT INTO Endereco(id, cep, estado, bairro, rua, numero)
VALUES (80, '32023-817', 'Pará', 'Coco fresco', 'Rua 36', '14');

INSERT INTO Endereco(id, cep, estado, bairro, rua, numero)
VALUES (81, '12038-646', 'Amapá', 'Cherimoya', 'Rua 24', '49');

INSERT INTO Endereco(id, cep, estado, bairro, rua, numero)
VALUES (82, '42046-155', 'Pernambuco', 'Tamarindo', 'Rua 46', '79');

INSERT INTO Endereco(id, cep, estado, bairro, rua, numero)
VALUES (83, '72052-530', 'Rio de Janeiro', 'Guajirú', 'Rua 55', '91');

INSERT INTO Endereco(id, cep, estado, bairro, rua, numero)
VALUES (84, '52060-885', 'Paraná', 'Tarumã', 'Rua 41', '94');

INSERT INTO Endereco(id, cep, estado, bairro, rua, numero)
VALUES (85, '22077-380', 'Rio de Janeiro', 'Pinha', 'Rua 85', '79');

INSERT INTO Endereco(id, cep, estado, bairro, rua, numero)
VALUES (86, '32087-378', 'Paraíba', 'Mamey', 'Rua 31', '31');

INSERT INTO Endereco(id, cep, estado, bairro, rua, numero)
VALUES (87, '62096-977', 'Distrito Federal', 'Melancia', 'Rua 65', '94');

INSERT INTO Endereco(id, cep, estado, bairro, rua, numero)
VALUES (88, '92105-156', 'Espírito Santo', 'Pitanga', 'Rua 36', '56');

INSERT INTO Endereco(id, cep, estado, bairro, rua, numero)
VALUES (89, '72116-508', 'Goiás', 'Limão galego', 'Rua 98', '76');

INSERT INTO Endereco(id, cep, estado, bairro, rua, numero)
VALUES (90, '62123-309', 'Acre', 'Bacaba', 'Rua 48', '92');

INSERT INTO Endereco(id, cep, estado, bairro, rua, numero)
VALUES (91, '12133-239', 'Pará', 'Limão tahiti', 'Rua 80', '40');

INSERT INTO Endereco(id, cep, estado, bairro, rua, numero)
VALUES (92, '92148-175', 'Santa Catarina', 'Uva niagara', 'Rua 89', '65');

INSERT INTO Endereco(id, cep, estado, bairro, rua, numero)
VALUES (93, '12151-758', 'Rondônia', 'Cutite', 'Rua 84', '52');

INSERT INTO Endereco(id, cep, estado, bairro, rua, numero)
VALUES (94, '62162-762', 'Santa Catarina', 'Avocadoe', 'Rua 77', '65');

INSERT INTO Endereco(id, cep, estado, bairro, rua, numero)
VALUES (95, '72177-361', 'Pernambuco', 'Ingá', 'Rua 63', '94');

INSERT INTO Endereco(id, cep, estado, bairro, rua, numero)
VALUES (96, '12184-353', 'Sergipe', 'Framboesa', 'Rua 97', '70');

INSERT INTO Endereco(id, cep, estado, bairro, rua, numero)
VALUES (97, '12192-985', 'Acre', 'Laranja pêra', 'Rua 58', '21');

INSERT INTO Endereco(id, cep, estado, bairro, rua, numero)
VALUES (98, '52200-412', 'Piauí', 'Murici', 'Rua 59', '14');

INSERT INTO Endereco(id, cep, estado, bairro, rua, numero)
VALUES (99, '52219-362', 'Rio Grande do Sul', 'Calabura', 'Rua 72', '23');

INSERT INTO Endereco(id, cep, estado, bairro, rua, numero)
VALUES (100, '92226-486', 'Rio Grande do Norte', 'Nêspera', 'Rua 19', '28');

INSERT INTO Endereco(id, cep, estado, bairro, rua, numero)
VALUES (101, '52232-459', 'Santa Catarina', 'Umê', 'Rua 49', '74');

INSERT INTO Endereco(id, cep, estado, bairro, rua, numero)
VALUES (102, '72249-431', 'Sergipe', 'Tomate Arbóreo', 'Rua 73', '25');

INSERT INTO Endereco(id, cep, estado, bairro, rua, numero)
VALUES (103, '52256-450', 'Piauí', 'Carambola', 'Rua 50', '48');

INSERT INTO Endereco(id, cep, estado, bairro, rua, numero)
VALUES (104, '12264-601', 'Goiás', 'Morango', 'Rua 23', '59');

INSERT INTO Endereco(id, cep, estado, bairro, rua, numero)
VALUES (105, '72278-246', 'Mato Grosso', 'Banana Nanica', 'Rua 80', '45');

INSERT INTO Endereco(id, cep, estado, bairro, rua, numero)
VALUES (106, '42280-373', 'Bahia', 'Caimito branco', 'Rua 46', '36');

INSERT INTO Endereco(id, cep, estado, bairro, rua, numero)
VALUES (107, '52291-989', 'Alagoas', 'Jamelão', 'Rua 49', '94');

INSERT INTO Endereco(id, cep, estado, bairro, rua, numero)
VALUES (108, '42300-717', 'Ceará', 'Calamondin', 'Rua 91', '42');

INSERT INTO Endereco(id, cep, estado, bairro, rua, numero)
VALUES (109, '52316-027', 'Maranhão', 'Figo da índia amarelo', 'Rua 32', '63');

INSERT INTO Endereco(id, cep, estado, bairro, rua, numero)
VALUES (110, '92326-482', 'Piauí', 'Achachairu', 'Rua 98', '29');

INSERT INTO Endereco(id, cep, estado, bairro, rua, numero)
VALUES (111, '52336-533', 'Rio Grande do Sul', 'Abiu', 'Rua 99', '28');

INSERT INTO Endereco(id, cep, estado, bairro, rua, numero)
VALUES (112, '22344-928', 'Mato Grosso', 'Uxi', 'Rua 67', '28');

INSERT INTO Endereco(id, cep, estado, bairro, rua, numero)
VALUES (113, '82358-573', 'Rondônia', 'Café', 'Rua 40', '54');

INSERT INTO Endereco(id, cep, estado, bairro, rua, numero)
VALUES (114, '12361-566', 'Alagoas', 'Melancia amarela', 'Rua 65', '37');

INSERT INTO Endereco(id, cep, estado, bairro, rua, numero)
VALUES (115, '62378-085', 'Tocantins', 'Cajá vermelho', 'Rua 74', '43');

INSERT INTO Endereco(id, cep, estado, bairro, rua, numero)
VALUES (116, '62388-927', 'Bahia', 'Uva', 'Rua 80', '86');

INSERT INTO Endereco(id, cep, estado, bairro, rua, numero)
VALUES (117, '12395-693', 'Paraná', 'Goiaba branca', 'Rua 32', '12');

INSERT INTO Endereco(id, cep, estado, bairro, rua, numero)
VALUES (118, '02402-459', 'Mato Grosso do Sul', 'Limão siciliano', 'Rua 88', '90');

INSERT INTO Endereco(id, cep, estado, bairro, rua, numero)
VALUES (119, '92416-412', 'Pernambuco', 'Cambucá', 'Rua 35', '48');

INSERT INTO Endereco(id, cep, estado, bairro, rua, numero)
VALUES (120, '22422-105', 'Alagoas', 'Murcote', 'Rua 94', '49');

INSERT INTO Endereco(id, cep, estado, bairro, rua, numero)
VALUES (121, '92431-495', 'Paraíba', 'Taiúva', 'Rua 92', '58');

INSERT INTO Endereco(id, cep, estado, bairro, rua, numero)
VALUES (122, '92442-255', 'Mato Grosso', 'Uva branca', 'Rua 48', '89');

INSERT INTO Endereco(id, cep, estado, bairro, rua, numero)
VALUES (123, '82453-992', 'Rio Grande do Norte', 'Tucumã', 'Rua 66', '54');

INSERT INTO Endereco(id, cep, estado, bairro, rua, numero)
VALUES (124, '72462-793', 'Alagoas', 'Taperebá', 'Rua 80', '70');

INSERT INTO Endereco(id, cep, estado, bairro, rua, numero)
VALUES (125, '62479-696', 'Rio Grande do Sul', 'Champedaque', 'Rua 82', '89');

INSERT INTO Endereco(id, cep, estado, bairro, rua, numero)
VALUES (126, '32487-217', 'Amazonas', 'Açaí', 'Rua 52', '97');

INSERT INTO Endereco(id, cep, estado, bairro, rua, numero)
VALUES (127, '02499-320', 'Rio de Janeiro', 'Cagaita', 'Rua 25', '43');

INSERT INTO Endereco(id, cep, estado, bairro, rua, numero)
VALUES (128, '62500-421', 'São Paulo', 'Umbu', 'Rua 90', '91');

INSERT INTO Endereco(id, cep, estado, bairro, rua, numero)
VALUES (129, '72512-809', 'Alagoas', 'Cardo branco', 'Rua 48', '47');

INSERT INTO Endereco(id, cep, estado, bairro, rua, numero)
VALUES (130, '72522-990', 'Pernambuco', 'Guabiroba', 'Rua 86', '20');

INSERT INTO Endereco(id, cep, estado, bairro, rua, numero)
VALUES (131, '92539-728', 'Roraima', 'Cereja', 'Rua 91', '75');

INSERT INTO Endereco(id, cep, estado, bairro, rua, numero)
VALUES (132, '82541-045', 'Santa Catarina', 'Granadilla', 'Rua 74', '87');

INSERT INTO Endereco(id, cep, estado, bairro, rua, numero)
VALUES (133, '12555-015', 'Minas Gerais', 'Caqui paulista', 'Rua 29', '93');

INSERT INTO Endereco(id, cep, estado, bairro, rua, numero)
VALUES (134, '32563-937', 'Rio Grande do Sul', 'Jurubeba', 'Rua 20', '84');

INSERT INTO Endereco(id, cep, estado, bairro, rua, numero)
VALUES (135, '22570-703', 'Espírito Santo', 'Limão', 'Rua 94', '40');

INSERT INTO Endereco(id, cep, estado, bairro, rua, numero)
VALUES (136, '12583-122', 'Amazonas', 'Toranja', 'Rua 60', '86');

INSERT INTO Endereco(id, cep, estado, bairro, rua, numero)
VALUES (137, '92594-531', 'Sergipe', 'Sapucaia', 'Rua 74', '19');

INSERT INTO Endereco(id, cep, estado, bairro, rua, numero)
VALUES (138, '02608-768', 'Mato Grosso do Sul', 'Mangaba', 'Rua 40', '54');

INSERT INTO Endereco(id, cep, estado, bairro, rua, numero)
VALUES (139, '62616-814', 'Rio Grande do Norte', 'Figo', 'Rua 36', '77');

INSERT INTO Endereco(id, cep, estado, bairro, rua, numero)
VALUES (140, '22620-064', 'Rondônia', 'Goiaba vermelha', 'Rua 68', '60');

INSERT INTO Endereco(id, cep, estado, bairro, rua, numero)
VALUES (141, '92632-330', 'Rio Grande do Sul', 'Jatobá', 'Rua 94', '70');

INSERT INTO Endereco(id, cep, estado, bairro, rua, numero)
VALUES (142, '22640-459', 'Rondônia', 'Mangostin', 'Rua 31', '22');

INSERT INTO Endereco(id, cep, estado, bairro, rua, numero)
VALUES (143, '32655-253', 'Alagoas', 'Grumixama', 'Rua 22', '50');

INSERT INTO Endereco(id, cep, estado, bairro, rua, numero)
VALUES (144, '92667-742', 'Rondônia', 'Banana dágua', 'Rua 55', '40');

INSERT INTO Endereco(id, cep, estado, bairro, rua, numero)
VALUES (145, '72675-943', 'Santa Catarina', 'Araçá', 'Rua 32', '80');

INSERT INTO Endereco(id, cep, estado, bairro, rua, numero)
VALUES (146, '32683-794', 'Espírito Santo', 'Pinhão', 'Rua 49', '84');

INSERT INTO Endereco(id, cep, estado, bairro, rua, numero)
VALUES (147, '62695-988', 'Pernambuco', 'Blueberry', 'Rua 67', '22');

INSERT INTO Endereco(id, cep, estado, bairro, rua, numero)
VALUES (148, '32700-445', 'Pernambuco', 'Dendê', 'Rua 21', '56');

INSERT INTO Endereco(id, cep, estado, bairro, rua, numero)
VALUES (149, '52712-788', 'Mato Grosso', 'Jaca', 'Rua 84', '74');

INSERT INTO Endereco(id, cep, estado, bairro, rua, numero)
VALUES (150, '12726-072', 'Amazonas', 'Caqui japonês', 'Rua 35', '56');

INSERT INTO Endereco(id, cep, estado, bairro, rua, numero)
VALUES (151, '12730-305', 'Espírito Santo', 'Tangerina Poncâ', 'Rua 45', '48');

INSERT INTO Endereco(id, cep, estado, bairro, rua, numero)
VALUES (152, '82740-567', 'Rio de Janeiro', 'Castanhas Variadas', 'Rua 94', '52');

INSERT INTO Endereco(id, cep, estado, bairro, rua, numero)
VALUES (153, '02757-866', 'Espírito Santo', 'Kinkan', 'Rua 76', '51');

INSERT INTO Endereco(id, cep, estado, bairro, rua, numero)
VALUES (154, '42766-772', 'Goiás', 'Caju', 'Rua 80', '77');

INSERT INTO Endereco(id, cep, estado, bairro, rua, numero)
VALUES (155, '22775-757', 'Amapá', 'Babaco', 'Rua 86', '98');

INSERT INTO Endereco(id, cep, estado, bairro, rua, numero)
VALUES (156, '02788-846', 'Mato Grosso', 'Mamão formosa', 'Rua 25', '41');

INSERT INTO Endereco(id, cep, estado, bairro, rua, numero)
VALUES (157, '12797-307', 'Alagoas', 'Anonáceas', 'Rua 42', '24');

INSERT INTO Endereco(id, cep, estado, bairro, rua, numero)
VALUES (158, '12800-275', 'Bahia', 'Maná - Cubiu', 'Rua 94', '73');

INSERT INTO Endereco(id, cep, estado, bairro, rua, numero)
VALUES (159, '02819-241', 'Acre', 'Wampi', 'Rua 42', '21');

INSERT INTO Endereco(id, cep, estado, bairro, rua, numero)
VALUES (160, '12824-085', 'Maranhão', 'Avelã', 'Rua 98', '34');

INSERT INTO Endereco(id, cep, estado, bairro, rua, numero)
VALUES (161, '22837-273', 'Paraíba', 'Jujuba chinesa', 'Rua 37', '50');

INSERT INTO Endereco(id, cep, estado, bairro, rua, numero)
VALUES (162, '52846-385', 'Sergipe', 'Physalis', 'Rua 99', '85');

INSERT INTO Endereco(id, cep, estado, bairro, rua, numero)
VALUES (163, '42852-765', 'Santa Catarina', 'Jaracatiá', 'Rua 45', '32');

INSERT INTO Endereco(id, cep, estado, bairro, rua, numero)
VALUES (164, '92861-049', 'Pernambuco', 'Pêra Williams', 'Rua 17', '64');

INSERT INTO Endereco(id, cep, estado, bairro, rua, numero)
VALUES (165, '32873-176', 'Pernambuco', 'Uva rubi', 'Rua 35', '22');

INSERT INTO Endereco(id, cep, estado, bairro, rua, numero)
VALUES (166, '42883-501', 'Pará', 'Veludo', 'Rua 94', '94');

INSERT INTO Endereco(id, cep, estado, bairro, rua, numero)
VALUES (167, '52898-927', 'Paraíba', 'Framboesa fresca', 'Rua 58', '20');

INSERT INTO Endereco(id, cep, estado, bairro, rua, numero)
VALUES (168, '72905-933', 'Paraná', 'Tâmara', 'Rua 76', '12');

INSERT INTO Endereco(id, cep, estado, bairro, rua, numero)
VALUES (169, '92916-131', 'Piauí', 'Limas Ácidas e Doces', 'Rua 62', '85');

INSERT INTO Endereco(id, cep, estado, bairro, rua, numero)
VALUES (170, '82921-072', 'Piauí', 'Pitaya', 'Rua 10', '30');

INSERT INTO Endereco(id, cep, estado, bairro, rua, numero)
VALUES (171, '72939-640', 'Tocantins', 'Baru', 'Rua 52', '36');

INSERT INTO Endereco(id, cep, estado, bairro, rua, numero)
VALUES (172, '92947-904', 'Minas Gerais', 'Caimito', 'Rua 90', '85');

INSERT INTO Endereco(id, cep, estado, bairro, rua, numero)
VALUES (173, '12959-116', 'Maranhão', 'Uva passa', 'Rua 42', '30');

INSERT INTO Endereco(id, cep, estado, bairro, rua, numero)
VALUES (174, '92961-127', 'São Paulo', 'Jatobáá', 'Rua 77', '78');

INSERT INTO Endereco(id, cep, estado, bairro, rua, numero)
VALUES (175, '22979-189', 'Piauí', 'Piquiá', 'Rua 25', '54');

INSERT INTO Endereco(id, cep, estado, bairro, rua, numero)
VALUES (176, '22987-660', 'Goiás', 'Banana figo', 'Rua 46', '21');

INSERT INTO Endereco(id, cep, estado, bairro, rua, numero)
VALUES (177, '12992-483', 'Bahia', 'Jenipapo', 'Rua 28', '74');

INSERT INTO Endereco(id, cep, estado, bairro, rua, numero)
VALUES (178, '03001-142', 'Rio Grande do Norte', 'Abacate', 'Rua 39', '79');

INSERT INTO Endereco(id, cep, estado, bairro, rua, numero)
VALUES (179, '93011-705', 'Amazonas', 'Atemóia', 'Rua 30', '53');

INSERT INTO Endereco(id, cep, estado, bairro, rua, numero)
VALUES (180, '13025-125', 'Distrito Federal', 'Pitomba', 'Rua 81', '13');

INSERT INTO Endereco(id, cep, estado, bairro, rua, numero)
VALUES (181, '53038-094', 'Tocantins', 'Biriba', 'Rua 14', '54');

INSERT INTO Endereco(id, cep, estado, bairro, rua, numero)
VALUES (182, '63049-912', 'Sergipe', 'Pêra Park', 'Rua 83', '50');

INSERT INTO Endereco(id, cep, estado, bairro, rua, numero)
VALUES (183, '33059-825', 'Rio Grande do Sul', 'Amora silvestre', 'Rua 24', '39');

INSERT INTO Endereco(id, cep, estado, bairro, rua, numero)
VALUES (184, '73068-106', 'Minas Gerais', 'Banana prata', 'Rua 31', '23');

INSERT INTO Endereco(id, cep, estado, bairro, rua, numero)
VALUES (185, '23076-707', 'Rio de Janeiro', 'Groselha vermelha', 'Rua 80', '97');

INSERT INTO Endereco(id, cep, estado, bairro, rua, numero)
VALUES (186, '03088-889', 'Rio Grande do Sul', 'Sapota', 'Rua 84', '79');

INSERT INTO Endereco(id, cep, estado, bairro, rua, numero)
VALUES (187, '73094-247', 'Paraíba', 'Buriti', 'Rua 35', '55');

INSERT INTO Endereco(id, cep, estado, bairro, rua, numero)
VALUES (188, '33100-325', 'Paraíba', 'Longan', 'Rua 45', '81');

INSERT INTO Endereco(id, cep, estado, bairro, rua, numero)
VALUES (189, '33111-196', 'Minas Gerais', 'Caqui chocolate', 'Rua 84', '76');

INSERT INTO Endereco(id, cep, estado, bairro, rua, numero)
VALUES (190, '83126-112', 'Maranhão', 'Sapoti', 'Rua 84', '37');

INSERT INTO Endereco(id, cep, estado, bairro, rua, numero)
VALUES (191, '53133-412', 'Bahia', 'Camapu', 'Rua 62', '38');

INSERT INTO Endereco(id, cep, estado, bairro, rua, numero)
VALUES (192, '63148-219', 'Alagoas', 'Damasco', 'Rua 37', '77');

INSERT INTO Endereco(id, cep, estado, bairro, rua, numero)
VALUES (193, '13159-750', 'Bahia', 'Marmelo', 'Rua 38', '38');

INSERT INTO Endereco(id, cep, estado, bairro, rua, numero)
VALUES (194, '63160-888', 'Piauí', 'Groselha', 'Rua 26', '47');

INSERT INTO Endereco(id, cep, estado, bairro, rua, numero)
VALUES (195, '93177-245', 'Espírito Santo', 'Mabolo', 'Rua 30', '10');

INSERT INTO Endereco(id, cep, estado, bairro, rua, numero)
VALUES (196, '13184-854', 'Distrito Federal', 'Bacupari', 'Rua 76', '23');

INSERT INTO Endereco(id, cep, estado, bairro, rua, numero)
VALUES (197, '93196-490', 'Piauí', 'Manga', 'Rua 49', '86');

INSERT INTO Endereco(id, cep, estado, bairro, rua, numero)
VALUES (198, '53204-241', 'Ceará', 'Juá', 'Rua 11', '14');

INSERT INTO Endereco(id, cep, estado, bairro, rua, numero)
VALUES (199, '13218-929', 'Rondônia', 'Fruta - Pão', 'Rua 31', '32');

INSERT INTO Endereco(id, cep, estado, bairro, rua, numero)
VALUES (200, '73221-821', 'Amazonas', 'Cambuci', 'Rua 22', '63');

-- Popula a tabela Contato.

INSERT INTO Contato(id, Endereco_id) VALUES (1, 1);
INSERT INTO Contato(id, Endereco_id) VALUES (2, 2);
INSERT INTO Contato(id, Endereco_id) VALUES (3, 3);
INSERT INTO Contato(id, Endereco_id) VALUES (4, 4);
INSERT INTO Contato(id, Endereco_id) VALUES (5, 5);
INSERT INTO Contato(id, Endereco_id) VALUES (6, 6);
INSERT INTO Contato(id, Endereco_id) VALUES (7, 7);
INSERT INTO Contato(id, Endereco_id) VALUES (8, 8);
INSERT INTO Contato(id, Endereco_id) VALUES (9, 9);
INSERT INTO Contato(id, Endereco_id) VALUES (10, 10);
INSERT INTO Contato(id, Endereco_id) VALUES (11, 11);
INSERT INTO Contato(id, Endereco_id) VALUES (12, 12);
INSERT INTO Contato(id, Endereco_id) VALUES (13, 13);
INSERT INTO Contato(id, Endereco_id) VALUES (14, 14);
INSERT INTO Contato(id, Endereco_id) VALUES (15, 15);
INSERT INTO Contato(id, Endereco_id) VALUES (16, 16);
INSERT INTO Contato(id, Endereco_id) VALUES (17, 17);
INSERT INTO Contato(id, Endereco_id) VALUES (18, 18);
INSERT INTO Contato(id, Endereco_id) VALUES (19, 19);
INSERT INTO Contato(id, Endereco_id) VALUES (20, 20);
INSERT INTO Contato(id, Endereco_id) VALUES (21, 21);
INSERT INTO Contato(id, Endereco_id) VALUES (22, 22);
INSERT INTO Contato(id, Endereco_id) VALUES (23, 23);
INSERT INTO Contato(id, Endereco_id) VALUES (24, 24);
INSERT INTO Contato(id, Endereco_id) VALUES (25, 25);
INSERT INTO Contato(id, Endereco_id) VALUES (26, 26);
INSERT INTO Contato(id, Endereco_id) VALUES (27, 27);
INSERT INTO Contato(id, Endereco_id) VALUES (28, 28);
INSERT INTO Contato(id, Endereco_id) VALUES (29, 29);
INSERT INTO Contato(id, Endereco_id) VALUES (30, 30);
INSERT INTO Contato(id, Endereco_id) VALUES (31, 31);
INSERT INTO Contato(id, Endereco_id) VALUES (32, 32);
INSERT INTO Contato(id, Endereco_id) VALUES (33, 33);
INSERT INTO Contato(id, Endereco_id) VALUES (34, 34);
INSERT INTO Contato(id, Endereco_id) VALUES (35, 35);
INSERT INTO Contato(id, Endereco_id) VALUES (36, 36);
INSERT INTO Contato(id, Endereco_id) VALUES (37, 37);
INSERT INTO Contato(id, Endereco_id) VALUES (38, 38);
INSERT INTO Contato(id, Endereco_id) VALUES (39, 39);
INSERT INTO Contato(id, Endereco_id) VALUES (40, 40);
INSERT INTO Contato(id, Endereco_id) VALUES (41, 41);
INSERT INTO Contato(id, Endereco_id) VALUES (42, 42);
INSERT INTO Contato(id, Endereco_id) VALUES (43, 43);
INSERT INTO Contato(id, Endereco_id) VALUES (44, 44);
INSERT INTO Contato(id, Endereco_id) VALUES (45, 45);
INSERT INTO Contato(id, Endereco_id) VALUES (46, 46);
INSERT INTO Contato(id, Endereco_id) VALUES (47, 47);
INSERT INTO Contato(id, Endereco_id) VALUES (48, 48);
INSERT INTO Contato(id, Endereco_id) VALUES (49, 49);
INSERT INTO Contato(id, Endereco_id) VALUES (50, 50);
INSERT INTO Contato(id, Endereco_id) VALUES (51, 51);
INSERT INTO Contato(id, Endereco_id) VALUES (52, 52);
INSERT INTO Contato(id, Endereco_id) VALUES (53, 53);
INSERT INTO Contato(id, Endereco_id) VALUES (54, 54);
INSERT INTO Contato(id, Endereco_id) VALUES (55, 55);
INSERT INTO Contato(id, Endereco_id) VALUES (56, 56);
INSERT INTO Contato(id, Endereco_id) VALUES (57, 57);
INSERT INTO Contato(id, Endereco_id) VALUES (58, 58);
INSERT INTO Contato(id, Endereco_id) VALUES (59, 59);
INSERT INTO Contato(id, Endereco_id) VALUES (60, 60);
INSERT INTO Contato(id, Endereco_id) VALUES (61, 61);
INSERT INTO Contato(id, Endereco_id) VALUES (62, 62);
INSERT INTO Contato(id, Endereco_id) VALUES (63, 63);
INSERT INTO Contato(id, Endereco_id) VALUES (64, 64);
INSERT INTO Contato(id, Endereco_id) VALUES (65, 65);
INSERT INTO Contato(id, Endereco_id) VALUES (66, 66);
INSERT INTO Contato(id, Endereco_id) VALUES (67, 67);
INSERT INTO Contato(id, Endereco_id) VALUES (68, 68);
INSERT INTO Contato(id, Endereco_id) VALUES (69, 69);
INSERT INTO Contato(id, Endereco_id) VALUES (70, 70);
INSERT INTO Contato(id, Endereco_id) VALUES (71, 71);
INSERT INTO Contato(id, Endereco_id) VALUES (72, 72);
INSERT INTO Contato(id, Endereco_id) VALUES (73, 73);
INSERT INTO Contato(id, Endereco_id) VALUES (74, 74);
INSERT INTO Contato(id, Endereco_id) VALUES (75, 75);
INSERT INTO Contato(id, Endereco_id) VALUES (76, 76);
INSERT INTO Contato(id, Endereco_id) VALUES (77, 77);
INSERT INTO Contato(id, Endereco_id) VALUES (78, 78);
INSERT INTO Contato(id, Endereco_id) VALUES (79, 79);
INSERT INTO Contato(id, Endereco_id) VALUES (80, 80);
INSERT INTO Contato(id, Endereco_id) VALUES (81, 81);
INSERT INTO Contato(id, Endereco_id) VALUES (82, 82);
INSERT INTO Contato(id, Endereco_id) VALUES (83, 83);
INSERT INTO Contato(id, Endereco_id) VALUES (84, 84);
INSERT INTO Contato(id, Endereco_id) VALUES (85, 85);
INSERT INTO Contato(id, Endereco_id) VALUES (86, 86);
INSERT INTO Contato(id, Endereco_id) VALUES (87, 87);
INSERT INTO Contato(id, Endereco_id) VALUES (88, 88);
INSERT INTO Contato(id, Endereco_id) VALUES (89, 89);
INSERT INTO Contato(id, Endereco_id) VALUES (90, 90);
INSERT INTO Contato(id, Endereco_id) VALUES (91, 91);
INSERT INTO Contato(id, Endereco_id) VALUES (92, 92);
INSERT INTO Contato(id, Endereco_id) VALUES (93, 93);
INSERT INTO Contato(id, Endereco_id) VALUES (94, 94);
INSERT INTO Contato(id, Endereco_id) VALUES (95, 95);
INSERT INTO Contato(id, Endereco_id) VALUES (96, 96);
INSERT INTO Contato(id, Endereco_id) VALUES (97, 97);
INSERT INTO Contato(id, Endereco_id) VALUES (98, 98);
INSERT INTO Contato(id, Endereco_id) VALUES (99, 99);
INSERT INTO Contato(id, Endereco_id) VALUES (100, 100);
INSERT INTO Contato(id, Endereco_id) VALUES (101, 101);
INSERT INTO Contato(id, Endereco_id) VALUES (102, 102);
INSERT INTO Contato(id, Endereco_id) VALUES (103, 103);
INSERT INTO Contato(id, Endereco_id) VALUES (104, 104);
INSERT INTO Contato(id, Endereco_id) VALUES (105, 105);
INSERT INTO Contato(id, Endereco_id) VALUES (106, 106);
INSERT INTO Contato(id, Endereco_id) VALUES (107, 107);
INSERT INTO Contato(id, Endereco_id) VALUES (108, 108);
INSERT INTO Contato(id, Endereco_id) VALUES (109, 109);
INSERT INTO Contato(id, Endereco_id) VALUES (110, 110);
INSERT INTO Contato(id, Endereco_id) VALUES (111, 111);
INSERT INTO Contato(id, Endereco_id) VALUES (112, 112);
INSERT INTO Contato(id, Endereco_id) VALUES (113, 113);
INSERT INTO Contato(id, Endereco_id) VALUES (114, 114);
INSERT INTO Contato(id, Endereco_id) VALUES (115, 115);
INSERT INTO Contato(id, Endereco_id) VALUES (116, 116);
INSERT INTO Contato(id, Endereco_id) VALUES (117, 117);
INSERT INTO Contato(id, Endereco_id) VALUES (118, 118);
INSERT INTO Contato(id, Endereco_id) VALUES (119, 119);
INSERT INTO Contato(id, Endereco_id) VALUES (120, 120);
INSERT INTO Contato(id, Endereco_id) VALUES (121, 121);
INSERT INTO Contato(id, Endereco_id) VALUES (122, 122);
INSERT INTO Contato(id, Endereco_id) VALUES (123, 123);
INSERT INTO Contato(id, Endereco_id) VALUES (124, 124);
INSERT INTO Contato(id, Endereco_id) VALUES (125, 125);
INSERT INTO Contato(id, Endereco_id) VALUES (126, 126);
INSERT INTO Contato(id, Endereco_id) VALUES (127, 127);
INSERT INTO Contato(id, Endereco_id) VALUES (128, 128);
INSERT INTO Contato(id, Endereco_id) VALUES (129, 129);
INSERT INTO Contato(id, Endereco_id) VALUES (130, 130);
INSERT INTO Contato(id, Endereco_id) VALUES (131, 131);
INSERT INTO Contato(id, Endereco_id) VALUES (132, 132);
INSERT INTO Contato(id, Endereco_id) VALUES (133, 133);
INSERT INTO Contato(id, Endereco_id) VALUES (134, 134);
INSERT INTO Contato(id, Endereco_id) VALUES (135, 135);
INSERT INTO Contato(id, Endereco_id) VALUES (136, 136);
INSERT INTO Contato(id, Endereco_id) VALUES (137, 137);
INSERT INTO Contato(id, Endereco_id) VALUES (138, 138);
INSERT INTO Contato(id, Endereco_id) VALUES (139, 139);
INSERT INTO Contato(id, Endereco_id) VALUES (140, 140);
INSERT INTO Contato(id, Endereco_id) VALUES (141, 141);
INSERT INTO Contato(id, Endereco_id) VALUES (142, 142);
INSERT INTO Contato(id, Endereco_id) VALUES (143, 143);
INSERT INTO Contato(id, Endereco_id) VALUES (144, 144);
INSERT INTO Contato(id, Endereco_id) VALUES (145, 145);
INSERT INTO Contato(id, Endereco_id) VALUES (146, 146);
INSERT INTO Contato(id, Endereco_id) VALUES (147, 147);
INSERT INTO Contato(id, Endereco_id) VALUES (148, 148);
INSERT INTO Contato(id, Endereco_id) VALUES (149, 149);
INSERT INTO Contato(id, Endereco_id) VALUES (150, 150);
INSERT INTO Contato(id, Endereco_id) VALUES (151, 151);
INSERT INTO Contato(id, Endereco_id) VALUES (152, 152);
INSERT INTO Contato(id, Endereco_id) VALUES (153, 153);
INSERT INTO Contato(id, Endereco_id) VALUES (154, 154);
INSERT INTO Contato(id, Endereco_id) VALUES (155, 155);
INSERT INTO Contato(id, Endereco_id) VALUES (156, 156);
INSERT INTO Contato(id, Endereco_id) VALUES (157, 157);
INSERT INTO Contato(id, Endereco_id) VALUES (158, 158);
INSERT INTO Contato(id, Endereco_id) VALUES (159, 159);
INSERT INTO Contato(id, Endereco_id) VALUES (160, 160);
INSERT INTO Contato(id, Endereco_id) VALUES (161, 161);
INSERT INTO Contato(id, Endereco_id) VALUES (162, 162);
INSERT INTO Contato(id, Endereco_id) VALUES (163, 163);
INSERT INTO Contato(id, Endereco_id) VALUES (164, 164);
INSERT INTO Contato(id, Endereco_id) VALUES (165, 165);
INSERT INTO Contato(id, Endereco_id) VALUES (166, 166);
INSERT INTO Contato(id, Endereco_id) VALUES (167, 167);
INSERT INTO Contato(id, Endereco_id) VALUES (168, 168);
INSERT INTO Contato(id, Endereco_id) VALUES (169, 169);
INSERT INTO Contato(id, Endereco_id) VALUES (170, 170);
INSERT INTO Contato(id, Endereco_id) VALUES (171, 171);
INSERT INTO Contato(id, Endereco_id) VALUES (172, 172);
INSERT INTO Contato(id, Endereco_id) VALUES (173, 173);
INSERT INTO Contato(id, Endereco_id) VALUES (174, 174);
INSERT INTO Contato(id, Endereco_id) VALUES (175, 175);
INSERT INTO Contato(id, Endereco_id) VALUES (176, 176);
INSERT INTO Contato(id, Endereco_id) VALUES (177, 177);
INSERT INTO Contato(id, Endereco_id) VALUES (178, 178);
INSERT INTO Contato(id, Endereco_id) VALUES (179, 179);
INSERT INTO Contato(id, Endereco_id) VALUES (180, 180);
INSERT INTO Contato(id, Endereco_id) VALUES (181, 181);
INSERT INTO Contato(id, Endereco_id) VALUES (182, 182);
INSERT INTO Contato(id, Endereco_id) VALUES (183, 183);
INSERT INTO Contato(id, Endereco_id) VALUES (184, 184);
INSERT INTO Contato(id, Endereco_id) VALUES (185, 185);
INSERT INTO Contato(id, Endereco_id) VALUES (186, 186);
INSERT INTO Contato(id, Endereco_id) VALUES (187, 187);
INSERT INTO Contato(id, Endereco_id) VALUES (188, 188);
INSERT INTO Contato(id, Endereco_id) VALUES (189, 189);
INSERT INTO Contato(id, Endereco_id) VALUES (190, 190);
INSERT INTO Contato(id, Endereco_id) VALUES (191, 191);
INSERT INTO Contato(id, Endereco_id) VALUES (192, 192);
INSERT INTO Contato(id, Endereco_id) VALUES (193, 193);
INSERT INTO Contato(id, Endereco_id) VALUES (194, 194);
INSERT INTO Contato(id, Endereco_id) VALUES (195, 195);
INSERT INTO Contato(id, Endereco_id) VALUES (196, 196);
INSERT INTO Contato(id, Endereco_id) VALUES (197, 197);
INSERT INTO Contato(id, Endereco_id) VALUES (198, 198);
INSERT INTO Contato(id, Endereco_id) VALUES (199, 199);
INSERT INTO Contato(id, Endereco_id) VALUES (200, 200);
-- Popula a tabela Telefone.

INSERT INTO Telefone(id, numero, Contato_id)
VALUES (1, '(085) 3781-8446', 1);

INSERT INTO Telefone(id, numero, Contato_id)
VALUES (2, '(062) 3494-3020', 2);

INSERT INTO Telefone(id, numero, Contato_id)
VALUES (3, '(023) 3942-0427', 3);

INSERT INTO Telefone(id, numero, Contato_id)
VALUES (4, '(092) 3526-8628', 4);

INSERT INTO Telefone(id, numero, Contato_id)
VALUES (5, '(069) 3134-2450', 5);

INSERT INTO Telefone(id, numero, Contato_id)
VALUES (6, '(088) 3272-5774', 6);

INSERT INTO Telefone(id, numero, Contato_id)
VALUES (7, '(049) 3572-6433', 7);

INSERT INTO Telefone(id, numero, Contato_id)
VALUES (8, '(095) 3138-6757', 8);

INSERT INTO Telefone(id, numero, Contato_id)
VALUES (9, '(052) 3332-9726', 9);

INSERT INTO Telefone(id, numero, Contato_id)
VALUES (10, '(095) 3626-0164', 10);

INSERT INTO Telefone(id, numero, Contato_id)
VALUES (11, '(066) 3673-2085', 11);

INSERT INTO Telefone(id, numero, Contato_id)
VALUES (12, '(048) 3074-7591', 12);

INSERT INTO Telefone(id, numero, Contato_id)
VALUES (13, '(076) 3632-2784', 13);

INSERT INTO Telefone(id, numero, Contato_id)
VALUES (14, '(087) 3459-1797', 14);

INSERT INTO Telefone(id, numero, Contato_id)
VALUES (15, '(053) 3120-0108', 15);

INSERT INTO Telefone(id, numero, Contato_id)
VALUES (16, '(067) 3822-2167', 16);

INSERT INTO Telefone(id, numero, Contato_id)
VALUES (17, '(096) 3269-8006', 17);

INSERT INTO Telefone(id, numero, Contato_id)
VALUES (18, '(023) 3867-0090', 18);

INSERT INTO Telefone(id, numero, Contato_id)
VALUES (19, '(068) 3659-4189', 19);

INSERT INTO Telefone(id, numero, Contato_id)
VALUES (20, '(075) 3623-2761', 20);

INSERT INTO Telefone(id, numero, Contato_id)
VALUES (21, '(065) 3108-2791', 21);

INSERT INTO Telefone(id, numero, Contato_id)
VALUES (22, '(037) 3065-2019', 22);

INSERT INTO Telefone(id, numero, Contato_id)
VALUES (23, '(074) 3264-6522', 23);

INSERT INTO Telefone(id, numero, Contato_id)
VALUES (24, '(093) 3870-3622', 24);

INSERT INTO Telefone(id, numero, Contato_id)
VALUES (25, '(052) 3275-4303', 25);

INSERT INTO Telefone(id, numero, Contato_id)
VALUES (26, '(096) 3953-3146', 26);

INSERT INTO Telefone(id, numero, Contato_id)
VALUES (27, '(087) 3070-0720', 27);

INSERT INTO Telefone(id, numero, Contato_id)
VALUES (28, '(033) 3418-9956', 28);

INSERT INTO Telefone(id, numero, Contato_id)
VALUES (29, '(096) 3652-1101', 29);

INSERT INTO Telefone(id, numero, Contato_id)
VALUES (30, '(019) 3949-4136', 30);

INSERT INTO Telefone(id, numero, Contato_id)
VALUES (31, '(083) 3068-5607', 31);

INSERT INTO Telefone(id, numero, Contato_id)
VALUES (32, '(037) 3738-8104', 32);

INSERT INTO Telefone(id, numero, Contato_id)
VALUES (33, '(058) 3993-6894', 33);

INSERT INTO Telefone(id, numero, Contato_id)
VALUES (34, '(066) 3153-4199', 34);

INSERT INTO Telefone(id, numero, Contato_id)
VALUES (35, '(093) 3685-7697', 35);

INSERT INTO Telefone(id, numero, Contato_id)
VALUES (36, '(036) 3942-6147', 36);

INSERT INTO Telefone(id, numero, Contato_id)
VALUES (37, '(079) 3439-0964', 37);

INSERT INTO Telefone(id, numero, Contato_id)
VALUES (38, '(046) 3563-9227', 38);

INSERT INTO Telefone(id, numero, Contato_id)
VALUES (39, '(031) 3770-7912', 39);

INSERT INTO Telefone(id, numero, Contato_id)
VALUES (40, '(086) 3913-1302', 40);

INSERT INTO Telefone(id, numero, Contato_id)
VALUES (41, '(084) 3751-0653', 41);

INSERT INTO Telefone(id, numero, Contato_id)
VALUES (42, '(077) 3291-2026', 42);

INSERT INTO Telefone(id, numero, Contato_id)
VALUES (43, '(056) 3007-5746', 43);

INSERT INTO Telefone(id, numero, Contato_id)
VALUES (44, '(063) 3053-1037', 44);

INSERT INTO Telefone(id, numero, Contato_id)
VALUES (45, '(041) 3364-0520', 45);

INSERT INTO Telefone(id, numero, Contato_id)
VALUES (46, '(033) 3330-6528', 46);

INSERT INTO Telefone(id, numero, Contato_id)
VALUES (47, '(022) 3233-8856', 47);

INSERT INTO Telefone(id, numero, Contato_id)
VALUES (48, '(094) 3360-5369', 48);

INSERT INTO Telefone(id, numero, Contato_id)
VALUES (49, '(081) 3962-8267', 49);

INSERT INTO Telefone(id, numero, Contato_id)
VALUES (50, '(051) 3547-3962', 50);

INSERT INTO Telefone(id, numero, Contato_id)
VALUES (51, '(056) 3036-9800', 51);

INSERT INTO Telefone(id, numero, Contato_id)
VALUES (52, '(084) 3360-9339', 52);

INSERT INTO Telefone(id, numero, Contato_id)
VALUES (53, '(049) 3641-7516', 53);

INSERT INTO Telefone(id, numero, Contato_id)
VALUES (54, '(086) 3178-6743', 54);

INSERT INTO Telefone(id, numero, Contato_id)
VALUES (55, '(061) 3685-8656', 55);

INSERT INTO Telefone(id, numero, Contato_id)
VALUES (56, '(047) 3035-1206', 56);

INSERT INTO Telefone(id, numero, Contato_id)
VALUES (57, '(024) 3287-4095', 57);

INSERT INTO Telefone(id, numero, Contato_id)
VALUES (58, '(084) 3406-6468', 58);

INSERT INTO Telefone(id, numero, Contato_id)
VALUES (59, '(038) 3004-6637', 59);

INSERT INTO Telefone(id, numero, Contato_id)
VALUES (60, '(097) 3137-7123', 60);

INSERT INTO Telefone(id, numero, Contato_id)
VALUES (61, '(066) 3850-7040', 61);

INSERT INTO Telefone(id, numero, Contato_id)
VALUES (62, '(068) 3299-2824', 62);

INSERT INTO Telefone(id, numero, Contato_id)
VALUES (63, '(044) 3383-2188', 63);

INSERT INTO Telefone(id, numero, Contato_id)
VALUES (64, '(017) 3690-7317', 64);

INSERT INTO Telefone(id, numero, Contato_id)
VALUES (65, '(069) 3619-5802', 65);

INSERT INTO Telefone(id, numero, Contato_id)
VALUES (66, '(014) 3900-4703', 66);

INSERT INTO Telefone(id, numero, Contato_id)
VALUES (67, '(034) 3360-4432', 67);

INSERT INTO Telefone(id, numero, Contato_id)
VALUES (68, '(086) 3364-6178', 68);

INSERT INTO Telefone(id, numero, Contato_id)
VALUES (69, '(062) 3733-7570', 69);

INSERT INTO Telefone(id, numero, Contato_id)
VALUES (70, '(051) 3593-1254', 70);

INSERT INTO Telefone(id, numero, Contato_id)
VALUES (71, '(063) 3666-7697', 71);

INSERT INTO Telefone(id, numero, Contato_id)
VALUES (72, '(015) 3381-3712', 72);

INSERT INTO Telefone(id, numero, Contato_id)
VALUES (73, '(056) 3729-2008', 73);

INSERT INTO Telefone(id, numero, Contato_id)
VALUES (74, '(025) 3806-5290', 74);

INSERT INTO Telefone(id, numero, Contato_id)
VALUES (75, '(083) 3970-4328', 75);

INSERT INTO Telefone(id, numero, Contato_id)
VALUES (76, '(088) 3611-7807', 76);

INSERT INTO Telefone(id, numero, Contato_id)
VALUES (77, '(041) 3373-6105', 77);

INSERT INTO Telefone(id, numero, Contato_id)
VALUES (78, '(036) 3730-7975', 78);

INSERT INTO Telefone(id, numero, Contato_id)
VALUES (79, '(065) 3739-0522', 79);

INSERT INTO Telefone(id, numero, Contato_id)
VALUES (80, '(089) 3057-0390', 80);

INSERT INTO Telefone(id, numero, Contato_id)
VALUES (81, '(013) 3521-5486', 81);

INSERT INTO Telefone(id, numero, Contato_id)
VALUES (82, '(041) 3685-3798', 82);

INSERT INTO Telefone(id, numero, Contato_id)
VALUES (83, '(054) 3683-3601', 83);

INSERT INTO Telefone(id, numero, Contato_id)
VALUES (84, '(073) 3334-3564', 84);

INSERT INTO Telefone(id, numero, Contato_id)
VALUES (85, '(063) 3174-2717', 85);

INSERT INTO Telefone(id, numero, Contato_id)
VALUES (86, '(088) 3053-9824', 86);

INSERT INTO Telefone(id, numero, Contato_id)
VALUES (87, '(055) 3431-6938', 87);

INSERT INTO Telefone(id, numero, Contato_id)
VALUES (88, '(022) 3970-5856', 88);

INSERT INTO Telefone(id, numero, Contato_id)
VALUES (89, '(036) 3113-9503', 89);

INSERT INTO Telefone(id, numero, Contato_id)
VALUES (90, '(043) 3099-6629', 90);

INSERT INTO Telefone(id, numero, Contato_id)
VALUES (91, '(056) 3511-3166', 91);

INSERT INTO Telefone(id, numero, Contato_id)
VALUES (92, '(083) 3971-4492', 92);

INSERT INTO Telefone(id, numero, Contato_id)
VALUES (93, '(098) 3404-8663', 93);

INSERT INTO Telefone(id, numero, Contato_id)
VALUES (94, '(049) 3480-9220', 94);

INSERT INTO Telefone(id, numero, Contato_id)
VALUES (95, '(073) 3433-0640', 95);

INSERT INTO Telefone(id, numero, Contato_id)
VALUES (96, '(046) 3245-8736', 96);

INSERT INTO Telefone(id, numero, Contato_id)
VALUES (97, '(065) 3458-9610', 97);

INSERT INTO Telefone(id, numero, Contato_id)
VALUES (98, '(012) 3798-2877', 98);

INSERT INTO Telefone(id, numero, Contato_id)
VALUES (99, '(038) 3212-6916', 99);

INSERT INTO Telefone(id, numero, Contato_id)
VALUES (100, '(015) 3783-2884', 100);

INSERT INTO Telefone(id, numero, Contato_id)
VALUES (101, '(092) 3820-9533', 101);

INSERT INTO Telefone(id, numero, Contato_id)
VALUES (102, '(047) 3571-7526', 102);

INSERT INTO Telefone(id, numero, Contato_id)
VALUES (103, '(036) 3685-5172', 103);

INSERT INTO Telefone(id, numero, Contato_id)
VALUES (104, '(081) 3476-0504', 104);

INSERT INTO Telefone(id, numero, Contato_id)
VALUES (105, '(028) 3898-4715', 105);

INSERT INTO Telefone(id, numero, Contato_id)
VALUES (106, '(083) 3034-9507', 106);

INSERT INTO Telefone(id, numero, Contato_id)
VALUES (107, '(019) 3277-9638', 107);

INSERT INTO Telefone(id, numero, Contato_id)
VALUES (108, '(025) 3907-5705', 108);

INSERT INTO Telefone(id, numero, Contato_id)
VALUES (109, '(026) 3940-2609', 109);

INSERT INTO Telefone(id, numero, Contato_id)
VALUES (110, '(019) 3433-9243', 110);

INSERT INTO Telefone(id, numero, Contato_id)
VALUES (111, '(016) 3200-3419', 111);

INSERT INTO Telefone(id, numero, Contato_id)
VALUES (112, '(093) 3867-2073', 112);

INSERT INTO Telefone(id, numero, Contato_id)
VALUES (113, '(071) 3472-7874', 113);

INSERT INTO Telefone(id, numero, Contato_id)
VALUES (114, '(035) 3796-0658', 114);

INSERT INTO Telefone(id, numero, Contato_id)
VALUES (115, '(091) 3740-6346', 115);

INSERT INTO Telefone(id, numero, Contato_id)
VALUES (116, '(014) 3756-1215', 116);

INSERT INTO Telefone(id, numero, Contato_id)
VALUES (117, '(037) 3331-2971', 117);

INSERT INTO Telefone(id, numero, Contato_id)
VALUES (118, '(074) 3432-2644', 118);

INSERT INTO Telefone(id, numero, Contato_id)
VALUES (119, '(058) 3151-2263', 119);

INSERT INTO Telefone(id, numero, Contato_id)
VALUES (120, '(066) 3746-2241', 120);

INSERT INTO Telefone(id, numero, Contato_id)
VALUES (121, '(015) 3483-8100', 121);

INSERT INTO Telefone(id, numero, Contato_id)
VALUES (122, '(054) 3559-7917', 122);

INSERT INTO Telefone(id, numero, Contato_id)
VALUES (123, '(037) 3782-6774', 123);

INSERT INTO Telefone(id, numero, Contato_id)
VALUES (124, '(064) 3390-9600', 124);

INSERT INTO Telefone(id, numero, Contato_id)
VALUES (125, '(085) 3287-7786', 125);

INSERT INTO Telefone(id, numero, Contato_id)
VALUES (126, '(022) 3957-8398', 126);

INSERT INTO Telefone(id, numero, Contato_id)
VALUES (127, '(033) 3994-6073', 127);

INSERT INTO Telefone(id, numero, Contato_id)
VALUES (128, '(095) 3895-0527', 128);

INSERT INTO Telefone(id, numero, Contato_id)
VALUES (129, '(045) 3153-4218', 129);

INSERT INTO Telefone(id, numero, Contato_id)
VALUES (130, '(068) 3409-4203', 130);

INSERT INTO Telefone(id, numero, Contato_id)
VALUES (131, '(087) 3854-7370', 131);

INSERT INTO Telefone(id, numero, Contato_id)
VALUES (132, '(016) 3406-6259', 132);

INSERT INTO Telefone(id, numero, Contato_id)
VALUES (133, '(051) 3552-5641', 133);

INSERT INTO Telefone(id, numero, Contato_id)
VALUES (134, '(043) 3829-3345', 134);

INSERT INTO Telefone(id, numero, Contato_id)
VALUES (135, '(069) 3145-1280', 135);

INSERT INTO Telefone(id, numero, Contato_id)
VALUES (136, '(032) 3230-1829', 136);

INSERT INTO Telefone(id, numero, Contato_id)
VALUES (137, '(028) 3968-7715', 137);

INSERT INTO Telefone(id, numero, Contato_id)
VALUES (138, '(018) 3179-0778', 138);

INSERT INTO Telefone(id, numero, Contato_id)
VALUES (139, '(045) 3137-2163', 139);

INSERT INTO Telefone(id, numero, Contato_id)
VALUES (140, '(042) 3615-9010', 140);

INSERT INTO Telefone(id, numero, Contato_id)
VALUES (141, '(099) 3828-0919', 141);

INSERT INTO Telefone(id, numero, Contato_id)
VALUES (142, '(047) 3860-0207', 142);

INSERT INTO Telefone(id, numero, Contato_id)
VALUES (143, '(089) 3331-5261', 143);

INSERT INTO Telefone(id, numero, Contato_id)
VALUES (144, '(046) 3232-8858', 144);

INSERT INTO Telefone(id, numero, Contato_id)
VALUES (145, '(058) 3407-0779', 145);

INSERT INTO Telefone(id, numero, Contato_id)
VALUES (146, '(076) 3538-6057', 146);

INSERT INTO Telefone(id, numero, Contato_id)
VALUES (147, '(099) 3307-8380', 147);

INSERT INTO Telefone(id, numero, Contato_id)
VALUES (148, '(065) 3657-1478', 148);

INSERT INTO Telefone(id, numero, Contato_id)
VALUES (149, '(077) 3338-4124', 149);

INSERT INTO Telefone(id, numero, Contato_id)
VALUES (150, '(054) 3279-7846', 150);

INSERT INTO Telefone(id, numero, Contato_id)
VALUES (151, '(037) 3505-8258', 151);

INSERT INTO Telefone(id, numero, Contato_id)
VALUES (152, '(065) 3106-1339', 152);

INSERT INTO Telefone(id, numero, Contato_id)
VALUES (153, '(072) 3371-7250', 153);

INSERT INTO Telefone(id, numero, Contato_id)
VALUES (154, '(076) 3689-5684', 154);

INSERT INTO Telefone(id, numero, Contato_id)
VALUES (155, '(026) 3402-9015', 155);

INSERT INTO Telefone(id, numero, Contato_id)
VALUES (156, '(052) 3853-9652', 156);

INSERT INTO Telefone(id, numero, Contato_id)
VALUES (157, '(019) 3937-7011', 157);

INSERT INTO Telefone(id, numero, Contato_id)
VALUES (158, '(041) 3303-8979', 158);

INSERT INTO Telefone(id, numero, Contato_id)
VALUES (159, '(014) 3997-8044', 159);

INSERT INTO Telefone(id, numero, Contato_id)
VALUES (160, '(026) 3794-7963', 160);

INSERT INTO Telefone(id, numero, Contato_id)
VALUES (161, '(093) 3203-8888', 161);

INSERT INTO Telefone(id, numero, Contato_id)
VALUES (162, '(077) 3792-8904', 162);

INSERT INTO Telefone(id, numero, Contato_id)
VALUES (163, '(022) 3795-0743', 163);

INSERT INTO Telefone(id, numero, Contato_id)
VALUES (164, '(099) 3980-7326', 164);

INSERT INTO Telefone(id, numero, Contato_id)
VALUES (165, '(095) 3182-0946', 165);

INSERT INTO Telefone(id, numero, Contato_id)
VALUES (166, '(052) 3346-7339', 166);

INSERT INTO Telefone(id, numero, Contato_id)
VALUES (167, '(076) 3044-8668', 167);

INSERT INTO Telefone(id, numero, Contato_id)
VALUES (168, '(028) 3103-5693', 168);

INSERT INTO Telefone(id, numero, Contato_id)
VALUES (169, '(065) 3960-6446', 169);

INSERT INTO Telefone(id, numero, Contato_id)
VALUES (170, '(028) 3061-9713', 170);

INSERT INTO Telefone(id, numero, Contato_id)
VALUES (171, '(074) 3834-2310', 171);

INSERT INTO Telefone(id, numero, Contato_id)
VALUES (172, '(064) 3336-9638', 172);

INSERT INTO Telefone(id, numero, Contato_id)
VALUES (173, '(016) 3553-2672', 173);

INSERT INTO Telefone(id, numero, Contato_id)
VALUES (174, '(035) 3176-5152', 174);

INSERT INTO Telefone(id, numero, Contato_id)
VALUES (175, '(099) 3585-4174', 175);

INSERT INTO Telefone(id, numero, Contato_id)
VALUES (176, '(023) 3837-9120', 176);

INSERT INTO Telefone(id, numero, Contato_id)
VALUES (177, '(091) 3772-7956', 177);

INSERT INTO Telefone(id, numero, Contato_id)
VALUES (178, '(096) 3057-3788', 178);

INSERT INTO Telefone(id, numero, Contato_id)
VALUES (179, '(099) 3077-8777', 179);

INSERT INTO Telefone(id, numero, Contato_id)
VALUES (180, '(056) 3047-6678', 180);

INSERT INTO Telefone(id, numero, Contato_id)
VALUES (181, '(092) 3154-8985', 181);

INSERT INTO Telefone(id, numero, Contato_id)
VALUES (182, '(058) 3302-0215', 182);

INSERT INTO Telefone(id, numero, Contato_id)
VALUES (183, '(083) 3135-3149', 183);

INSERT INTO Telefone(id, numero, Contato_id)
VALUES (184, '(096) 3255-7744', 184);

INSERT INTO Telefone(id, numero, Contato_id)
VALUES (185, '(055) 3003-8301', 185);

INSERT INTO Telefone(id, numero, Contato_id)
VALUES (186, '(016) 3148-2330', 186);

INSERT INTO Telefone(id, numero, Contato_id)
VALUES (187, '(013) 3006-9167', 187);

INSERT INTO Telefone(id, numero, Contato_id)
VALUES (188, '(022) 3860-6656', 188);

INSERT INTO Telefone(id, numero, Contato_id)
VALUES (189, '(075) 3416-9992', 189);

INSERT INTO Telefone(id, numero, Contato_id)
VALUES (190, '(081) 3132-8269', 190);

INSERT INTO Telefone(id, numero, Contato_id)
VALUES (191, '(033) 3799-1807', 191);

INSERT INTO Telefone(id, numero, Contato_id)
VALUES (192, '(089) 3972-6968', 192);

INSERT INTO Telefone(id, numero, Contato_id)
VALUES (193, '(042) 3714-3935', 193);

INSERT INTO Telefone(id, numero, Contato_id)
VALUES (194, '(016) 3575-3721', 194);

INSERT INTO Telefone(id, numero, Contato_id)
VALUES (195, '(071) 3700-1016', 195);

INSERT INTO Telefone(id, numero, Contato_id)
VALUES (196, '(097) 3240-1988', 196);

INSERT INTO Telefone(id, numero, Contato_id)
VALUES (197, '(095) 3020-9732', 197);

INSERT INTO Telefone(id, numero, Contato_id)
VALUES (198, '(034) 3034-6671', 198);

INSERT INTO Telefone(id, numero, Contato_id)
VALUES (199, '(051) 3855-9558', 199);

INSERT INTO Telefone(id, numero, Contato_id)
VALUES (200, '(019) 3261-8858', 200);

