-- Popula a tabela TipoCarga
-- Abaixo estão listados 10 tipos.

INSERT INTO TipoCarga(id, nome)
VALUES (1, 'Madeira');

INSERT INTO TipoCarga(id, nome)
VALUES (2, 'Eletrônicos');

INSERT INTO TipoCarga(id, nome)
VALUES (3, 'Químicos');

INSERT INTO TipoCarga(id, nome)
VALUES (4, 'Animais Terrestres');

INSERT INTO TipoCarga(id, nome)
VALUES (5, 'Animais Aquáticos');

INSERT INTO TipoCarga(id, nome)
VALUES (6, 'Pneus');

INSERT INTO TipoCarga(id, nome)
VALUES (7, 'Carros');

INSERT INTO TipoCarga(id, nome)
VALUES (8, 'Máquinas');

INSERT INTO TipoCarga(id, nome)
VALUES (9, 'Alimentos');

INSERT INTO TipoCarga(id, nome)
VALUES (10, 'Mobília');

INSERT INTO veiculo(id, placa, modelo)
VALUES (1, 'XBH-2751', 'Volvo VM 260');

INSERT INTO veiculo(id, placa, modelo)
VALUES (2, 'UJG-2752', 'Volks 13180');

INSERT INTO veiculo(id, placa, modelo)
VALUES (3, 'KCP-2753', 'Volks 24250');

INSERT INTO veiculo(id, placa, modelo)
VALUES (4, 'UXZ-2754', 'Volks 9150');

INSERT INTO veiculo(id, placa, modelo)
VALUES (5, 'EHM-2755', 'Volks 8150');

INSERT INTO veiculo(id, placa, modelo)
VALUES (6, 'GSZ-2756', 'Volks 8150');

INSERT INTO veiculo(id, placa, modelo)
VALUES (7, 'MII-2757', 'Volks 13180');

INSERT INTO veiculo(id, placa, modelo)
VALUES (8, 'XCR-2758', 'Volks 13180');

INSERT INTO veiculo(id, placa, modelo)
VALUES (9, 'CRQ-2759', 'Mercedes Atego 2425');

INSERT INTO veiculo(id, placa, modelo)
VALUES (10, 'YHE-2760', 'Volks 13180');

INSERT INTO veiculo(id, placa, modelo)
VALUES (11, 'CLP-2761', 'Scania R440');

INSERT INTO veiculo(id, placa, modelo)
VALUES (12, 'SEJ-2762', 'Volvo FH 460');

INSERT INTO veiculo(id, placa, modelo)
VALUES (13, 'TUL-2763', 'Scania R440');

INSERT INTO veiculo(id, placa, modelo)
VALUES (14, 'UOY-2764', 'Mercedes Atego 2425');

INSERT INTO veiculo(id, placa, modelo)
VALUES (15, 'LBQ-2765', 'Volvo FH 460');

INSERT INTO veiculo(id, placa, modelo)
VALUES (16, 'SAG-2766', 'Mercedes 710');

INSERT INTO veiculo(id, placa, modelo)
VALUES (17, 'MRN-2767', 'Volvo FH 460');

INSERT INTO veiculo(id, placa, modelo)
VALUES (18, 'DFK-2768', 'Mercedes Accelo 815');

INSERT INTO veiculo(id, placa, modelo)
VALUES (19, 'PNH-2769', 'Mercedes Atego 2425');

INSERT INTO veiculo(id, placa, modelo)
VALUES (20, 'VCI-2770', 'Mercedes Accelo 815');

INSERT INTO veiculo(id, placa, modelo)
VALUES (21, 'HCT-2771', 'Volvo FH 460');

INSERT INTO veiculo(id, placa, modelo)
VALUES (22, 'PCZ-2772', 'Scania R440');

INSERT INTO veiculo(id, placa, modelo)
VALUES (23, 'NRF-2773', 'Scania R440');

INSERT INTO veiculo(id, placa, modelo)
VALUES (24, 'IJE-2774', 'Mercedes Accelo 815');

INSERT INTO veiculo(id, placa, modelo)
VALUES (25, 'SCJ-2775', 'Volks 24250');

INSERT INTO veiculo(id, placa, modelo)
VALUES (26, 'XCQ-2776', 'Volks 13180');

INSERT INTO veiculo(id, placa, modelo)
VALUES (27, 'YXM-2777', 'Volvo FH 460');

INSERT INTO veiculo(id, placa, modelo)
VALUES (28, 'SUC-2778', 'Scania R440');

INSERT INTO veiculo(id, placa, modelo)
VALUES (29, 'YPZ-2779', 'Volks 13180');

INSERT INTO veiculo(id, placa, modelo)
VALUES (30, 'YOF-2780', 'Mercedes 710');

INSERT INTO veiculo(id, placa, modelo)
VALUES (31, 'LZJ-2781', 'Volvo FH 460');

INSERT INTO veiculo(id, placa, modelo)
VALUES (32, 'JHC-2782', 'Scania R440');

INSERT INTO veiculo(id, placa, modelo)
VALUES (33, 'TRT-2783', 'Mercedes Accelo 815');

INSERT INTO veiculo(id, placa, modelo)
VALUES (34, 'KZA-2784', 'Volks 9150');

INSERT INTO veiculo(id, placa, modelo)
VALUES (35, 'NUG-2785', 'Mercedes Atego 2425');

INSERT INTO veiculo(id, placa, modelo)
VALUES (36, 'TOG-2786', 'Mercedes 710');

INSERT INTO veiculo(id, placa, modelo)
VALUES (37, 'KXP-2787', 'Scania R440');

INSERT INTO veiculo(id, placa, modelo)
VALUES (38, 'RLI-2788', 'Volks 13180');

INSERT INTO veiculo(id, placa, modelo)
VALUES (39, 'FWF-2789', 'Volvo VM 260');

INSERT INTO veiculo(id, placa, modelo)
VALUES (40, 'TVB-2790', 'Volks 13180');

INSERT INTO veiculo(id, placa, modelo)
VALUES (41, 'DAP-2791', 'Volvo FH 460');

INSERT INTO veiculo(id, placa, modelo)
VALUES (42, 'UHJ-2792', 'Volks 8150');

INSERT INTO veiculo(id, placa, modelo)
VALUES (43, 'OLT-2793', 'Volks 9150');

INSERT INTO veiculo(id, placa, modelo)
VALUES (44, 'YIE-2794', 'Mercedes Atego 2425');

INSERT INTO veiculo(id, placa, modelo)
VALUES (45, 'KGC-2795', 'Volks 24250');

INSERT INTO veiculo(id, placa, modelo)
VALUES (46, 'XGZ-2796', 'Mercedes 710');

INSERT INTO veiculo(id, placa, modelo)
VALUES (47, 'LHM-2797', 'Mercedes 710');

INSERT INTO veiculo(id, placa, modelo)
VALUES (48, 'VXO-2798', 'Mercedes Atego 2425');

INSERT INTO veiculo(id, placa, modelo)
VALUES (49, 'CLV-2799', 'Volks 9150');

INSERT INTO veiculo(id, placa, modelo)
VALUES (50, 'ZAG-2800', 'Volvo VM 260');

INSERT INTO veiculo(id, placa, modelo)
VALUES (51, 'FTL-2801', 'Volks 8150');

INSERT INTO veiculo(id, placa, modelo)
VALUES (52, 'RDY-2802', 'Scania R440');

INSERT INTO veiculo(id, placa, modelo)
VALUES (53, 'VUH-2803', 'Volks 9150');

INSERT INTO veiculo(id, placa, modelo)
VALUES (54, 'SFH-2804', 'Volks 8150');

INSERT INTO veiculo(id, placa, modelo)
VALUES (55, 'ERX-2805', 'Scania R440');

INSERT INTO veiculo(id, placa, modelo)
VALUES (56, 'XDY-2806', 'Volks 13180');

INSERT INTO veiculo(id, placa, modelo)
VALUES (57, 'JWV-2807', 'Volvo VM 260');

INSERT INTO veiculo(id, placa, modelo)
VALUES (58, 'QQP-2808', 'Volvo VM 260');

INSERT INTO veiculo(id, placa, modelo)
VALUES (59, 'GVJ-2809', 'Mercedes 710');

INSERT INTO veiculo(id, placa, modelo)
VALUES (60, 'JAB-2810', 'Volks 8150');

INSERT INTO veiculo(id, placa, modelo)
VALUES (61, 'MQY-2811', 'Volks 24250');

INSERT INTO veiculo(id, placa, modelo)
VALUES (62, 'OJV-2812', 'Scania R440');

INSERT INTO veiculo(id, placa, modelo)
VALUES (63, 'BAA-2813', 'Volvo VM 260');

INSERT INTO veiculo(id, placa, modelo)
VALUES (64, 'NSO-2814', 'Mercedes 710');

INSERT INTO veiculo(id, placa, modelo)
VALUES (65, 'LMW-2815', 'Scania R440');

INSERT INTO veiculo(id, placa, modelo)
VALUES (66, 'JWQ-2816', 'Volks 24250');

INSERT INTO veiculo(id, placa, modelo)
VALUES (67, 'CDP-2817', 'Volvo VM 260');

INSERT INTO veiculo(id, placa, modelo)
VALUES (68, 'SVS-2818', 'Mercedes 710');

INSERT INTO veiculo(id, placa, modelo)
VALUES (69, 'AGF-2819', 'Volks 9150');

INSERT INTO veiculo(id, placa, modelo)
VALUES (70, 'BCH-2820', 'Volvo VM 260');

INSERT INTO veiculo(id, placa, modelo)
VALUES (71, 'EFH-2821', 'Volks 13180');

INSERT INTO veiculo(id, placa, modelo)
VALUES (72, 'NBU-2822', 'Mercedes Atego 2425');

INSERT INTO veiculo(id, placa, modelo)
VALUES (73, 'HQD-2823', 'Mercedes Atego 2425');

INSERT INTO veiculo(id, placa, modelo)
VALUES (74, 'GTM-2824', 'Volks 8150');

INSERT INTO veiculo(id, placa, modelo)
VALUES (75, 'TRK-2825', 'Mercedes Accelo 815');

INSERT INTO veiculo(id, placa, modelo)
VALUES (76, 'GMI-2826', 'Volvo FH 460');

INSERT INTO veiculo(id, placa, modelo)
VALUES (77, 'ZBA-2827', 'Volvo VM 260');

INSERT INTO veiculo(id, placa, modelo)
VALUES (78, 'OCL-2828', 'Volks 24250');

INSERT INTO veiculo(id, placa, modelo)
VALUES (79, 'ZTO-2829', 'Scania R440');

INSERT INTO veiculo(id, placa, modelo)
VALUES (80, 'KKN-2830', 'Volks 13180');

INSERT INTO veiculo(id, placa, modelo)
VALUES (81, 'HBD-2831', 'Volks 8150');

INSERT INTO veiculo(id, placa, modelo)
VALUES (82, 'MNK-2832', 'Scania R440');

INSERT INTO veiculo(id, placa, modelo)
VALUES (83, 'NJA-2833', 'Volks 8150');

INSERT INTO veiculo(id, placa, modelo)
VALUES (84, 'QXV-2834', 'Volks 13180');

INSERT INTO veiculo(id, placa, modelo)
VALUES (85, 'FVU-2835', 'Volks 24250');

INSERT INTO veiculo(id, placa, modelo)
VALUES (86, 'KMT-2836', 'Scania R440');

INSERT INTO veiculo(id, placa, modelo)
VALUES (87, 'TDD-2837', 'Volks 24250');

INSERT INTO veiculo(id, placa, modelo)
VALUES (88, 'TQE-2838', 'Mercedes Atego 2425');

INSERT INTO veiculo(id, placa, modelo)
VALUES (89, 'PNK-2839', 'Volvo FH 460');

INSERT INTO veiculo(id, placa, modelo)
VALUES (90, 'DCG-2840', 'Volks 13180');

INSERT INTO veiculo(id, placa, modelo)
VALUES (91, 'KWR-2841', 'Volks 8150');

INSERT INTO veiculo(id, placa, modelo)
VALUES (92, 'HNZ-2842', 'Volvo VM 260');

INSERT INTO veiculo(id, placa, modelo)
VALUES (93, 'SRW-2843', 'Mercedes 710');

INSERT INTO veiculo(id, placa, modelo)
VALUES (94, 'HFO-2844', 'Volvo FH 460');

INSERT INTO veiculo(id, placa, modelo)
VALUES (95, 'FFQ-2845', 'Volvo FH 460');

INSERT INTO veiculo(id, placa, modelo)
VALUES (96, 'IEG-2846', 'Mercedes Accelo 815');

INSERT INTO veiculo(id, placa, modelo)
VALUES (97, 'JWR-2847', 'Volvo FH 460');

INSERT INTO veiculo(id, placa, modelo)
VALUES (98, 'ZFW-2848', 'Volks 9150');

INSERT INTO veiculo(id, placa, modelo)
VALUES (99, 'NSV-2849', 'Volks 24250');

INSERT INTO veiculo(id, placa, modelo)
VALUES (100, 'BHI-2850', 'Volvo VM 260');

-- Popula a tabela VeiculoTipoCarga.

INSERT INTO VeiculoTipoCarga(Veiculo_id, TipoCarga_id)
VALUES (1, 6);

INSERT INTO VeiculoTipoCarga(Veiculo_id, TipoCarga_id)
VALUES (1, 7);

INSERT INTO VeiculoTipoCarga(Veiculo_id, TipoCarga_id)
VALUES (1, 8);

INSERT INTO VeiculoTipoCarga(Veiculo_id, TipoCarga_id)
VALUES (2, 1);

INSERT INTO VeiculoTipoCarga(Veiculo_id, TipoCarga_id)
VALUES (2, 2);

INSERT INTO VeiculoTipoCarga(Veiculo_id, TipoCarga_id)
VALUES (3, 2);

INSERT INTO VeiculoTipoCarga(Veiculo_id, TipoCarga_id)
VALUES (3, 3);

INSERT INTO VeiculoTipoCarga(Veiculo_id, TipoCarga_id)
VALUES (4, 7);

INSERT INTO VeiculoTipoCarga(Veiculo_id, TipoCarga_id)
VALUES (4, 8);

INSERT INTO VeiculoTipoCarga(Veiculo_id, TipoCarga_id)
VALUES (4, 9);

INSERT INTO VeiculoTipoCarga(Veiculo_id, TipoCarga_id)
VALUES (5, 1);

INSERT INTO VeiculoTipoCarga(Veiculo_id, TipoCarga_id)
VALUES (5, 2);

INSERT INTO VeiculoTipoCarga(Veiculo_id, TipoCarga_id)
VALUES (6, 6);

INSERT INTO VeiculoTipoCarga(Veiculo_id, TipoCarga_id)
VALUES (7, 4);

INSERT INTO VeiculoTipoCarga(Veiculo_id, TipoCarga_id)
VALUES (7, 5);

INSERT INTO VeiculoTipoCarga(Veiculo_id, TipoCarga_id)
VALUES (8, 5);

INSERT INTO VeiculoTipoCarga(Veiculo_id, TipoCarga_id)
VALUES (8, 6);

INSERT INTO VeiculoTipoCarga(Veiculo_id, TipoCarga_id)
VALUES (8, 7);

INSERT INTO VeiculoTipoCarga(Veiculo_id, TipoCarga_id)
VALUES (9, 5);

INSERT INTO VeiculoTipoCarga(Veiculo_id, TipoCarga_id)
VALUES (9, 6);

INSERT INTO VeiculoTipoCarga(Veiculo_id, TipoCarga_id)
VALUES (10, 3);

INSERT INTO VeiculoTipoCarga(Veiculo_id, TipoCarga_id)
VALUES (11, 2);

INSERT INTO VeiculoTipoCarga(Veiculo_id, TipoCarga_id)
VALUES (12, 3);

INSERT INTO VeiculoTipoCarga(Veiculo_id, TipoCarga_id)
VALUES (12, 4);

INSERT INTO VeiculoTipoCarga(Veiculo_id, TipoCarga_id)
VALUES (13, 2);

INSERT INTO VeiculoTipoCarga(Veiculo_id, TipoCarga_id)
VALUES (13, 3);

INSERT INTO VeiculoTipoCarga(Veiculo_id, TipoCarga_id)
VALUES (14, 6);

INSERT INTO VeiculoTipoCarga(Veiculo_id, TipoCarga_id)
VALUES (14, 7);

INSERT INTO VeiculoTipoCarga(Veiculo_id, TipoCarga_id)
VALUES (15, 3);

INSERT INTO VeiculoTipoCarga(Veiculo_id, TipoCarga_id)
VALUES (15, 4);

INSERT INTO VeiculoTipoCarga(Veiculo_id, TipoCarga_id)
VALUES (16, 6);

INSERT INTO VeiculoTipoCarga(Veiculo_id, TipoCarga_id)
VALUES (16, 7);

INSERT INTO VeiculoTipoCarga(Veiculo_id, TipoCarga_id)
VALUES (17, 3);

INSERT INTO VeiculoTipoCarga(Veiculo_id, TipoCarga_id)
VALUES (18, 4);

INSERT INTO VeiculoTipoCarga(Veiculo_id, TipoCarga_id)
VALUES (18, 5);

INSERT INTO VeiculoTipoCarga(Veiculo_id, TipoCarga_id)
VALUES (19, 6);

INSERT INTO VeiculoTipoCarga(Veiculo_id, TipoCarga_id)
VALUES (19, 7);

INSERT INTO VeiculoTipoCarga(Veiculo_id, TipoCarga_id)
VALUES (19, 8);

INSERT INTO VeiculoTipoCarga(Veiculo_id, TipoCarga_id)
VALUES (20, 4);

INSERT INTO VeiculoTipoCarga(Veiculo_id, TipoCarga_id)
VALUES (20, 5);

INSERT INTO VeiculoTipoCarga(Veiculo_id, TipoCarga_id)
VALUES (20, 6);

INSERT INTO VeiculoTipoCarga(Veiculo_id, TipoCarga_id)
VALUES (21, 6);

INSERT INTO VeiculoTipoCarga(Veiculo_id, TipoCarga_id)
VALUES (22, 3);

INSERT INTO VeiculoTipoCarga(Veiculo_id, TipoCarga_id)
VALUES (22, 4);

INSERT INTO VeiculoTipoCarga(Veiculo_id, TipoCarga_id)
VALUES (22, 5);

INSERT INTO VeiculoTipoCarga(Veiculo_id, TipoCarga_id)
VALUES (23, 8);

INSERT INTO VeiculoTipoCarga(Veiculo_id, TipoCarga_id)
VALUES (23, 9);

INSERT INTO VeiculoTipoCarga(Veiculo_id, TipoCarga_id)
VALUES (24, 8);

INSERT INTO VeiculoTipoCarga(Veiculo_id, TipoCarga_id)
VALUES (25, 3);

INSERT INTO VeiculoTipoCarga(Veiculo_id, TipoCarga_id)
VALUES (25, 4);

INSERT INTO VeiculoTipoCarga(Veiculo_id, TipoCarga_id)
VALUES (25, 5);

INSERT INTO VeiculoTipoCarga(Veiculo_id, TipoCarga_id)
VALUES (26, 4);

INSERT INTO VeiculoTipoCarga(Veiculo_id, TipoCarga_id)
VALUES (26, 5);

INSERT INTO VeiculoTipoCarga(Veiculo_id, TipoCarga_id)
VALUES (26, 6);

INSERT INTO VeiculoTipoCarga(Veiculo_id, TipoCarga_id)
VALUES (27, 7);

INSERT INTO VeiculoTipoCarga(Veiculo_id, TipoCarga_id)
VALUES (27, 8);

INSERT INTO VeiculoTipoCarga(Veiculo_id, TipoCarga_id)
VALUES (28, 3);

INSERT INTO VeiculoTipoCarga(Veiculo_id, TipoCarga_id)
VALUES (28, 4);

INSERT INTO VeiculoTipoCarga(Veiculo_id, TipoCarga_id)
VALUES (29, 4);

INSERT INTO VeiculoTipoCarga(Veiculo_id, TipoCarga_id)
VALUES (29, 5);

INSERT INTO VeiculoTipoCarga(Veiculo_id, TipoCarga_id)
VALUES (30, 1);

INSERT INTO VeiculoTipoCarga(Veiculo_id, TipoCarga_id)
VALUES (30, 2);

INSERT INTO VeiculoTipoCarga(Veiculo_id, TipoCarga_id)
VALUES (31, 8);

INSERT INTO VeiculoTipoCarga(Veiculo_id, TipoCarga_id)
VALUES (31, 9);

INSERT INTO VeiculoTipoCarga(Veiculo_id, TipoCarga_id)
VALUES (32, 3);

INSERT INTO VeiculoTipoCarga(Veiculo_id, TipoCarga_id)
VALUES (33, 5);

INSERT INTO VeiculoTipoCarga(Veiculo_id, TipoCarga_id)
VALUES (33, 6);

INSERT INTO VeiculoTipoCarga(Veiculo_id, TipoCarga_id)
VALUES (34, 1);

INSERT INTO VeiculoTipoCarga(Veiculo_id, TipoCarga_id)
VALUES (34, 2);

INSERT INTO VeiculoTipoCarga(Veiculo_id, TipoCarga_id)
VALUES (34, 3);

INSERT INTO VeiculoTipoCarga(Veiculo_id, TipoCarga_id)
VALUES (35, 1);

INSERT INTO VeiculoTipoCarga(Veiculo_id, TipoCarga_id)
VALUES (35, 2);

INSERT INTO VeiculoTipoCarga(Veiculo_id, TipoCarga_id)
VALUES (36, 5);

INSERT INTO VeiculoTipoCarga(Veiculo_id, TipoCarga_id)
VALUES (36, 6);

INSERT INTO VeiculoTipoCarga(Veiculo_id, TipoCarga_id)
VALUES (37, 7);

INSERT INTO VeiculoTipoCarga(Veiculo_id, TipoCarga_id)
VALUES (38, 1);

INSERT INTO VeiculoTipoCarga(Veiculo_id, TipoCarga_id)
VALUES (38, 2);

INSERT INTO VeiculoTipoCarga(Veiculo_id, TipoCarga_id)
VALUES (38, 3);

INSERT INTO VeiculoTipoCarga(Veiculo_id, TipoCarga_id)
VALUES (39, 7);

INSERT INTO VeiculoTipoCarga(Veiculo_id, TipoCarga_id)
VALUES (40, 6);

INSERT INTO VeiculoTipoCarga(Veiculo_id, TipoCarga_id)
VALUES (41, 3);

INSERT INTO VeiculoTipoCarga(Veiculo_id, TipoCarga_id)
VALUES (41, 4);

INSERT INTO VeiculoTipoCarga(Veiculo_id, TipoCarga_id)
VALUES (41, 5);

INSERT INTO VeiculoTipoCarga(Veiculo_id, TipoCarga_id)
VALUES (42, 8);

INSERT INTO VeiculoTipoCarga(Veiculo_id, TipoCarga_id)
VALUES (43, 1);

INSERT INTO VeiculoTipoCarga(Veiculo_id, TipoCarga_id)
VALUES (43, 2);

INSERT INTO VeiculoTipoCarga(Veiculo_id, TipoCarga_id)
VALUES (43, 3);

INSERT INTO VeiculoTipoCarga(Veiculo_id, TipoCarga_id)
VALUES (44, 1);

INSERT INTO VeiculoTipoCarga(Veiculo_id, TipoCarga_id)
VALUES (44, 2);

INSERT INTO VeiculoTipoCarga(Veiculo_id, TipoCarga_id)
VALUES (44, 3);

INSERT INTO VeiculoTipoCarga(Veiculo_id, TipoCarga_id)
VALUES (45, 7);

INSERT INTO VeiculoTipoCarga(Veiculo_id, TipoCarga_id)
VALUES (45, 8);

INSERT INTO VeiculoTipoCarga(Veiculo_id, TipoCarga_id)
VALUES (46, 6);

INSERT INTO VeiculoTipoCarga(Veiculo_id, TipoCarga_id)
VALUES (46, 7);

INSERT INTO VeiculoTipoCarga(Veiculo_id, TipoCarga_id)
VALUES (47, 7);

INSERT INTO VeiculoTipoCarga(Veiculo_id, TipoCarga_id)
VALUES (48, 3);

INSERT INTO VeiculoTipoCarga(Veiculo_id, TipoCarga_id)
VALUES (48, 4);

INSERT INTO VeiculoTipoCarga(Veiculo_id, TipoCarga_id)
VALUES (49, 7);

INSERT INTO VeiculoTipoCarga(Veiculo_id, TipoCarga_id)
VALUES (49, 8);

INSERT INTO VeiculoTipoCarga(Veiculo_id, TipoCarga_id)
VALUES (50, 2);

INSERT INTO VeiculoTipoCarga(Veiculo_id, TipoCarga_id)
VALUES (51, 1);

INSERT INTO VeiculoTipoCarga(Veiculo_id, TipoCarga_id)
VALUES (51, 2);

INSERT INTO VeiculoTipoCarga(Veiculo_id, TipoCarga_id)
VALUES (51, 3);

INSERT INTO VeiculoTipoCarga(Veiculo_id, TipoCarga_id)
VALUES (52, 3);

INSERT INTO VeiculoTipoCarga(Veiculo_id, TipoCarga_id)
VALUES (53, 2);

INSERT INTO VeiculoTipoCarga(Veiculo_id, TipoCarga_id)
VALUES (53, 3);

INSERT INTO VeiculoTipoCarga(Veiculo_id, TipoCarga_id)
VALUES (54, 1);

INSERT INTO VeiculoTipoCarga(Veiculo_id, TipoCarga_id)
VALUES (54, 2);

INSERT INTO VeiculoTipoCarga(Veiculo_id, TipoCarga_id)
VALUES (54, 3);

INSERT INTO VeiculoTipoCarga(Veiculo_id, TipoCarga_id)
VALUES (55, 8);

INSERT INTO VeiculoTipoCarga(Veiculo_id, TipoCarga_id)
VALUES (55, 9);

INSERT INTO VeiculoTipoCarga(Veiculo_id, TipoCarga_id)
VALUES (56, 3);

INSERT INTO VeiculoTipoCarga(Veiculo_id, TipoCarga_id)
VALUES (56, 4);

INSERT INTO VeiculoTipoCarga(Veiculo_id, TipoCarga_id)
VALUES (56, 5);

INSERT INTO VeiculoTipoCarga(Veiculo_id, TipoCarga_id)
VALUES (57, 1);

INSERT INTO VeiculoTipoCarga(Veiculo_id, TipoCarga_id)
VALUES (58, 2);

INSERT INTO VeiculoTipoCarga(Veiculo_id, TipoCarga_id)
VALUES (59, 7);

INSERT INTO VeiculoTipoCarga(Veiculo_id, TipoCarga_id)
VALUES (60, 1);

INSERT INTO VeiculoTipoCarga(Veiculo_id, TipoCarga_id)
VALUES (60, 2);

INSERT INTO VeiculoTipoCarga(Veiculo_id, TipoCarga_id)
VALUES (61, 7);

INSERT INTO VeiculoTipoCarga(Veiculo_id, TipoCarga_id)
VALUES (61, 8);

INSERT INTO VeiculoTipoCarga(Veiculo_id, TipoCarga_id)
VALUES (61, 9);

INSERT INTO VeiculoTipoCarga(Veiculo_id, TipoCarga_id)
VALUES (62, 5);

INSERT INTO VeiculoTipoCarga(Veiculo_id, TipoCarga_id)
VALUES (63, 7);

INSERT INTO VeiculoTipoCarga(Veiculo_id, TipoCarga_id)
VALUES (63, 8);

INSERT INTO VeiculoTipoCarga(Veiculo_id, TipoCarga_id)
VALUES (63, 9);

INSERT INTO VeiculoTipoCarga(Veiculo_id, TipoCarga_id)
VALUES (64, 5);

INSERT INTO VeiculoTipoCarga(Veiculo_id, TipoCarga_id)
VALUES (64, 6);

INSERT INTO VeiculoTipoCarga(Veiculo_id, TipoCarga_id)
VALUES (64, 7);

INSERT INTO VeiculoTipoCarga(Veiculo_id, TipoCarga_id)
VALUES (65, 7);

INSERT INTO VeiculoTipoCarga(Veiculo_id, TipoCarga_id)
VALUES (66, 5);

INSERT INTO VeiculoTipoCarga(Veiculo_id, TipoCarga_id)
VALUES (66, 6);

INSERT INTO VeiculoTipoCarga(Veiculo_id, TipoCarga_id)
VALUES (66, 7);

INSERT INTO VeiculoTipoCarga(Veiculo_id, TipoCarga_id)
VALUES (67, 3);

INSERT INTO VeiculoTipoCarga(Veiculo_id, TipoCarga_id)
VALUES (67, 4);

INSERT INTO VeiculoTipoCarga(Veiculo_id, TipoCarga_id)
VALUES (68, 2);

INSERT INTO VeiculoTipoCarga(Veiculo_id, TipoCarga_id)
VALUES (68, 3);

INSERT INTO VeiculoTipoCarga(Veiculo_id, TipoCarga_id)
VALUES (68, 4);

INSERT INTO VeiculoTipoCarga(Veiculo_id, TipoCarga_id)
VALUES (69, 1);

INSERT INTO VeiculoTipoCarga(Veiculo_id, TipoCarga_id)
VALUES (70, 6);

INSERT INTO VeiculoTipoCarga(Veiculo_id, TipoCarga_id)
VALUES (71, 6);

INSERT INTO VeiculoTipoCarga(Veiculo_id, TipoCarga_id)
VALUES (71, 7);

INSERT INTO VeiculoTipoCarga(Veiculo_id, TipoCarga_id)
VALUES (72, 6);

INSERT INTO VeiculoTipoCarga(Veiculo_id, TipoCarga_id)
VALUES (72, 7);

INSERT INTO VeiculoTipoCarga(Veiculo_id, TipoCarga_id)
VALUES (73, 7);

INSERT INTO VeiculoTipoCarga(Veiculo_id, TipoCarga_id)
VALUES (73, 8);

INSERT INTO VeiculoTipoCarga(Veiculo_id, TipoCarga_id)
VALUES (73, 9);

INSERT INTO VeiculoTipoCarga(Veiculo_id, TipoCarga_id)
VALUES (74, 5);

INSERT INTO VeiculoTipoCarga(Veiculo_id, TipoCarga_id)
VALUES (74, 6);

INSERT INTO VeiculoTipoCarga(Veiculo_id, TipoCarga_id)
VALUES (75, 4);

INSERT INTO VeiculoTipoCarga(Veiculo_id, TipoCarga_id)
VALUES (75, 5);

INSERT INTO VeiculoTipoCarga(Veiculo_id, TipoCarga_id)
VALUES (75, 6);

INSERT INTO VeiculoTipoCarga(Veiculo_id, TipoCarga_id)
VALUES (76, 5);

INSERT INTO VeiculoTipoCarga(Veiculo_id, TipoCarga_id)
VALUES (77, 6);

INSERT INTO VeiculoTipoCarga(Veiculo_id, TipoCarga_id)
VALUES (77, 7);

INSERT INTO VeiculoTipoCarga(Veiculo_id, TipoCarga_id)
VALUES (78, 4);

INSERT INTO VeiculoTipoCarga(Veiculo_id, TipoCarga_id)
VALUES (78, 5);

INSERT INTO VeiculoTipoCarga(Veiculo_id, TipoCarga_id)
VALUES (79, 4);

INSERT INTO VeiculoTipoCarga(Veiculo_id, TipoCarga_id)
VALUES (79, 5);

INSERT INTO VeiculoTipoCarga(Veiculo_id, TipoCarga_id)
VALUES (80, 3);

INSERT INTO VeiculoTipoCarga(Veiculo_id, TipoCarga_id)
VALUES (80, 4);

INSERT INTO VeiculoTipoCarga(Veiculo_id, TipoCarga_id)
VALUES (81, 2);

INSERT INTO VeiculoTipoCarga(Veiculo_id, TipoCarga_id)
VALUES (82, 8);

INSERT INTO VeiculoTipoCarga(Veiculo_id, TipoCarga_id)
VALUES (82, 9);

INSERT INTO VeiculoTipoCarga(Veiculo_id, TipoCarga_id)
VALUES (83, 3);

INSERT INTO VeiculoTipoCarga(Veiculo_id, TipoCarga_id)
VALUES (83, 4);

INSERT INTO VeiculoTipoCarga(Veiculo_id, TipoCarga_id)
VALUES (83, 5);

INSERT INTO VeiculoTipoCarga(Veiculo_id, TipoCarga_id)
VALUES (84, 4);

INSERT INTO VeiculoTipoCarga(Veiculo_id, TipoCarga_id)
VALUES (84, 5);

INSERT INTO VeiculoTipoCarga(Veiculo_id, TipoCarga_id)
VALUES (84, 6);

INSERT INTO VeiculoTipoCarga(Veiculo_id, TipoCarga_id)
VALUES (85, 3);

INSERT INTO VeiculoTipoCarga(Veiculo_id, TipoCarga_id)
VALUES (85, 4);

INSERT INTO VeiculoTipoCarga(Veiculo_id, TipoCarga_id)
VALUES (86, 7);

INSERT INTO VeiculoTipoCarga(Veiculo_id, TipoCarga_id)
VALUES (86, 8);

INSERT INTO VeiculoTipoCarga(Veiculo_id, TipoCarga_id)
VALUES (87, 5);

INSERT INTO VeiculoTipoCarga(Veiculo_id, TipoCarga_id)
VALUES (88, 8);

INSERT INTO VeiculoTipoCarga(Veiculo_id, TipoCarga_id)
VALUES (89, 3);

INSERT INTO VeiculoTipoCarga(Veiculo_id, TipoCarga_id)
VALUES (89, 4);

INSERT INTO VeiculoTipoCarga(Veiculo_id, TipoCarga_id)
VALUES (90, 4);

INSERT INTO VeiculoTipoCarga(Veiculo_id, TipoCarga_id)
VALUES (91, 7);

INSERT INTO VeiculoTipoCarga(Veiculo_id, TipoCarga_id)
VALUES (91, 8);

INSERT INTO VeiculoTipoCarga(Veiculo_id, TipoCarga_id)
VALUES (91, 9);

INSERT INTO VeiculoTipoCarga(Veiculo_id, TipoCarga_id)
VALUES (92, 6);

INSERT INTO VeiculoTipoCarga(Veiculo_id, TipoCarga_id)
VALUES (92, 7);

INSERT INTO VeiculoTipoCarga(Veiculo_id, TipoCarga_id)
VALUES (92, 8);

INSERT INTO VeiculoTipoCarga(Veiculo_id, TipoCarga_id)
VALUES (93, 7);

INSERT INTO VeiculoTipoCarga(Veiculo_id, TipoCarga_id)
VALUES (94, 5);

INSERT INTO VeiculoTipoCarga(Veiculo_id, TipoCarga_id)
VALUES (94, 6);

INSERT INTO VeiculoTipoCarga(Veiculo_id, TipoCarga_id)
VALUES (95, 6);

INSERT INTO VeiculoTipoCarga(Veiculo_id, TipoCarga_id)
VALUES (96, 4);

INSERT INTO VeiculoTipoCarga(Veiculo_id, TipoCarga_id)
VALUES (96, 5);

INSERT INTO VeiculoTipoCarga(Veiculo_id, TipoCarga_id)
VALUES (97, 6);

INSERT INTO VeiculoTipoCarga(Veiculo_id, TipoCarga_id)
VALUES (97, 7);

INSERT INTO VeiculoTipoCarga(Veiculo_id, TipoCarga_id)
VALUES (97, 8);

INSERT INTO VeiculoTipoCarga(Veiculo_id, TipoCarga_id)
VALUES (98, 4);

INSERT INTO VeiculoTipoCarga(Veiculo_id, TipoCarga_id)
VALUES (98, 5);

INSERT INTO VeiculoTipoCarga(Veiculo_id, TipoCarga_id)
VALUES (98, 6);

INSERT INTO VeiculoTipoCarga(Veiculo_id, TipoCarga_id)
VALUES (99, 5);

INSERT INTO VeiculoTipoCarga(Veiculo_id, TipoCarga_id)
VALUES (99, 6);

INSERT INTO VeiculoTipoCarga(Veiculo_id, TipoCarga_id)
VALUES (100, 1);

-- Popula a tabela Contato.

INSERT INTO Contato(id) VALUES (1);
INSERT INTO Contato(id) VALUES (2);
INSERT INTO Contato(id) VALUES (3);
INSERT INTO Contato(id) VALUES (4);
INSERT INTO Contato(id) VALUES (5);
INSERT INTO Contato(id) VALUES (6);
INSERT INTO Contato(id) VALUES (7);
INSERT INTO Contato(id) VALUES (8);
INSERT INTO Contato(id) VALUES (9);
INSERT INTO Contato(id) VALUES (10);
INSERT INTO Contato(id) VALUES (11);
INSERT INTO Contato(id) VALUES (12);
INSERT INTO Contato(id) VALUES (13);
INSERT INTO Contato(id) VALUES (14);
INSERT INTO Contato(id) VALUES (15);
INSERT INTO Contato(id) VALUES (16);
INSERT INTO Contato(id) VALUES (17);
INSERT INTO Contato(id) VALUES (18);
INSERT INTO Contato(id) VALUES (19);
INSERT INTO Contato(id) VALUES (20);
INSERT INTO Contato(id) VALUES (21);
INSERT INTO Contato(id) VALUES (22);
INSERT INTO Contato(id) VALUES (23);
INSERT INTO Contato(id) VALUES (24);
INSERT INTO Contato(id) VALUES (25);
INSERT INTO Contato(id) VALUES (26);
INSERT INTO Contato(id) VALUES (27);
INSERT INTO Contato(id) VALUES (28);
INSERT INTO Contato(id) VALUES (29);
INSERT INTO Contato(id) VALUES (30);
INSERT INTO Contato(id) VALUES (31);
INSERT INTO Contato(id) VALUES (32);
INSERT INTO Contato(id) VALUES (33);
INSERT INTO Contato(id) VALUES (34);
INSERT INTO Contato(id) VALUES (35);
INSERT INTO Contato(id) VALUES (36);
INSERT INTO Contato(id) VALUES (37);
INSERT INTO Contato(id) VALUES (38);
INSERT INTO Contato(id) VALUES (39);
INSERT INTO Contato(id) VALUES (40);
INSERT INTO Contato(id) VALUES (41);
INSERT INTO Contato(id) VALUES (42);
INSERT INTO Contato(id) VALUES (43);
INSERT INTO Contato(id) VALUES (44);
INSERT INTO Contato(id) VALUES (45);
INSERT INTO Contato(id) VALUES (46);
INSERT INTO Contato(id) VALUES (47);
INSERT INTO Contato(id) VALUES (48);
INSERT INTO Contato(id) VALUES (49);
INSERT INTO Contato(id) VALUES (50);
INSERT INTO Contato(id) VALUES (51);
INSERT INTO Contato(id) VALUES (52);
INSERT INTO Contato(id) VALUES (53);
INSERT INTO Contato(id) VALUES (54);
INSERT INTO Contato(id) VALUES (55);
INSERT INTO Contato(id) VALUES (56);
INSERT INTO Contato(id) VALUES (57);
INSERT INTO Contato(id) VALUES (58);
INSERT INTO Contato(id) VALUES (59);
INSERT INTO Contato(id) VALUES (60);
INSERT INTO Contato(id) VALUES (61);
INSERT INTO Contato(id) VALUES (62);
INSERT INTO Contato(id) VALUES (63);
INSERT INTO Contato(id) VALUES (64);
INSERT INTO Contato(id) VALUES (65);
INSERT INTO Contato(id) VALUES (66);
INSERT INTO Contato(id) VALUES (67);
INSERT INTO Contato(id) VALUES (68);
INSERT INTO Contato(id) VALUES (69);
INSERT INTO Contato(id) VALUES (70);
INSERT INTO Contato(id) VALUES (71);
INSERT INTO Contato(id) VALUES (72);
INSERT INTO Contato(id) VALUES (73);
INSERT INTO Contato(id) VALUES (74);
INSERT INTO Contato(id) VALUES (75);
INSERT INTO Contato(id) VALUES (76);
INSERT INTO Contato(id) VALUES (77);
INSERT INTO Contato(id) VALUES (78);
INSERT INTO Contato(id) VALUES (79);
INSERT INTO Contato(id) VALUES (80);
INSERT INTO Contato(id) VALUES (81);
INSERT INTO Contato(id) VALUES (82);
INSERT INTO Contato(id) VALUES (83);
INSERT INTO Contato(id) VALUES (84);
INSERT INTO Contato(id) VALUES (85);
INSERT INTO Contato(id) VALUES (86);
INSERT INTO Contato(id) VALUES (87);
INSERT INTO Contato(id) VALUES (88);
INSERT INTO Contato(id) VALUES (89);
INSERT INTO Contato(id) VALUES (90);
INSERT INTO Contato(id) VALUES (91);
INSERT INTO Contato(id) VALUES (92);
INSERT INTO Contato(id) VALUES (93);
INSERT INTO Contato(id) VALUES (94);
INSERT INTO Contato(id) VALUES (95);
INSERT INTO Contato(id) VALUES (96);
INSERT INTO Contato(id) VALUES (97);
INSERT INTO Contato(id) VALUES (98);
INSERT INTO Contato(id) VALUES (99);
INSERT INTO Contato(id) VALUES (100);
INSERT INTO Contato(id) VALUES (101);
INSERT INTO Contato(id) VALUES (102);
INSERT INTO Contato(id) VALUES (103);
INSERT INTO Contato(id) VALUES (104);
INSERT INTO Contato(id) VALUES (105);
INSERT INTO Contato(id) VALUES (106);
INSERT INTO Contato(id) VALUES (107);
INSERT INTO Contato(id) VALUES (108);
INSERT INTO Contato(id) VALUES (109);
INSERT INTO Contato(id) VALUES (110);
INSERT INTO Contato(id) VALUES (111);
INSERT INTO Contato(id) VALUES (112);
INSERT INTO Contato(id) VALUES (113);
INSERT INTO Contato(id) VALUES (114);
INSERT INTO Contato(id) VALUES (115);
INSERT INTO Contato(id) VALUES (116);
INSERT INTO Contato(id) VALUES (117);
INSERT INTO Contato(id) VALUES (118);
INSERT INTO Contato(id) VALUES (119);
INSERT INTO Contato(id) VALUES (120);
INSERT INTO Contato(id) VALUES (121);
INSERT INTO Contato(id) VALUES (122);
INSERT INTO Contato(id) VALUES (123);
INSERT INTO Contato(id) VALUES (124);
INSERT INTO Contato(id) VALUES (125);
INSERT INTO Contato(id) VALUES (126);
INSERT INTO Contato(id) VALUES (127);
INSERT INTO Contato(id) VALUES (128);
INSERT INTO Contato(id) VALUES (129);
INSERT INTO Contato(id) VALUES (130);
INSERT INTO Contato(id) VALUES (131);
INSERT INTO Contato(id) VALUES (132);
INSERT INTO Contato(id) VALUES (133);
INSERT INTO Contato(id) VALUES (134);
INSERT INTO Contato(id) VALUES (135);
INSERT INTO Contato(id) VALUES (136);
INSERT INTO Contato(id) VALUES (137);
INSERT INTO Contato(id) VALUES (138);
INSERT INTO Contato(id) VALUES (139);
INSERT INTO Contato(id) VALUES (140);
INSERT INTO Contato(id) VALUES (141);
INSERT INTO Contato(id) VALUES (142);
INSERT INTO Contato(id) VALUES (143);
INSERT INTO Contato(id) VALUES (144);
INSERT INTO Contato(id) VALUES (145);
INSERT INTO Contato(id) VALUES (146);
INSERT INTO Contato(id) VALUES (147);
INSERT INTO Contato(id) VALUES (148);
INSERT INTO Contato(id) VALUES (149);
INSERT INTO Contato(id) VALUES (150);
INSERT INTO Contato(id) VALUES (151);
INSERT INTO Contato(id) VALUES (152);
INSERT INTO Contato(id) VALUES (153);
INSERT INTO Contato(id) VALUES (154);
INSERT INTO Contato(id) VALUES (155);
INSERT INTO Contato(id) VALUES (156);
INSERT INTO Contato(id) VALUES (157);
INSERT INTO Contato(id) VALUES (158);
INSERT INTO Contato(id) VALUES (159);
INSERT INTO Contato(id) VALUES (160);
INSERT INTO Contato(id) VALUES (161);
INSERT INTO Contato(id) VALUES (162);
INSERT INTO Contato(id) VALUES (163);
INSERT INTO Contato(id) VALUES (164);
INSERT INTO Contato(id) VALUES (165);
INSERT INTO Contato(id) VALUES (166);
INSERT INTO Contato(id) VALUES (167);
INSERT INTO Contato(id) VALUES (168);
INSERT INTO Contato(id) VALUES (169);
INSERT INTO Contato(id) VALUES (170);
INSERT INTO Contato(id) VALUES (171);
INSERT INTO Contato(id) VALUES (172);
INSERT INTO Contato(id) VALUES (173);
INSERT INTO Contato(id) VALUES (174);
INSERT INTO Contato(id) VALUES (175);
INSERT INTO Contato(id) VALUES (176);
INSERT INTO Contato(id) VALUES (177);
INSERT INTO Contato(id) VALUES (178);
INSERT INTO Contato(id) VALUES (179);
INSERT INTO Contato(id) VALUES (180);
INSERT INTO Contato(id) VALUES (181);
INSERT INTO Contato(id) VALUES (182);
INSERT INTO Contato(id) VALUES (183);
INSERT INTO Contato(id) VALUES (184);
INSERT INTO Contato(id) VALUES (185);
INSERT INTO Contato(id) VALUES (186);
INSERT INTO Contato(id) VALUES (187);
INSERT INTO Contato(id) VALUES (188);
INSERT INTO Contato(id) VALUES (189);
INSERT INTO Contato(id) VALUES (190);
INSERT INTO Contato(id) VALUES (191);
INSERT INTO Contato(id) VALUES (192);
INSERT INTO Contato(id) VALUES (193);
INSERT INTO Contato(id) VALUES (194);
INSERT INTO Contato(id) VALUES (195);
INSERT INTO Contato(id) VALUES (196);
INSERT INTO Contato(id) VALUES (197);
INSERT INTO Contato(id) VALUES (198);
INSERT INTO Contato(id) VALUES (199);
INSERT INTO Contato(id) VALUES (200);
-- Popula a tabela Telefone.

INSERT INTO Telefone(id, numero, Contato_id)
VALUES (1, '(078) 3198-5950', 1);

INSERT INTO Telefone(id, numero, Contato_id)
VALUES (2, '(077) 3103-1793', 2);

INSERT INTO Telefone(id, numero, Contato_id)
VALUES (3, '(041) 3084-6362', 3);

INSERT INTO Telefone(id, numero, Contato_id)
VALUES (4, '(095) 3913-7782', 4);

INSERT INTO Telefone(id, numero, Contato_id)
VALUES (5, '(097) 3071-0474', 5);

INSERT INTO Telefone(id, numero, Contato_id)
VALUES (6, '(085) 3205-9608', 6);

INSERT INTO Telefone(id, numero, Contato_id)
VALUES (7, '(081) 3023-2449', 7);

INSERT INTO Telefone(id, numero, Contato_id)
VALUES (8, '(078) 3308-1311', 8);

INSERT INTO Telefone(id, numero, Contato_id)
VALUES (9, '(044) 3507-0221', 9);

INSERT INTO Telefone(id, numero, Contato_id)
VALUES (10, '(094) 3400-8749', 10);

INSERT INTO Telefone(id, numero, Contato_id)
VALUES (11, '(058) 3576-8400', 11);

INSERT INTO Telefone(id, numero, Contato_id)
VALUES (12, '(091) 3467-0959', 12);

INSERT INTO Telefone(id, numero, Contato_id)
VALUES (13, '(064) 3422-3714', 13);

INSERT INTO Telefone(id, numero, Contato_id)
VALUES (14, '(078) 3825-4431', 14);

INSERT INTO Telefone(id, numero, Contato_id)
VALUES (15, '(052) 3911-7484', 15);

INSERT INTO Telefone(id, numero, Contato_id)
VALUES (16, '(075) 3634-7453', 16);

INSERT INTO Telefone(id, numero, Contato_id)
VALUES (17, '(083) 3131-1831', 17);

INSERT INTO Telefone(id, numero, Contato_id)
VALUES (18, '(059) 3628-9328', 18);

INSERT INTO Telefone(id, numero, Contato_id)
VALUES (19, '(042) 3738-7957', 19);

INSERT INTO Telefone(id, numero, Contato_id)
VALUES (20, '(093) 3554-6963', 20);

INSERT INTO Telefone(id, numero, Contato_id)
VALUES (21, '(033) 3838-4413', 21);

INSERT INTO Telefone(id, numero, Contato_id)
VALUES (22, '(019) 3293-3852', 22);

INSERT INTO Telefone(id, numero, Contato_id)
VALUES (23, '(049) 3962-1365', 23);

INSERT INTO Telefone(id, numero, Contato_id)
VALUES (24, '(016) 3463-6750', 24);

INSERT INTO Telefone(id, numero, Contato_id)
VALUES (25, '(089) 3758-2564', 25);

INSERT INTO Telefone(id, numero, Contato_id)
VALUES (26, '(093) 3815-7455', 26);

INSERT INTO Telefone(id, numero, Contato_id)
VALUES (27, '(071) 3243-7658', 27);

INSERT INTO Telefone(id, numero, Contato_id)
VALUES (28, '(015) 3833-3794', 28);

INSERT INTO Telefone(id, numero, Contato_id)
VALUES (29, '(082) 3533-3614', 29);

INSERT INTO Telefone(id, numero, Contato_id)
VALUES (30, '(068) 3749-2663', 30);

INSERT INTO Telefone(id, numero, Contato_id)
VALUES (31, '(065) 3029-3013', 31);

INSERT INTO Telefone(id, numero, Contato_id)
VALUES (32, '(064) 3551-5206', 32);

INSERT INTO Telefone(id, numero, Contato_id)
VALUES (33, '(012) 3795-5890', 33);

INSERT INTO Telefone(id, numero, Contato_id)
VALUES (34, '(048) 3147-7397', 34);

INSERT INTO Telefone(id, numero, Contato_id)
VALUES (35, '(069) 3641-7853', 35);

INSERT INTO Telefone(id, numero, Contato_id)
VALUES (36, '(097) 3349-8026', 36);

INSERT INTO Telefone(id, numero, Contato_id)
VALUES (37, '(029) 3932-2526', 37);

INSERT INTO Telefone(id, numero, Contato_id)
VALUES (38, '(067) 3316-1477', 38);

INSERT INTO Telefone(id, numero, Contato_id)
VALUES (39, '(057) 3664-9360', 39);

INSERT INTO Telefone(id, numero, Contato_id)
VALUES (40, '(093) 3965-8848', 40);

INSERT INTO Telefone(id, numero, Contato_id)
VALUES (41, '(064) 3741-7809', 41);

INSERT INTO Telefone(id, numero, Contato_id)
VALUES (42, '(071) 3059-1116', 42);

INSERT INTO Telefone(id, numero, Contato_id)
VALUES (43, '(044) 3651-0733', 43);

INSERT INTO Telefone(id, numero, Contato_id)
VALUES (44, '(025) 3414-7093', 44);

INSERT INTO Telefone(id, numero, Contato_id)
VALUES (45, '(027) 3107-4162', 45);

INSERT INTO Telefone(id, numero, Contato_id)
VALUES (46, '(086) 3331-4057', 46);

INSERT INTO Telefone(id, numero, Contato_id)
VALUES (47, '(012) 3985-7384', 47);

INSERT INTO Telefone(id, numero, Contato_id)
VALUES (48, '(077) 3698-0702', 48);

INSERT INTO Telefone(id, numero, Contato_id)
VALUES (49, '(086) 3241-1110', 49);

INSERT INTO Telefone(id, numero, Contato_id)
VALUES (50, '(082) 3781-0397', 50);

INSERT INTO Telefone(id, numero, Contato_id)
VALUES (51, '(083) 3338-6321', 51);

INSERT INTO Telefone(id, numero, Contato_id)
VALUES (52, '(078) 3597-5824', 52);

INSERT INTO Telefone(id, numero, Contato_id)
VALUES (53, '(076) 3101-7768', 53);

INSERT INTO Telefone(id, numero, Contato_id)
VALUES (54, '(053) 3434-4155', 54);

INSERT INTO Telefone(id, numero, Contato_id)
VALUES (55, '(072) 3897-6240', 55);

INSERT INTO Telefone(id, numero, Contato_id)
VALUES (56, '(033) 3310-7503', 56);

INSERT INTO Telefone(id, numero, Contato_id)
VALUES (57, '(026) 3792-6027', 57);

INSERT INTO Telefone(id, numero, Contato_id)
VALUES (58, '(099) 3203-2811', 58);

INSERT INTO Telefone(id, numero, Contato_id)
VALUES (59, '(057) 3579-1184', 59);

INSERT INTO Telefone(id, numero, Contato_id)
VALUES (60, '(034) 3142-0441', 60);

INSERT INTO Telefone(id, numero, Contato_id)
VALUES (61, '(039) 3101-3266', 61);

INSERT INTO Telefone(id, numero, Contato_id)
VALUES (62, '(055) 3834-5196', 62);

INSERT INTO Telefone(id, numero, Contato_id)
VALUES (63, '(043) 3901-1639', 63);

INSERT INTO Telefone(id, numero, Contato_id)
VALUES (64, '(066) 3892-2225', 64);

INSERT INTO Telefone(id, numero, Contato_id)
VALUES (65, '(078) 3861-5752', 65);

INSERT INTO Telefone(id, numero, Contato_id)
VALUES (66, '(079) 3319-9792', 66);

INSERT INTO Telefone(id, numero, Contato_id)
VALUES (67, '(073) 3683-2973', 67);

INSERT INTO Telefone(id, numero, Contato_id)
VALUES (68, '(026) 3851-3749', 68);

INSERT INTO Telefone(id, numero, Contato_id)
VALUES (69, '(077) 3122-5752', 69);

INSERT INTO Telefone(id, numero, Contato_id)
VALUES (70, '(036) 3542-6848', 70);

INSERT INTO Telefone(id, numero, Contato_id)
VALUES (71, '(088) 3725-5024', 71);

INSERT INTO Telefone(id, numero, Contato_id)
VALUES (72, '(037) 3488-4250', 72);

INSERT INTO Telefone(id, numero, Contato_id)
VALUES (73, '(018) 3799-1816', 73);

INSERT INTO Telefone(id, numero, Contato_id)
VALUES (74, '(019) 3823-0037', 74);

INSERT INTO Telefone(id, numero, Contato_id)
VALUES (75, '(095) 3880-6699', 75);

INSERT INTO Telefone(id, numero, Contato_id)
VALUES (76, '(069) 3156-4399', 76);

INSERT INTO Telefone(id, numero, Contato_id)
VALUES (77, '(039) 3916-0852', 77);

INSERT INTO Telefone(id, numero, Contato_id)
VALUES (78, '(099) 3119-3589', 78);

INSERT INTO Telefone(id, numero, Contato_id)
VALUES (79, '(086) 3321-9038', 79);

INSERT INTO Telefone(id, numero, Contato_id)
VALUES (80, '(057) 3356-9499', 80);

INSERT INTO Telefone(id, numero, Contato_id)
VALUES (81, '(068) 3861-0829', 81);

INSERT INTO Telefone(id, numero, Contato_id)
VALUES (82, '(085) 3039-3638', 82);

INSERT INTO Telefone(id, numero, Contato_id)
VALUES (83, '(091) 3911-0293', 83);

INSERT INTO Telefone(id, numero, Contato_id)
VALUES (84, '(058) 3611-6645', 84);

INSERT INTO Telefone(id, numero, Contato_id)
VALUES (85, '(092) 3209-5868', 85);

INSERT INTO Telefone(id, numero, Contato_id)
VALUES (86, '(091) 3763-7469', 86);

INSERT INTO Telefone(id, numero, Contato_id)
VALUES (87, '(064) 3238-5386', 87);

INSERT INTO Telefone(id, numero, Contato_id)
VALUES (88, '(073) 3953-6772', 88);

INSERT INTO Telefone(id, numero, Contato_id)
VALUES (89, '(054) 3379-6465', 89);

INSERT INTO Telefone(id, numero, Contato_id)
VALUES (90, '(088) 3580-9660', 90);

INSERT INTO Telefone(id, numero, Contato_id)
VALUES (91, '(012) 3219-6804', 91);

INSERT INTO Telefone(id, numero, Contato_id)
VALUES (92, '(036) 3307-0919', 92);

INSERT INTO Telefone(id, numero, Contato_id)
VALUES (93, '(015) 3242-6251', 93);

INSERT INTO Telefone(id, numero, Contato_id)
VALUES (94, '(064) 3969-0836', 94);

INSERT INTO Telefone(id, numero, Contato_id)
VALUES (95, '(051) 3374-8106', 95);

INSERT INTO Telefone(id, numero, Contato_id)
VALUES (96, '(044) 3630-9484', 96);

INSERT INTO Telefone(id, numero, Contato_id)
VALUES (97, '(083) 3147-9290', 97);

INSERT INTO Telefone(id, numero, Contato_id)
VALUES (98, '(031) 3172-6099', 98);

INSERT INTO Telefone(id, numero, Contato_id)
VALUES (99, '(024) 3830-5288', 99);

INSERT INTO Telefone(id, numero, Contato_id)
VALUES (100, '(051) 3810-4203', 100);

INSERT INTO Telefone(id, numero, Contato_id)
VALUES (101, '(032) 3935-2400', 101);

INSERT INTO Telefone(id, numero, Contato_id)
VALUES (102, '(091) 3801-2977', 102);

INSERT INTO Telefone(id, numero, Contato_id)
VALUES (103, '(064) 3366-2480', 103);

INSERT INTO Telefone(id, numero, Contato_id)
VALUES (104, '(016) 3263-1596', 104);

INSERT INTO Telefone(id, numero, Contato_id)
VALUES (105, '(083) 3499-6955', 105);

INSERT INTO Telefone(id, numero, Contato_id)
VALUES (106, '(095) 3875-5138', 106);

INSERT INTO Telefone(id, numero, Contato_id)
VALUES (107, '(089) 3435-0093', 107);

INSERT INTO Telefone(id, numero, Contato_id)
VALUES (108, '(047) 3315-8234', 108);

INSERT INTO Telefone(id, numero, Contato_id)
VALUES (109, '(035) 3079-5615', 109);

INSERT INTO Telefone(id, numero, Contato_id)
VALUES (110, '(045) 3216-4008', 110);

INSERT INTO Telefone(id, numero, Contato_id)
VALUES (111, '(076) 3241-5421', 111);

INSERT INTO Telefone(id, numero, Contato_id)
VALUES (112, '(021) 3697-3444', 112);

INSERT INTO Telefone(id, numero, Contato_id)
VALUES (113, '(078) 3221-0470', 113);

INSERT INTO Telefone(id, numero, Contato_id)
VALUES (114, '(071) 3959-9370', 114);

INSERT INTO Telefone(id, numero, Contato_id)
VALUES (115, '(073) 3981-2614', 115);

INSERT INTO Telefone(id, numero, Contato_id)
VALUES (116, '(089) 3168-9091', 116);

INSERT INTO Telefone(id, numero, Contato_id)
VALUES (117, '(086) 3353-5830', 117);

INSERT INTO Telefone(id, numero, Contato_id)
VALUES (118, '(075) 3942-7072', 118);

INSERT INTO Telefone(id, numero, Contato_id)
VALUES (119, '(091) 3242-7256', 119);

INSERT INTO Telefone(id, numero, Contato_id)
VALUES (120, '(018) 3195-3161', 120);

INSERT INTO Telefone(id, numero, Contato_id)
VALUES (121, '(027) 3817-9969', 121);

INSERT INTO Telefone(id, numero, Contato_id)
VALUES (122, '(065) 3095-2259', 122);

INSERT INTO Telefone(id, numero, Contato_id)
VALUES (123, '(081) 3257-8863', 123);

INSERT INTO Telefone(id, numero, Contato_id)
VALUES (124, '(094) 3553-0774', 124);

INSERT INTO Telefone(id, numero, Contato_id)
VALUES (125, '(084) 3457-9296', 125);

INSERT INTO Telefone(id, numero, Contato_id)
VALUES (126, '(068) 3602-0730', 126);

INSERT INTO Telefone(id, numero, Contato_id)
VALUES (127, '(073) 3010-5302', 127);

INSERT INTO Telefone(id, numero, Contato_id)
VALUES (128, '(015) 3869-5483', 128);

INSERT INTO Telefone(id, numero, Contato_id)
VALUES (129, '(055) 3077-5812', 129);

INSERT INTO Telefone(id, numero, Contato_id)
VALUES (130, '(087) 3224-7312', 130);

INSERT INTO Telefone(id, numero, Contato_id)
VALUES (131, '(088) 3165-9618', 131);

INSERT INTO Telefone(id, numero, Contato_id)
VALUES (132, '(017) 3541-6424', 132);

INSERT INTO Telefone(id, numero, Contato_id)
VALUES (133, '(049) 3063-9977', 133);

INSERT INTO Telefone(id, numero, Contato_id)
VALUES (134, '(042) 3781-4676', 134);

INSERT INTO Telefone(id, numero, Contato_id)
VALUES (135, '(081) 3122-5601', 135);

INSERT INTO Telefone(id, numero, Contato_id)
VALUES (136, '(066) 3293-1333', 136);

INSERT INTO Telefone(id, numero, Contato_id)
VALUES (137, '(093) 3804-5839', 137);

INSERT INTO Telefone(id, numero, Contato_id)
VALUES (138, '(088) 3564-3817', 138);

INSERT INTO Telefone(id, numero, Contato_id)
VALUES (139, '(056) 3818-7637', 139);

INSERT INTO Telefone(id, numero, Contato_id)
VALUES (140, '(026) 3275-5518', 140);

INSERT INTO Telefone(id, numero, Contato_id)
VALUES (141, '(045) 3960-7652', 141);

INSERT INTO Telefone(id, numero, Contato_id)
VALUES (142, '(046) 3666-9827', 142);

INSERT INTO Telefone(id, numero, Contato_id)
VALUES (143, '(012) 3560-8715', 143);

INSERT INTO Telefone(id, numero, Contato_id)
VALUES (144, '(098) 3636-4441', 144);

INSERT INTO Telefone(id, numero, Contato_id)
VALUES (145, '(081) 3447-4746', 145);

INSERT INTO Telefone(id, numero, Contato_id)
VALUES (146, '(031) 3379-2162', 146);

INSERT INTO Telefone(id, numero, Contato_id)
VALUES (147, '(074) 3988-3397', 147);

INSERT INTO Telefone(id, numero, Contato_id)
VALUES (148, '(023) 3483-4319', 148);

INSERT INTO Telefone(id, numero, Contato_id)
VALUES (149, '(023) 3756-0448', 149);

INSERT INTO Telefone(id, numero, Contato_id)
VALUES (150, '(086) 3407-4199', 150);

INSERT INTO Telefone(id, numero, Contato_id)
VALUES (151, '(058) 3382-0086', 151);

INSERT INTO Telefone(id, numero, Contato_id)
VALUES (152, '(062) 3085-2793', 152);

INSERT INTO Telefone(id, numero, Contato_id)
VALUES (153, '(073) 3598-5834', 153);

INSERT INTO Telefone(id, numero, Contato_id)
VALUES (154, '(033) 3753-8613', 154);

INSERT INTO Telefone(id, numero, Contato_id)
VALUES (155, '(048) 3406-8117', 155);

INSERT INTO Telefone(id, numero, Contato_id)
VALUES (156, '(096) 3787-7372', 156);

INSERT INTO Telefone(id, numero, Contato_id)
VALUES (157, '(064) 3646-6968', 157);

INSERT INTO Telefone(id, numero, Contato_id)
VALUES (158, '(073) 3224-5917', 158);

INSERT INTO Telefone(id, numero, Contato_id)
VALUES (159, '(026) 3808-6725', 159);

INSERT INTO Telefone(id, numero, Contato_id)
VALUES (160, '(026) 3274-0286', 160);

INSERT INTO Telefone(id, numero, Contato_id)
VALUES (161, '(079) 3942-5471', 161);

INSERT INTO Telefone(id, numero, Contato_id)
VALUES (162, '(074) 3583-5332', 162);

INSERT INTO Telefone(id, numero, Contato_id)
VALUES (163, '(039) 3509-5401', 163);

INSERT INTO Telefone(id, numero, Contato_id)
VALUES (164, '(067) 3450-7770', 164);

INSERT INTO Telefone(id, numero, Contato_id)
VALUES (165, '(017) 3978-3197', 165);

INSERT INTO Telefone(id, numero, Contato_id)
VALUES (166, '(076) 3599-2245', 166);

INSERT INTO Telefone(id, numero, Contato_id)
VALUES (167, '(079) 3915-8783', 167);

INSERT INTO Telefone(id, numero, Contato_id)
VALUES (168, '(015) 3192-6548', 168);

INSERT INTO Telefone(id, numero, Contato_id)
VALUES (169, '(071) 3673-0073', 169);

INSERT INTO Telefone(id, numero, Contato_id)
VALUES (170, '(061) 3371-4252', 170);

INSERT INTO Telefone(id, numero, Contato_id)
VALUES (171, '(046) 3891-2846', 171);

INSERT INTO Telefone(id, numero, Contato_id)
VALUES (172, '(096) 3313-8100', 172);

INSERT INTO Telefone(id, numero, Contato_id)
VALUES (173, '(099) 3029-9795', 173);

INSERT INTO Telefone(id, numero, Contato_id)
VALUES (174, '(066) 3021-4767', 174);

INSERT INTO Telefone(id, numero, Contato_id)
VALUES (175, '(034) 3909-1690', 175);

INSERT INTO Telefone(id, numero, Contato_id)
VALUES (176, '(058) 3096-8371', 176);

INSERT INTO Telefone(id, numero, Contato_id)
VALUES (177, '(073) 3309-2321', 177);

INSERT INTO Telefone(id, numero, Contato_id)
VALUES (178, '(091) 3341-4353', 178);

INSERT INTO Telefone(id, numero, Contato_id)
VALUES (179, '(086) 3869-7412', 179);

INSERT INTO Telefone(id, numero, Contato_id)
VALUES (180, '(055) 3506-6341', 180);

INSERT INTO Telefone(id, numero, Contato_id)
VALUES (181, '(033) 3219-6452', 181);

INSERT INTO Telefone(id, numero, Contato_id)
VALUES (182, '(079) 3789-7857', 182);

INSERT INTO Telefone(id, numero, Contato_id)
VALUES (183, '(023) 3817-9035', 183);

INSERT INTO Telefone(id, numero, Contato_id)
VALUES (184, '(027) 3453-2673', 184);

INSERT INTO Telefone(id, numero, Contato_id)
VALUES (185, '(077) 3892-2755', 185);

INSERT INTO Telefone(id, numero, Contato_id)
VALUES (186, '(047) 3862-7683', 186);

INSERT INTO Telefone(id, numero, Contato_id)
VALUES (187, '(064) 3921-5975', 187);

INSERT INTO Telefone(id, numero, Contato_id)
VALUES (188, '(084) 3881-0144', 188);

INSERT INTO Telefone(id, numero, Contato_id)
VALUES (189, '(029) 3427-5812', 189);

INSERT INTO Telefone(id, numero, Contato_id)
VALUES (190, '(018) 3960-6021', 190);

INSERT INTO Telefone(id, numero, Contato_id)
VALUES (191, '(048) 3305-9666', 191);

INSERT INTO Telefone(id, numero, Contato_id)
VALUES (192, '(051) 3086-8331', 192);

INSERT INTO Telefone(id, numero, Contato_id)
VALUES (193, '(052) 3858-0691', 193);

INSERT INTO Telefone(id, numero, Contato_id)
VALUES (194, '(063) 3954-4741', 194);

INSERT INTO Telefone(id, numero, Contato_id)
VALUES (195, '(012) 3834-4473', 195);

INSERT INTO Telefone(id, numero, Contato_id)
VALUES (196, '(059) 3728-6247', 196);

INSERT INTO Telefone(id, numero, Contato_id)
VALUES (197, '(018) 3124-6164', 197);

INSERT INTO Telefone(id, numero, Contato_id)
VALUES (198, '(025) 3743-4774', 198);

INSERT INTO Telefone(id, numero, Contato_id)
VALUES (199, '(073) 3377-6318', 199);

INSERT INTO Telefone(id, numero, Contato_id)
VALUES (200, '(071) 3052-4592', 200);

-- Popula a tabela Endereco.

INSERT INTO Endereco(id, cep, bairro, rua, Contato_id)
VALUES (1, '31417-195', 'Citrus em Geral', 'Rua 62', 1);

INSERT INTO Endereco(id, cep, bairro, rua, Contato_id)
VALUES (2, '24748-613', 'Acerola', 'Rua 37', 2);

INSERT INTO Endereco(id, cep, bairro, rua, Contato_id)
VALUES (3, '06016-751', 'Guaraná', 'Rua 93', 3);

INSERT INTO Endereco(id, cep, bairro, rua, Contato_id)
VALUES (4, '90655-096', 'Laranja valência', 'Rua 61', 4);

INSERT INTO Endereco(id, cep, bairro, rua, Contato_id)
VALUES (5, '36593-027', 'Condessa', 'Rua 44', 5);

INSERT INTO Endereco(id, cep, bairro, rua, Contato_id)
VALUES (6, '41462-514', 'Frutas do Cerrado', 'Rua 11', 6);

INSERT INTO Endereco(id, cep, bairro, rua, Contato_id)
VALUES (7, '77334-498', 'Figo da índia vermelho', 'Rua 77', 7);

INSERT INTO Endereco(id, cep, bairro, rua, Contato_id)
VALUES (8, '33706-750', 'Romã', 'Rua 58', 8);

INSERT INTO Endereco(id, cep, bairro, rua, Contato_id)
VALUES (9, '93755-713', 'Cajá-manga', 'Rua 59', 9);

INSERT INTO Endereco(id, cep, bairro, rua, Contato_id)
VALUES (10, '24644-462', 'Mamão papaia', 'Rua 29', 10);

INSERT INTO Endereco(id, cep, bairro, rua, Contato_id)
VALUES (11, '72113-696', 'Grapefruit rosa', 'Rua 18', 11);

INSERT INTO Endereco(id, cep, bairro, rua, Contato_id)
VALUES (12, '97637-875', 'Jabuticaba branca', 'Rua 35', 12);

INSERT INTO Endereco(id, cep, bairro, rua, Contato_id)
VALUES (13, '83543-750', 'Kiwi', 'Rua 50', 13);

INSERT INTO Endereco(id, cep, bairro, rua, Contato_id)
VALUES (14, '86600-739', 'Cherimóia', 'Rua 51', 14);

INSERT INTO Endereco(id, cep, bairro, rua, Contato_id)
VALUES (15, '02915-395', 'Coco', 'Rua 82', 15);

INSERT INTO Endereco(id, cep, bairro, rua, Contato_id)
VALUES (16, '63459-591', 'Caraguata', 'Rua 56', 16);

INSERT INTO Endereco(id, cep, bairro, rua, Contato_id)
VALUES (17, '10563-595', 'Tangerina', 'Rua 79', 17);

INSERT INTO Endereco(id, cep, bairro, rua, Contato_id)
VALUES (18, '28275-878', 'Amêndoa', 'Rua 11', 18);

INSERT INTO Endereco(id, cep, bairro, rua, Contato_id)
VALUES (19, '48948-175', 'Bilimbi', 'Rua 53', 19);

INSERT INTO Endereco(id, cep, bairro, rua, Contato_id)
VALUES (20, '88752-666', 'Mangostão', 'Rua 26', 20);

INSERT INTO Endereco(id, cep, bairro, rua, Contato_id)
VALUES (21, '97657-603', 'Santol', 'Rua 41', 21);

INSERT INTO Endereco(id, cep, bairro, rua, Contato_id)
VALUES (22, '73950-091', 'Banana da terra', 'Rua 58', 22);

INSERT INTO Endereco(id, cep, bairro, rua, Contato_id)
VALUES (23, '23222-276', 'Akee', 'Rua 27', 23);

INSERT INTO Endereco(id, cep, bairro, rua, Contato_id)
VALUES (24, '57203-531', 'Muruci', 'Rua 29', 24);

INSERT INTO Endereco(id, cep, bairro, rua, Contato_id)
VALUES (25, '83609-008', 'Carissa', 'Rua 57', 25);

INSERT INTO Endereco(id, cep, bairro, rua, Contato_id)
VALUES (26, '99782-740', 'Jujuba', 'Rua 51', 26);

INSERT INTO Endereco(id, cep, bairro, rua, Contato_id)
VALUES (27, '14781-706', 'Graviola', 'Rua 46', 27);

INSERT INTO Endereco(id, cep, bairro, rua, Contato_id)
VALUES (28, '08527-323', 'Pêssego', 'Rua 75', 28);

INSERT INTO Endereco(id, cep, bairro, rua, Contato_id)
VALUES (29, '33698-868', 'Uva itália', 'Rua 21', 29);

INSERT INTO Endereco(id, cep, bairro, rua, Contato_id)
VALUES (30, '16167-636', 'Salak', 'Rua 80', 30);

INSERT INTO Endereco(id, cep, bairro, rua, Contato_id)
VALUES (31, '27565-482', 'Macadâmia', 'Rua 58', 31);

INSERT INTO Endereco(id, cep, bairro, rua, Contato_id)
VALUES (32, '08183-250', 'Jabuticaba', 'Rua 25', 32);

INSERT INTO Endereco(id, cep, bairro, rua, Contato_id)
VALUES (33, '59195-637', 'Jambo amarelo', 'Rua 41', 33);

INSERT INTO Endereco(id, cep, bairro, rua, Contato_id)
VALUES (34, '27023-899', 'Banana Pacova', 'Rua 56', 34);

INSERT INTO Endereco(id, cep, bairro, rua, Contato_id)
VALUES (35, '48120-197', 'Laranja lima', 'Rua 46', 35);

INSERT INTO Endereco(id, cep, bairro, rua, Contato_id)
VALUES (36, '70082-352', 'Coco babaçu', 'Rua 10', 36);

INSERT INTO Endereco(id, cep, bairro, rua, Contato_id)
VALUES (37, '81776-684', 'Maçaranduba', 'Rua 70', 37);

INSERT INTO Endereco(id, cep, bairro, rua, Contato_id)
VALUES (38, '63509-941', 'Guariroba', 'Rua 18', 38);

INSERT INTO Endereco(id, cep, bairro, rua, Contato_id)
VALUES (39, '56972-365', 'Maracujá', 'Rua 25', 39);

INSERT INTO Endereco(id, cep, bairro, rua, Contato_id)
VALUES (40, '47536-436', 'Banana Passa', 'Rua 27', 40);

INSERT INTO Endereco(id, cep, bairro, rua, Contato_id)
VALUES (41, '83187-630', 'Abacaxi', 'Rua 59', 41);

INSERT INTO Endereco(id, cep, bairro, rua, Contato_id)
VALUES (42, '45599-408', 'Cupuaçu', 'Rua 29', 42);

INSERT INTO Endereco(id, cep, bairro, rua, Contato_id)
VALUES (43, '52081-420', 'Marula', 'Rua 16', 43);

INSERT INTO Endereco(id, cep, bairro, rua, Contato_id)
VALUES (44, '38848-604', 'Maçã', 'Rua 53', 44);

INSERT INTO Endereco(id, cep, bairro, rua, Contato_id)
VALUES (45, '61780-376', 'Goiaba', 'Rua 78', 45);

INSERT INTO Endereco(id, cep, bairro, rua, Contato_id)
VALUES (46, '39105-555', 'Dovyalis', 'Rua 14', 46);

INSERT INTO Endereco(id, cep, bairro, rua, Contato_id)
VALUES (47, '90337-329', 'Cacau', 'Rua 68', 47);

INSERT INTO Endereco(id, cep, bairro, rua, Contato_id)
VALUES (48, '74435-784', 'Durião', 'Rua 98', 48);

INSERT INTO Endereco(id, cep, bairro, rua, Contato_id)
VALUES (49, '19428-334', 'Pequi', 'Rua 96', 49);

INSERT INTO Endereco(id, cep, bairro, rua, Contato_id)
VALUES (50, '16797-358', 'Banana Maçã', 'Rua 19', 50);

INSERT INTO Endereco(id, cep, bairro, rua, Contato_id)
VALUES (51, '49593-652', 'Jambo branco', 'Rua 68', 51);

INSERT INTO Endereco(id, cep, bairro, rua, Contato_id)
VALUES (52, '41362-757', 'Butiá', 'Rua 42', 52);

INSERT INTO Endereco(id, cep, bairro, rua, Contato_id)
VALUES (53, '80709-246', 'Tamarilu', 'Rua 41', 53);

INSERT INTO Endereco(id, cep, bairro, rua, Contato_id)
VALUES (54, '33805-889', 'Mandacarú', 'Rua 50', 54);

INSERT INTO Endereco(id, cep, bairro, rua, Contato_id)
VALUES (55, '23512-649', 'Fruta-pão', 'Rua 62', 55);

INSERT INTO Endereco(id, cep, bairro, rua, Contato_id)
VALUES (56, '65194-664', 'Mamoncillo', 'Rua 25', 56);

INSERT INTO Endereco(id, cep, bairro, rua, Contato_id)
VALUES (57, '89291-746', 'Ciriguela', 'Rua 24', 57);

INSERT INTO Endereco(id, cep, bairro, rua, Contato_id)
VALUES (58, '81432-114', 'Lichia', 'Rua 25', 58);

INSERT INTO Endereco(id, cep, bairro, rua, Contato_id)
VALUES (59, '26567-163', 'Camu-camu', 'Rua 76', 59);

INSERT INTO Endereco(id, cep, bairro, rua, Contato_id)
VALUES (60, '19492-522', 'Melão', 'Rua 55', 60);

INSERT INTO Endereco(id, cep, bairro, rua, Contato_id)
VALUES (61, '37498-843', 'Lucuma', 'Rua 20', 61);

INSERT INTO Endereco(id, cep, bairro, rua, Contato_id)
VALUES (62, '80002-703', 'Ilama', 'Rua 35', 62);

INSERT INTO Endereco(id, cep, bairro, rua, Contato_id)
VALUES (63, '46624-275', 'Manga bourbon', 'Rua 68', 63);

INSERT INTO Endereco(id, cep, bairro, rua, Contato_id)
VALUES (64, '28837-794', 'Umari', 'Rua 71', 64);

INSERT INTO Endereco(id, cep, bairro, rua, Contato_id)
VALUES (65, '10245-005', 'Uvaia', 'Rua 78', 65);

INSERT INTO Endereco(id, cep, bairro, rua, Contato_id)
VALUES (66, '15526-883', 'Melancia branca', 'Rua 73', 66);

INSERT INTO Endereco(id, cep, bairro, rua, Contato_id)
VALUES (67, '08975-879', 'Jerivá ou Jeribá', 'Rua 74', 67);

INSERT INTO Endereco(id, cep, bairro, rua, Contato_id)
VALUES (68, '19050-018', 'Pêra', 'Rua 65', 68);

INSERT INTO Endereco(id, cep, bairro, rua, Contato_id)
VALUES (69, '20847-137', 'Ameixa', 'Rua 12', 69);

INSERT INTO Endereco(id, cep, bairro, rua, Contato_id)
VALUES (70, '37369-441', 'Maçã argentina', 'Rua 97', 70);

INSERT INTO Endereco(id, cep, bairro, rua, Contato_id)
VALUES (71, '66137-883', 'Cidra', 'Rua 22', 71);

INSERT INTO Endereco(id, cep, bairro, rua, Contato_id)
VALUES (72, '73733-571', 'Jambo rosa', 'Rua 26', 72);

INSERT INTO Endereco(id, cep, bairro, rua, Contato_id)
VALUES (73, '32838-769', 'Uva japonesa', 'Rua 50', 73);

INSERT INTO Endereco(id, cep, bairro, rua, Contato_id)
VALUES (74, '54592-277', 'Cabeludinha', 'Rua 89', 74);

INSERT INTO Endereco(id, cep, bairro, rua, Contato_id)
VALUES (75, '68635-771', 'Langsat', 'Rua 36', 75);

INSERT INTO Endereco(id, cep, bairro, rua, Contato_id)
VALUES (76, '21195-903', 'Licuri', 'Rua 56', 76);

INSERT INTO Endereco(id, cep, bairro, rua, Contato_id)
VALUES (77, '58762-344', 'Cereja fresca', 'Rua 54', 77);

INSERT INTO Endereco(id, cep, bairro, rua, Contato_id)
VALUES (78, '13446-604', 'Feijoa', 'Rua 38', 78);

INSERT INTO Endereco(id, cep, bairro, rua, Contato_id)
VALUES (79, '34529-641', 'Manga haden', 'Rua 78', 79);

INSERT INTO Endereco(id, cep, bairro, rua, Contato_id)
VALUES (80, '58079-384', 'Coco fresco', 'Rua 67', 80);

INSERT INTO Endereco(id, cep, bairro, rua, Contato_id)
VALUES (81, '35810-443', 'Cherimoya', 'Rua 21', 81);

INSERT INTO Endereco(id, cep, bairro, rua, Contato_id)
VALUES (82, '28781-092', 'Tamarindo', 'Rua 89', 82);

INSERT INTO Endereco(id, cep, bairro, rua, Contato_id)
VALUES (83, '50812-332', 'Guajirú', 'Rua 26', 83);

INSERT INTO Endereco(id, cep, bairro, rua, Contato_id)
VALUES (84, '65375-376', 'Tarumã', 'Rua 91', 84);

INSERT INTO Endereco(id, cep, bairro, rua, Contato_id)
VALUES (85, '23785-162', 'Pinha', 'Rua 76', 85);

INSERT INTO Endereco(id, cep, bairro, rua, Contato_id)
VALUES (86, '52125-930', 'Mamey', 'Rua 68', 86);

INSERT INTO Endereco(id, cep, bairro, rua, Contato_id)
VALUES (87, '41088-715', 'Melancia', 'Rua 23', 87);

INSERT INTO Endereco(id, cep, bairro, rua, Contato_id)
VALUES (88, '36060-709', 'Pitanga', 'Rua 51', 88);

INSERT INTO Endereco(id, cep, bairro, rua, Contato_id)
VALUES (89, '79173-782', 'Limão galego', 'Rua 99', 89);

INSERT INTO Endereco(id, cep, bairro, rua, Contato_id)
VALUES (90, '30387-360', 'Bacaba', 'Rua 84', 90);

INSERT INTO Endereco(id, cep, bairro, rua, Contato_id)
VALUES (91, '74387-229', 'Limão tahiti', 'Rua 16', 91);

INSERT INTO Endereco(id, cep, bairro, rua, Contato_id)
VALUES (92, '67819-801', 'Uva niagara', 'Rua 20', 92);

INSERT INTO Endereco(id, cep, bairro, rua, Contato_id)
VALUES (93, '89124-230', 'Cutite', 'Rua 88', 93);

INSERT INTO Endereco(id, cep, bairro, rua, Contato_id)
VALUES (94, '48638-823', 'Avocadoe', 'Rua 12', 94);

INSERT INTO Endereco(id, cep, bairro, rua, Contato_id)
VALUES (95, '63841-910', 'Ingá', 'Rua 78', 95);

INSERT INTO Endereco(id, cep, bairro, rua, Contato_id)
VALUES (96, '35510-446', 'Framboesa', 'Rua 25', 96);

INSERT INTO Endereco(id, cep, bairro, rua, Contato_id)
VALUES (97, '58828-299', 'Laranja pêra', 'Rua 58', 97);

INSERT INTO Endereco(id, cep, bairro, rua, Contato_id)
VALUES (98, '91983-799', 'Murici', 'Rua 78', 98);

INSERT INTO Endereco(id, cep, bairro, rua, Contato_id)
VALUES (99, '07945-246', 'Calabura', 'Rua 65', 99);

INSERT INTO Endereco(id, cep, bairro, rua, Contato_id)
VALUES (100, '63791-780', 'Nêspera', 'Rua 50', 100);

INSERT INTO Endereco(id, cep, bairro, rua, Contato_id)
VALUES (101, '38836-617', 'Umê', 'Rua 50', 101);

INSERT INTO Endereco(id, cep, bairro, rua, Contato_id)
VALUES (102, '53650-569', 'Tomate Arbóreo', 'Rua 39', 102);

INSERT INTO Endereco(id, cep, bairro, rua, Contato_id)
VALUES (103, '18719-364', 'Carambola', 'Rua 88', 103);

INSERT INTO Endereco(id, cep, bairro, rua, Contato_id)
VALUES (104, '19303-107', 'Morango', 'Rua 67', 104);

INSERT INTO Endereco(id, cep, bairro, rua, Contato_id)
VALUES (105, '73130-720', 'Banana Nanica', 'Rua 91', 105);

INSERT INTO Endereco(id, cep, bairro, rua, Contato_id)
VALUES (106, '95834-647', 'Caimito branco', 'Rua 42', 106);

INSERT INTO Endereco(id, cep, bairro, rua, Contato_id)
VALUES (107, '74708-625', 'Jamelão', 'Rua 53', 107);

INSERT INTO Endereco(id, cep, bairro, rua, Contato_id)
VALUES (108, '08368-215', 'Calamondin', 'Rua 41', 108);

INSERT INTO Endereco(id, cep, bairro, rua, Contato_id)
VALUES (109, '18812-763', 'Figo da índia amarelo', 'Rua 55', 109);

INSERT INTO Endereco(id, cep, bairro, rua, Contato_id)
VALUES (110, '09623-272', 'Achachairu', 'Rua 89', 110);

INSERT INTO Endereco(id, cep, bairro, rua, Contato_id)
VALUES (111, '84627-252', 'Abiu', 'Rua 15', 111);

INSERT INTO Endereco(id, cep, bairro, rua, Contato_id)
VALUES (112, '67929-872', 'Uxi', 'Rua 71', 112);

INSERT INTO Endereco(id, cep, bairro, rua, Contato_id)
VALUES (113, '07650-792', 'Café', 'Rua 88', 113);

INSERT INTO Endereco(id, cep, bairro, rua, Contato_id)
VALUES (114, '01480-565', 'Melancia amarela', 'Rua 30', 114);

INSERT INTO Endereco(id, cep, bairro, rua, Contato_id)
VALUES (115, '03673-275', 'Cajá vermelho', 'Rua 47', 115);

INSERT INTO Endereco(id, cep, bairro, rua, Contato_id)
VALUES (116, '30641-318', 'Uva', 'Rua 14', 116);

INSERT INTO Endereco(id, cep, bairro, rua, Contato_id)
VALUES (117, '18987-178', 'Goiaba branca', 'Rua 73', 117);

INSERT INTO Endereco(id, cep, bairro, rua, Contato_id)
VALUES (118, '91121-652', 'Limão siciliano', 'Rua 75', 118);

INSERT INTO Endereco(id, cep, bairro, rua, Contato_id)
VALUES (119, '22200-572', 'Cambucá', 'Rua 77', 119);

INSERT INTO Endereco(id, cep, bairro, rua, Contato_id)
VALUES (120, '42436-190', 'Murcote', 'Rua 73', 120);

INSERT INTO Endereco(id, cep, bairro, rua, Contato_id)
VALUES (121, '82604-418', 'Taiúva', 'Rua 62', 121);

INSERT INTO Endereco(id, cep, bairro, rua, Contato_id)
VALUES (122, '39050-231', 'Uva branca', 'Rua 69', 122);

INSERT INTO Endereco(id, cep, bairro, rua, Contato_id)
VALUES (123, '33772-897', 'Tucumã', 'Rua 81', 123);

INSERT INTO Endereco(id, cep, bairro, rua, Contato_id)
VALUES (124, '03302-698', 'Taperebá', 'Rua 23', 124);

INSERT INTO Endereco(id, cep, bairro, rua, Contato_id)
VALUES (125, '28392-773', 'Champedaque', 'Rua 27', 125);

INSERT INTO Endereco(id, cep, bairro, rua, Contato_id)
VALUES (126, '32216-858', 'Açaí', 'Rua 10', 126);

INSERT INTO Endereco(id, cep, bairro, rua, Contato_id)
VALUES (127, '10490-541', 'Cagaita', 'Rua 57', 127);

INSERT INTO Endereco(id, cep, bairro, rua, Contato_id)
VALUES (128, '37258-983', 'Umbu', 'Rua 78', 128);

INSERT INTO Endereco(id, cep, bairro, rua, Contato_id)
VALUES (129, '96444-817', 'Cardo branco', 'Rua 10', 129);

INSERT INTO Endereco(id, cep, bairro, rua, Contato_id)
VALUES (130, '01817-557', 'Guabiroba', 'Rua 17', 130);

INSERT INTO Endereco(id, cep, bairro, rua, Contato_id)
VALUES (131, '77144-856', 'Cereja', 'Rua 66', 131);

INSERT INTO Endereco(id, cep, bairro, rua, Contato_id)
VALUES (132, '37538-100', 'Granadilla', 'Rua 64', 132);

INSERT INTO Endereco(id, cep, bairro, rua, Contato_id)
VALUES (133, '87398-829', 'Caqui paulista', 'Rua 71', 133);

INSERT INTO Endereco(id, cep, bairro, rua, Contato_id)
VALUES (134, '28364-843', 'Jurubeba', 'Rua 88', 134);

INSERT INTO Endereco(id, cep, bairro, rua, Contato_id)
VALUES (135, '17575-667', 'Limão', 'Rua 76', 135);

INSERT INTO Endereco(id, cep, bairro, rua, Contato_id)
VALUES (136, '52987-280', 'Toranja', 'Rua 20', 136);

INSERT INTO Endereco(id, cep, bairro, rua, Contato_id)
VALUES (137, '24509-907', 'Sapucaia', 'Rua 59', 137);

INSERT INTO Endereco(id, cep, bairro, rua, Contato_id)
VALUES (138, '85194-669', 'Mangaba', 'Rua 97', 138);

INSERT INTO Endereco(id, cep, bairro, rua, Contato_id)
VALUES (139, '22145-674', 'Figo', 'Rua 19', 139);

INSERT INTO Endereco(id, cep, bairro, rua, Contato_id)
VALUES (140, '81899-143', 'Goiaba vermelha', 'Rua 62', 140);

INSERT INTO Endereco(id, cep, bairro, rua, Contato_id)
VALUES (141, '99914-767', 'Jatobá', 'Rua 67', 141);

INSERT INTO Endereco(id, cep, bairro, rua, Contato_id)
VALUES (142, '61920-887', 'Mangostin', 'Rua 69', 142);

INSERT INTO Endereco(id, cep, bairro, rua, Contato_id)
VALUES (143, '72805-399', 'Grumixama', 'Rua 53', 143);

INSERT INTO Endereco(id, cep, bairro, rua, Contato_id)
VALUES (144, '81028-055', 'Banana dágua', 'Rua 34', 144);

INSERT INTO Endereco(id, cep, bairro, rua, Contato_id)
VALUES (145, '89526-132', 'Araçá', 'Rua 76', 145);

INSERT INTO Endereco(id, cep, bairro, rua, Contato_id)
VALUES (146, '62191-246', 'Pinhão', 'Rua 94', 146);

INSERT INTO Endereco(id, cep, bairro, rua, Contato_id)
VALUES (147, '70413-219', 'Blueberry', 'Rua 75', 147);

INSERT INTO Endereco(id, cep, bairro, rua, Contato_id)
VALUES (148, '02276-548', 'Dendê', 'Rua 79', 148);

INSERT INTO Endereco(id, cep, bairro, rua, Contato_id)
VALUES (149, '15792-844', 'Jaca', 'Rua 52', 149);

INSERT INTO Endereco(id, cep, bairro, rua, Contato_id)
VALUES (150, '16799-106', 'Caqui japonês', 'Rua 63', 150);

INSERT INTO Endereco(id, cep, bairro, rua, Contato_id)
VALUES (151, '01701-992', 'Tangerina Poncâ', 'Rua 17', 151);

INSERT INTO Endereco(id, cep, bairro, rua, Contato_id)
VALUES (152, '37546-553', 'Castanhas Variadas', 'Rua 72', 152);

INSERT INTO Endereco(id, cep, bairro, rua, Contato_id)
VALUES (153, '00611-629', 'Kinkan', 'Rua 75', 153);

INSERT INTO Endereco(id, cep, bairro, rua, Contato_id)
VALUES (154, '56039-840', 'Caju', 'Rua 18', 154);

INSERT INTO Endereco(id, cep, bairro, rua, Contato_id)
VALUES (155, '06591-614', 'Babaco', 'Rua 83', 155);

INSERT INTO Endereco(id, cep, bairro, rua, Contato_id)
VALUES (156, '86321-184', 'Mamão formosa', 'Rua 79', 156);

INSERT INTO Endereco(id, cep, bairro, rua, Contato_id)
VALUES (157, '94462-344', 'Anonáceas', 'Rua 98', 157);

INSERT INTO Endereco(id, cep, bairro, rua, Contato_id)
VALUES (158, '66245-503', 'Maná - Cubiu', 'Rua 10', 158);

INSERT INTO Endereco(id, cep, bairro, rua, Contato_id)
VALUES (159, '06377-147', 'Wampi', 'Rua 86', 159);

INSERT INTO Endereco(id, cep, bairro, rua, Contato_id)
VALUES (160, '29923-059', 'Avelã', 'Rua 34', 160);

INSERT INTO Endereco(id, cep, bairro, rua, Contato_id)
VALUES (161, '07708-670', 'Jujuba chinesa', 'Rua 26', 161);

INSERT INTO Endereco(id, cep, bairro, rua, Contato_id)
VALUES (162, '37694-126', 'Physalis', 'Rua 40', 162);

INSERT INTO Endereco(id, cep, bairro, rua, Contato_id)
VALUES (163, '06295-089', 'Jaracatiá', 'Rua 88', 163);

INSERT INTO Endereco(id, cep, bairro, rua, Contato_id)
VALUES (164, '60885-549', 'Pêra Williams', 'Rua 22', 164);

INSERT INTO Endereco(id, cep, bairro, rua, Contato_id)
VALUES (165, '10160-884', 'Uva rubi', 'Rua 40', 165);

INSERT INTO Endereco(id, cep, bairro, rua, Contato_id)
VALUES (166, '49130-986', 'Veludo', 'Rua 78', 166);

INSERT INTO Endereco(id, cep, bairro, rua, Contato_id)
VALUES (167, '58347-522', 'Framboesa fresca', 'Rua 21', 167);

INSERT INTO Endereco(id, cep, bairro, rua, Contato_id)
VALUES (168, '86903-801', 'Tâmara', 'Rua 21', 168);

INSERT INTO Endereco(id, cep, bairro, rua, Contato_id)
VALUES (169, '95513-579', 'Limas Ácidas e Doces', 'Rua 53', 169);

INSERT INTO Endereco(id, cep, bairro, rua, Contato_id)
VALUES (170, '17358-945', 'Pitaya', 'Rua 86', 170);

INSERT INTO Endereco(id, cep, bairro, rua, Contato_id)
VALUES (171, '37372-967', 'Baru', 'Rua 21', 171);

INSERT INTO Endereco(id, cep, bairro, rua, Contato_id)
VALUES (172, '77404-280', 'Caimito', 'Rua 97', 172);

INSERT INTO Endereco(id, cep, bairro, rua, Contato_id)
VALUES (173, '66426-372', 'Uva passa', 'Rua 96', 173);

INSERT INTO Endereco(id, cep, bairro, rua, Contato_id)
VALUES (174, '44749-611', 'Jatobáá', 'Rua 41', 174);

INSERT INTO Endereco(id, cep, bairro, rua, Contato_id)
VALUES (175, '48206-895', 'Piquiá', 'Rua 29', 175);

INSERT INTO Endereco(id, cep, bairro, rua, Contato_id)
VALUES (176, '20519-838', 'Banana figo', 'Rua 13', 176);

INSERT INTO Endereco(id, cep, bairro, rua, Contato_id)
VALUES (177, '07657-898', 'Jenipapo', 'Rua 54', 177);

INSERT INTO Endereco(id, cep, bairro, rua, Contato_id)
VALUES (178, '89817-473', 'Abacate', 'Rua 38', 178);

INSERT INTO Endereco(id, cep, bairro, rua, Contato_id)
VALUES (179, '58619-918', 'Atemóia', 'Rua 85', 179);

INSERT INTO Endereco(id, cep, bairro, rua, Contato_id)
VALUES (180, '73772-501', 'Pitomba', 'Rua 77', 180);

INSERT INTO Endereco(id, cep, bairro, rua, Contato_id)
VALUES (181, '44210-658', 'Biriba', 'Rua 59', 181);

INSERT INTO Endereco(id, cep, bairro, rua, Contato_id)
VALUES (182, '47693-984', 'Pêra Park', 'Rua 80', 182);

INSERT INTO Endereco(id, cep, bairro, rua, Contato_id)
VALUES (183, '39458-917', 'Amora silvestre', 'Rua 65', 183);

INSERT INTO Endereco(id, cep, bairro, rua, Contato_id)
VALUES (184, '78062-860', 'Banana prata', 'Rua 71', 184);

INSERT INTO Endereco(id, cep, bairro, rua, Contato_id)
VALUES (185, '36138-043', 'Groselha vermelha', 'Rua 65', 185);

INSERT INTO Endereco(id, cep, bairro, rua, Contato_id)
VALUES (186, '62481-002', 'Sapota', 'Rua 25', 186);

INSERT INTO Endereco(id, cep, bairro, rua, Contato_id)
VALUES (187, '73889-695', 'Buriti', 'Rua 63', 187);

INSERT INTO Endereco(id, cep, bairro, rua, Contato_id)
VALUES (188, '83330-510', 'Longan', 'Rua 32', 188);

INSERT INTO Endereco(id, cep, bairro, rua, Contato_id)
VALUES (189, '05259-223', 'Caqui chocolate', 'Rua 14', 189);

INSERT INTO Endereco(id, cep, bairro, rua, Contato_id)
VALUES (190, '75068-801', 'Sapoti', 'Rua 96', 190);

INSERT INTO Endereco(id, cep, bairro, rua, Contato_id)
VALUES (191, '66642-179', 'Camapu', 'Rua 64', 191);

INSERT INTO Endereco(id, cep, bairro, rua, Contato_id)
VALUES (192, '60625-163', 'Damasco', 'Rua 15', 192);

INSERT INTO Endereco(id, cep, bairro, rua, Contato_id)
VALUES (193, '52478-491', 'Marmelo', 'Rua 52', 193);

INSERT INTO Endereco(id, cep, bairro, rua, Contato_id)
VALUES (194, '77971-983', 'Groselha', 'Rua 88', 194);

INSERT INTO Endereco(id, cep, bairro, rua, Contato_id)
VALUES (195, '49408-300', 'Mabolo', 'Rua 51', 195);

INSERT INTO Endereco(id, cep, bairro, rua, Contato_id)
VALUES (196, '89001-579', 'Bacupari', 'Rua 14', 196);

INSERT INTO Endereco(id, cep, bairro, rua, Contato_id)
VALUES (197, '92732-587', 'Manga', 'Rua 73', 197);

INSERT INTO Endereco(id, cep, bairro, rua, Contato_id)
VALUES (198, '26400-970', 'Juá', 'Rua 19', 198);

INSERT INTO Endereco(id, cep, bairro, rua, Contato_id)
VALUES (199, '74519-329', 'Fruta - Pão', 'Rua 64', 199);

INSERT INTO Endereco(id, cep, bairro, rua, Contato_id)
VALUES (200, '11646-459', 'Cambuci', 'Rua 59', 200);

