-- Popula a tabela TipoCarga
-- Abaixo estão listados 10 tipos.

INSERT INTO TipoCarga(id, nome)
VALUES (1, 'Madeira');

INSERT INTO TipoCarga(id, nome)
VALUES (2, 'Eletrônicos');

INSERT INTO TipoCarga(id, nome)
VALUES (3, 'Químicos');

INSERT INTO TipoCarga(id, nome)
VALUES (4, 'Animais Terrestres');

INSERT INTO TipoCarga(id, nome)
VALUES (5, 'Animais Aquáticos');

INSERT INTO TipoCarga(id, nome)
VALUES (6, 'Pneus');

INSERT INTO TipoCarga(id, nome)
VALUES (7, 'Carros');

INSERT INTO TipoCarga(id, nome)
VALUES (8, 'Máquinas');

INSERT INTO TipoCarga(id, nome)
VALUES (9, 'Alimentos');

INSERT INTO TipoCarga(id, nome)
VALUES (10, 'Mobília');

INSERT INTO veiculo(id, placa, modelo)
VALUES (1, 'IEW-2751', 'Volks 9150');

INSERT INTO veiculo(id, placa, modelo)
VALUES (2, 'MMT-2752', 'Volks 9150');

INSERT INTO veiculo(id, placa, modelo)
VALUES (3, 'YEX-2753', 'Volvo FH 460');

INSERT INTO veiculo(id, placa, modelo)
VALUES (4, 'AJR-2754', 'Scania R440');

INSERT INTO veiculo(id, placa, modelo)
VALUES (5, 'MNC-2755', 'Volks 8150');

INSERT INTO veiculo(id, placa, modelo)
VALUES (6, 'FMI-2756', 'Scania R440');

INSERT INTO veiculo(id, placa, modelo)
VALUES (7, 'MXE-2757', 'Mercedes 710');

INSERT INTO veiculo(id, placa, modelo)
VALUES (8, 'QQC-2758', 'Scania R440');

INSERT INTO veiculo(id, placa, modelo)
VALUES (9, 'TGT-2759', 'Volvo VM 260');

INSERT INTO veiculo(id, placa, modelo)
VALUES (10, 'UCF-2760', 'Mercedes Atego 2425');

INSERT INTO veiculo(id, placa, modelo)
VALUES (11, 'DOB-2761', 'Scania R440');

INSERT INTO veiculo(id, placa, modelo)
VALUES (12, 'FRH-2762', 'Mercedes 710');

INSERT INTO veiculo(id, placa, modelo)
VALUES (13, 'DRM-2763', 'Volks 13180');

INSERT INTO veiculo(id, placa, modelo)
VALUES (14, 'MVS-2764', 'Mercedes Accelo 815');

INSERT INTO veiculo(id, placa, modelo)
VALUES (15, 'QLC-2765', 'Volks 9150');

INSERT INTO veiculo(id, placa, modelo)
VALUES (16, 'VYX-2766', 'Mercedes 710');

INSERT INTO veiculo(id, placa, modelo)
VALUES (17, 'XSV-2767', 'Mercedes Accelo 815');

INSERT INTO veiculo(id, placa, modelo)
VALUES (18, 'WWW-2768', 'Volks 9150');

INSERT INTO veiculo(id, placa, modelo)
VALUES (19, 'CVX-2769', 'Volvo FH 460');

INSERT INTO veiculo(id, placa, modelo)
VALUES (20, 'WIM-2770', 'Mercedes Accelo 815');

INSERT INTO veiculo(id, placa, modelo)
VALUES (21, 'QVM-2771', 'Volvo FH 460');

INSERT INTO veiculo(id, placa, modelo)
VALUES (22, 'QOT-2772', 'Volks 13180');

INSERT INTO veiculo(id, placa, modelo)
VALUES (23, 'BOV-2773', 'Volks 8150');

INSERT INTO veiculo(id, placa, modelo)
VALUES (24, 'DUR-2774', 'Volks 9150');

INSERT INTO veiculo(id, placa, modelo)
VALUES (25, 'DYB-2775', 'Volks 9150');

INSERT INTO veiculo(id, placa, modelo)
VALUES (26, 'HBQ-2776', 'Volks 13180');

INSERT INTO veiculo(id, placa, modelo)
VALUES (27, 'VBP-2777', 'Volks 24250');

INSERT INTO veiculo(id, placa, modelo)
VALUES (28, 'CAD-2778', 'Volvo VM 260');

INSERT INTO veiculo(id, placa, modelo)
VALUES (29, 'VNE-2779', 'Volvo FH 460');

INSERT INTO veiculo(id, placa, modelo)
VALUES (30, 'XQV-2780', 'Mercedes Atego 2425');

INSERT INTO veiculo(id, placa, modelo)
VALUES (31, 'FGT-2781', 'Volks 9150');

INSERT INTO veiculo(id, placa, modelo)
VALUES (32, 'OKS-2782', 'Volks 8150');

INSERT INTO veiculo(id, placa, modelo)
VALUES (33, 'SUI-2783', 'Volks 24250');

INSERT INTO veiculo(id, placa, modelo)
VALUES (34, 'OGT-2784', 'Mercedes 710');

INSERT INTO veiculo(id, placa, modelo)
VALUES (35, 'SLO-2785', 'Volvo FH 460');

INSERT INTO veiculo(id, placa, modelo)
VALUES (36, 'AML-2786', 'Volks 8150');

INSERT INTO veiculo(id, placa, modelo)
VALUES (37, 'SJW-2787', 'Volks 13180');

INSERT INTO veiculo(id, placa, modelo)
VALUES (38, 'AFI-2788', 'Volvo FH 460');

INSERT INTO veiculo(id, placa, modelo)
VALUES (39, 'PLC-2789', 'Mercedes Atego 2425');

INSERT INTO veiculo(id, placa, modelo)
VALUES (40, 'ZHW-2790', 'Mercedes Atego 2425');

INSERT INTO veiculo(id, placa, modelo)
VALUES (41, 'YHF-2791', 'Mercedes Accelo 815');

INSERT INTO veiculo(id, placa, modelo)
VALUES (42, 'NWA-2792', 'Volks 9150');

INSERT INTO veiculo(id, placa, modelo)
VALUES (43, 'ZNE-2793', 'Volks 9150');

INSERT INTO veiculo(id, placa, modelo)
VALUES (44, 'BTD-2794', 'Scania R440');

INSERT INTO veiculo(id, placa, modelo)
VALUES (45, 'KDA-2795', 'Volvo VM 260');

INSERT INTO veiculo(id, placa, modelo)
VALUES (46, 'TLB-2796', 'Volks 9150');

INSERT INTO veiculo(id, placa, modelo)
VALUES (47, 'LWO-2797', 'Scania R440');

INSERT INTO veiculo(id, placa, modelo)
VALUES (48, 'QCM-2798', 'Volks 13180');

INSERT INTO veiculo(id, placa, modelo)
VALUES (49, 'EXH-2799', 'Volks 24250');

INSERT INTO veiculo(id, placa, modelo)
VALUES (50, 'JES-2800', 'Volvo FH 460');

INSERT INTO veiculo(id, placa, modelo)
VALUES (51, 'BJN-2801', 'Mercedes Atego 2425');

INSERT INTO veiculo(id, placa, modelo)
VALUES (52, 'WGF-2802', 'Volks 24250');

INSERT INTO veiculo(id, placa, modelo)
VALUES (53, 'QPT-2803', 'Scania R440');

INSERT INTO veiculo(id, placa, modelo)
VALUES (54, 'UCX-2804', 'Volvo VM 260');

INSERT INTO veiculo(id, placa, modelo)
VALUES (55, 'YVG-2805', 'Mercedes 710');

INSERT INTO veiculo(id, placa, modelo)
VALUES (56, 'YBT-2806', 'Mercedes 710');

INSERT INTO veiculo(id, placa, modelo)
VALUES (57, 'OTQ-2807', 'Volks 24250');

INSERT INTO veiculo(id, placa, modelo)
VALUES (58, 'HGZ-2808', 'Mercedes Accelo 815');

INSERT INTO veiculo(id, placa, modelo)
VALUES (59, 'OEC-2809', 'Volks 13180');

INSERT INTO veiculo(id, placa, modelo)
VALUES (60, 'TJS-2810', 'Mercedes Atego 2425');

INSERT INTO veiculo(id, placa, modelo)
VALUES (61, 'GCX-2811', 'Mercedes 710');

INSERT INTO veiculo(id, placa, modelo)
VALUES (62, 'DOE-2812', 'Mercedes Atego 2425');

INSERT INTO veiculo(id, placa, modelo)
VALUES (63, 'CVF-2813', 'Volks 24250');

INSERT INTO veiculo(id, placa, modelo)
VALUES (64, 'XTQ-2814', 'Mercedes Atego 2425');

INSERT INTO veiculo(id, placa, modelo)
VALUES (65, 'NAL-2815', 'Volvo VM 260');

INSERT INTO veiculo(id, placa, modelo)
VALUES (66, 'AXQ-2816', 'Mercedes 710');

INSERT INTO veiculo(id, placa, modelo)
VALUES (67, 'FWT-2817', 'Volvo FH 460');

INSERT INTO veiculo(id, placa, modelo)
VALUES (68, 'GLQ-2818', 'Volvo FH 460');

INSERT INTO veiculo(id, placa, modelo)
VALUES (69, 'VUI-2819', 'Volks 13180');

INSERT INTO veiculo(id, placa, modelo)
VALUES (70, 'WOR-2820', 'Volks 24250');

INSERT INTO veiculo(id, placa, modelo)
VALUES (71, 'OQI-2821', 'Volks 9150');

INSERT INTO veiculo(id, placa, modelo)
VALUES (72, 'MDA-2822', 'Scania R440');

INSERT INTO veiculo(id, placa, modelo)
VALUES (73, 'TDG-2823', 'Volvo FH 460');

INSERT INTO veiculo(id, placa, modelo)
VALUES (74, 'TQO-2824', 'Volks 24250');

INSERT INTO veiculo(id, placa, modelo)
VALUES (75, 'HMK-2825', 'Volks 24250');

INSERT INTO veiculo(id, placa, modelo)
VALUES (76, 'VZY-2826', 'Volvo FH 460');

INSERT INTO veiculo(id, placa, modelo)
VALUES (77, 'GLY-2827', 'Volvo VM 260');

INSERT INTO veiculo(id, placa, modelo)
VALUES (78, 'ICR-2828', 'Volks 8150');

INSERT INTO veiculo(id, placa, modelo)
VALUES (79, 'ZFL-2829', 'Mercedes Accelo 815');

INSERT INTO veiculo(id, placa, modelo)
VALUES (80, 'CEA-2830', 'Volks 8150');

INSERT INTO veiculo(id, placa, modelo)
VALUES (81, 'DMA-2831', 'Mercedes Accelo 815');

INSERT INTO veiculo(id, placa, modelo)
VALUES (82, 'ONP-2832', 'Mercedes Accelo 815');

INSERT INTO veiculo(id, placa, modelo)
VALUES (83, 'SRM-2833', 'Volks 8150');

INSERT INTO veiculo(id, placa, modelo)
VALUES (84, 'YTW-2834', 'Mercedes Atego 2425');

INSERT INTO veiculo(id, placa, modelo)
VALUES (85, 'JCW-2835', 'Volvo FH 460');

INSERT INTO veiculo(id, placa, modelo)
VALUES (86, 'NCF-2836', 'Mercedes 710');

INSERT INTO veiculo(id, placa, modelo)
VALUES (87, 'NXH-2837', 'Volks 8150');

INSERT INTO veiculo(id, placa, modelo)
VALUES (88, 'CQR-2838', 'Volks 9150');

INSERT INTO veiculo(id, placa, modelo)
VALUES (89, 'PCK-2839', 'Volks 24250');

INSERT INTO veiculo(id, placa, modelo)
VALUES (90, 'EHZ-2840', 'Volks 8150');

INSERT INTO veiculo(id, placa, modelo)
VALUES (91, 'QYO-2841', 'Mercedes Atego 2425');

INSERT INTO veiculo(id, placa, modelo)
VALUES (92, 'OQA-2842', 'Volvo VM 260');

INSERT INTO veiculo(id, placa, modelo)
VALUES (93, 'EDS-2843', 'Volks 13180');

INSERT INTO veiculo(id, placa, modelo)
VALUES (94, 'VRJ-2844', 'Mercedes Atego 2425');

INSERT INTO veiculo(id, placa, modelo)
VALUES (95, 'JAX-2845', 'Volvo VM 260');

INSERT INTO veiculo(id, placa, modelo)
VALUES (96, 'KVY-2846', 'Scania R440');

INSERT INTO veiculo(id, placa, modelo)
VALUES (97, 'XLY-2847', 'Volks 9150');

INSERT INTO veiculo(id, placa, modelo)
VALUES (98, 'ORS-2848', 'Volks 9150');

INSERT INTO veiculo(id, placa, modelo)
VALUES (99, 'ZWU-2849', 'Volks 13180');

INSERT INTO veiculo(id, placa, modelo)
VALUES (100, 'SZY-2850', 'Mercedes Accelo 815');

-- Popula a tabela VeiculoTipoCarga.

INSERT INTO VeiculoTipoCarga(Veiculo_id, TipoCarga_id)
VALUES (1, 3);

INSERT INTO VeiculoTipoCarga(Veiculo_id, TipoCarga_id)
VALUES (2, 3);

INSERT INTO VeiculoTipoCarga(Veiculo_id, TipoCarga_id)
VALUES (3, 4);

INSERT INTO VeiculoTipoCarga(Veiculo_id, TipoCarga_id)
VALUES (4, 6);

INSERT INTO VeiculoTipoCarga(Veiculo_id, TipoCarga_id)
VALUES (5, 6);

INSERT INTO VeiculoTipoCarga(Veiculo_id, TipoCarga_id)
VALUES (5, 7);

INSERT INTO VeiculoTipoCarga(Veiculo_id, TipoCarga_id)
VALUES (6, 2);

INSERT INTO VeiculoTipoCarga(Veiculo_id, TipoCarga_id)
VALUES (7, 4);

INSERT INTO VeiculoTipoCarga(Veiculo_id, TipoCarga_id)
VALUES (7, 5);

INSERT INTO VeiculoTipoCarga(Veiculo_id, TipoCarga_id)
VALUES (7, 6);

INSERT INTO VeiculoTipoCarga(Veiculo_id, TipoCarga_id)
VALUES (8, 2);

INSERT INTO VeiculoTipoCarga(Veiculo_id, TipoCarga_id)
VALUES (9, 1);

INSERT INTO VeiculoTipoCarga(Veiculo_id, TipoCarga_id)
VALUES (9, 2);

INSERT INTO VeiculoTipoCarga(Veiculo_id, TipoCarga_id)
VALUES (9, 3);

INSERT INTO VeiculoTipoCarga(Veiculo_id, TipoCarga_id)
VALUES (10, 5);

INSERT INTO VeiculoTipoCarga(Veiculo_id, TipoCarga_id)
VALUES (10, 6);

INSERT INTO VeiculoTipoCarga(Veiculo_id, TipoCarga_id)
VALUES (10, 7);

INSERT INTO VeiculoTipoCarga(Veiculo_id, TipoCarga_id)
VALUES (11, 1);

INSERT INTO VeiculoTipoCarga(Veiculo_id, TipoCarga_id)
VALUES (12, 6);

INSERT INTO VeiculoTipoCarga(Veiculo_id, TipoCarga_id)
VALUES (12, 7);

INSERT INTO VeiculoTipoCarga(Veiculo_id, TipoCarga_id)
VALUES (13, 5);

INSERT INTO VeiculoTipoCarga(Veiculo_id, TipoCarga_id)
VALUES (14, 1);

INSERT INTO VeiculoTipoCarga(Veiculo_id, TipoCarga_id)
VALUES (15, 6);

INSERT INTO VeiculoTipoCarga(Veiculo_id, TipoCarga_id)
VALUES (15, 7);

INSERT INTO VeiculoTipoCarga(Veiculo_id, TipoCarga_id)
VALUES (16, 1);

INSERT INTO VeiculoTipoCarga(Veiculo_id, TipoCarga_id)
VALUES (16, 2);

INSERT INTO VeiculoTipoCarga(Veiculo_id, TipoCarga_id)
VALUES (16, 3);

INSERT INTO VeiculoTipoCarga(Veiculo_id, TipoCarga_id)
VALUES (17, 8);

INSERT INTO VeiculoTipoCarga(Veiculo_id, TipoCarga_id)
VALUES (17, 9);

INSERT INTO VeiculoTipoCarga(Veiculo_id, TipoCarga_id)
VALUES (17, 10);

INSERT INTO VeiculoTipoCarga(Veiculo_id, TipoCarga_id)
VALUES (18, 6);

INSERT INTO VeiculoTipoCarga(Veiculo_id, TipoCarga_id)
VALUES (18, 7);

INSERT INTO VeiculoTipoCarga(Veiculo_id, TipoCarga_id)
VALUES (18, 8);

INSERT INTO VeiculoTipoCarga(Veiculo_id, TipoCarga_id)
VALUES (19, 5);

INSERT INTO VeiculoTipoCarga(Veiculo_id, TipoCarga_id)
VALUES (19, 6);

INSERT INTO VeiculoTipoCarga(Veiculo_id, TipoCarga_id)
VALUES (19, 7);

INSERT INTO VeiculoTipoCarga(Veiculo_id, TipoCarga_id)
VALUES (20, 2);

INSERT INTO VeiculoTipoCarga(Veiculo_id, TipoCarga_id)
VALUES (20, 3);

INSERT INTO VeiculoTipoCarga(Veiculo_id, TipoCarga_id)
VALUES (20, 4);

INSERT INTO VeiculoTipoCarga(Veiculo_id, TipoCarga_id)
VALUES (21, 8);

INSERT INTO VeiculoTipoCarga(Veiculo_id, TipoCarga_id)
VALUES (21, 9);

INSERT INTO VeiculoTipoCarga(Veiculo_id, TipoCarga_id)
VALUES (22, 3);

INSERT INTO VeiculoTipoCarga(Veiculo_id, TipoCarga_id)
VALUES (22, 4);

INSERT INTO VeiculoTipoCarga(Veiculo_id, TipoCarga_id)
VALUES (23, 8);

INSERT INTO VeiculoTipoCarga(Veiculo_id, TipoCarga_id)
VALUES (23, 9);

INSERT INTO VeiculoTipoCarga(Veiculo_id, TipoCarga_id)
VALUES (23, 10);

INSERT INTO VeiculoTipoCarga(Veiculo_id, TipoCarga_id)
VALUES (24, 3);

INSERT INTO VeiculoTipoCarga(Veiculo_id, TipoCarga_id)
VALUES (24, 4);

INSERT INTO VeiculoTipoCarga(Veiculo_id, TipoCarga_id)
VALUES (24, 5);

INSERT INTO VeiculoTipoCarga(Veiculo_id, TipoCarga_id)
VALUES (25, 3);

INSERT INTO VeiculoTipoCarga(Veiculo_id, TipoCarga_id)
VALUES (25, 4);

INSERT INTO VeiculoTipoCarga(Veiculo_id, TipoCarga_id)
VALUES (26, 7);

INSERT INTO VeiculoTipoCarga(Veiculo_id, TipoCarga_id)
VALUES (27, 8);

INSERT INTO VeiculoTipoCarga(Veiculo_id, TipoCarga_id)
VALUES (28, 8);

INSERT INTO VeiculoTipoCarga(Veiculo_id, TipoCarga_id)
VALUES (29, 1);

INSERT INTO VeiculoTipoCarga(Veiculo_id, TipoCarga_id)
VALUES (29, 2);

INSERT INTO VeiculoTipoCarga(Veiculo_id, TipoCarga_id)
VALUES (30, 8);

INSERT INTO VeiculoTipoCarga(Veiculo_id, TipoCarga_id)
VALUES (31, 2);

INSERT INTO VeiculoTipoCarga(Veiculo_id, TipoCarga_id)
VALUES (31, 3);

INSERT INTO VeiculoTipoCarga(Veiculo_id, TipoCarga_id)
VALUES (31, 4);

INSERT INTO VeiculoTipoCarga(Veiculo_id, TipoCarga_id)
VALUES (32, 6);

INSERT INTO VeiculoTipoCarga(Veiculo_id, TipoCarga_id)
VALUES (33, 5);

INSERT INTO VeiculoTipoCarga(Veiculo_id, TipoCarga_id)
VALUES (33, 6);

INSERT INTO VeiculoTipoCarga(Veiculo_id, TipoCarga_id)
VALUES (34, 8);

INSERT INTO VeiculoTipoCarga(Veiculo_id, TipoCarga_id)
VALUES (34, 9);

INSERT INTO VeiculoTipoCarga(Veiculo_id, TipoCarga_id)
VALUES (34, 10);

INSERT INTO VeiculoTipoCarga(Veiculo_id, TipoCarga_id)
VALUES (35, 7);

INSERT INTO VeiculoTipoCarga(Veiculo_id, TipoCarga_id)
VALUES (36, 6);

INSERT INTO VeiculoTipoCarga(Veiculo_id, TipoCarga_id)
VALUES (36, 7);

INSERT INTO VeiculoTipoCarga(Veiculo_id, TipoCarga_id)
VALUES (37, 5);

INSERT INTO VeiculoTipoCarga(Veiculo_id, TipoCarga_id)
VALUES (38, 8);

INSERT INTO VeiculoTipoCarga(Veiculo_id, TipoCarga_id)
VALUES (38, 9);

INSERT INTO VeiculoTipoCarga(Veiculo_id, TipoCarga_id)
VALUES (39, 6);

INSERT INTO VeiculoTipoCarga(Veiculo_id, TipoCarga_id)
VALUES (39, 7);

INSERT INTO VeiculoTipoCarga(Veiculo_id, TipoCarga_id)
VALUES (39, 8);

INSERT INTO VeiculoTipoCarga(Veiculo_id, TipoCarga_id)
VALUES (40, 6);

INSERT INTO VeiculoTipoCarga(Veiculo_id, TipoCarga_id)
VALUES (40, 7);

INSERT INTO VeiculoTipoCarga(Veiculo_id, TipoCarga_id)
VALUES (41, 6);

INSERT INTO VeiculoTipoCarga(Veiculo_id, TipoCarga_id)
VALUES (41, 7);

INSERT INTO VeiculoTipoCarga(Veiculo_id, TipoCarga_id)
VALUES (42, 8);

INSERT INTO VeiculoTipoCarga(Veiculo_id, TipoCarga_id)
VALUES (42, 9);

INSERT INTO VeiculoTipoCarga(Veiculo_id, TipoCarga_id)
VALUES (43, 1);

INSERT INTO VeiculoTipoCarga(Veiculo_id, TipoCarga_id)
VALUES (44, 8);

INSERT INTO VeiculoTipoCarga(Veiculo_id, TipoCarga_id)
VALUES (44, 9);

INSERT INTO VeiculoTipoCarga(Veiculo_id, TipoCarga_id)
VALUES (45, 5);

INSERT INTO VeiculoTipoCarga(Veiculo_id, TipoCarga_id)
VALUES (45, 6);

INSERT INTO VeiculoTipoCarga(Veiculo_id, TipoCarga_id)
VALUES (45, 7);

INSERT INTO VeiculoTipoCarga(Veiculo_id, TipoCarga_id)
VALUES (46, 8);

INSERT INTO VeiculoTipoCarga(Veiculo_id, TipoCarga_id)
VALUES (46, 9);

INSERT INTO VeiculoTipoCarga(Veiculo_id, TipoCarga_id)
VALUES (47, 3);

INSERT INTO VeiculoTipoCarga(Veiculo_id, TipoCarga_id)
VALUES (48, 8);

INSERT INTO VeiculoTipoCarga(Veiculo_id, TipoCarga_id)
VALUES (49, 7);

INSERT INTO VeiculoTipoCarga(Veiculo_id, TipoCarga_id)
VALUES (49, 8);

INSERT INTO VeiculoTipoCarga(Veiculo_id, TipoCarga_id)
VALUES (50, 1);

INSERT INTO VeiculoTipoCarga(Veiculo_id, TipoCarga_id)
VALUES (50, 2);

INSERT INTO VeiculoTipoCarga(Veiculo_id, TipoCarga_id)
VALUES (50, 3);

INSERT INTO VeiculoTipoCarga(Veiculo_id, TipoCarga_id)
VALUES (51, 1);

INSERT INTO VeiculoTipoCarga(Veiculo_id, TipoCarga_id)
VALUES (52, 7);

INSERT INTO VeiculoTipoCarga(Veiculo_id, TipoCarga_id)
VALUES (52, 8);

INSERT INTO VeiculoTipoCarga(Veiculo_id, TipoCarga_id)
VALUES (52, 9);

INSERT INTO VeiculoTipoCarga(Veiculo_id, TipoCarga_id)
VALUES (53, 8);

INSERT INTO VeiculoTipoCarga(Veiculo_id, TipoCarga_id)
VALUES (53, 9);

INSERT INTO VeiculoTipoCarga(Veiculo_id, TipoCarga_id)
VALUES (53, 10);

INSERT INTO VeiculoTipoCarga(Veiculo_id, TipoCarga_id)
VALUES (54, 7);

INSERT INTO VeiculoTipoCarga(Veiculo_id, TipoCarga_id)
VALUES (54, 8);

INSERT INTO VeiculoTipoCarga(Veiculo_id, TipoCarga_id)
VALUES (54, 9);

INSERT INTO VeiculoTipoCarga(Veiculo_id, TipoCarga_id)
VALUES (55, 3);

INSERT INTO VeiculoTipoCarga(Veiculo_id, TipoCarga_id)
VALUES (55, 4);

INSERT INTO VeiculoTipoCarga(Veiculo_id, TipoCarga_id)
VALUES (56, 3);

INSERT INTO VeiculoTipoCarga(Veiculo_id, TipoCarga_id)
VALUES (56, 4);

INSERT INTO VeiculoTipoCarga(Veiculo_id, TipoCarga_id)
VALUES (57, 5);

INSERT INTO VeiculoTipoCarga(Veiculo_id, TipoCarga_id)
VALUES (58, 1);

INSERT INTO VeiculoTipoCarga(Veiculo_id, TipoCarga_id)
VALUES (58, 2);

INSERT INTO VeiculoTipoCarga(Veiculo_id, TipoCarga_id)
VALUES (58, 3);

INSERT INTO VeiculoTipoCarga(Veiculo_id, TipoCarga_id)
VALUES (59, 2);

INSERT INTO VeiculoTipoCarga(Veiculo_id, TipoCarga_id)
VALUES (59, 3);

INSERT INTO VeiculoTipoCarga(Veiculo_id, TipoCarga_id)
VALUES (59, 4);

INSERT INTO VeiculoTipoCarga(Veiculo_id, TipoCarga_id)
VALUES (60, 2);

INSERT INTO VeiculoTipoCarga(Veiculo_id, TipoCarga_id)
VALUES (61, 8);

INSERT INTO VeiculoTipoCarga(Veiculo_id, TipoCarga_id)
VALUES (62, 4);

INSERT INTO VeiculoTipoCarga(Veiculo_id, TipoCarga_id)
VALUES (62, 5);

INSERT INTO VeiculoTipoCarga(Veiculo_id, TipoCarga_id)
VALUES (62, 6);

INSERT INTO VeiculoTipoCarga(Veiculo_id, TipoCarga_id)
VALUES (63, 1);

INSERT INTO VeiculoTipoCarga(Veiculo_id, TipoCarga_id)
VALUES (63, 2);

INSERT INTO VeiculoTipoCarga(Veiculo_id, TipoCarga_id)
VALUES (63, 3);

INSERT INTO VeiculoTipoCarga(Veiculo_id, TipoCarga_id)
VALUES (64, 4);

INSERT INTO VeiculoTipoCarga(Veiculo_id, TipoCarga_id)
VALUES (64, 5);

INSERT INTO VeiculoTipoCarga(Veiculo_id, TipoCarga_id)
VALUES (65, 3);

INSERT INTO VeiculoTipoCarga(Veiculo_id, TipoCarga_id)
VALUES (66, 8);

INSERT INTO VeiculoTipoCarga(Veiculo_id, TipoCarga_id)
VALUES (67, 4);

INSERT INTO VeiculoTipoCarga(Veiculo_id, TipoCarga_id)
VALUES (67, 5);

INSERT INTO VeiculoTipoCarga(Veiculo_id, TipoCarga_id)
VALUES (68, 6);

INSERT INTO VeiculoTipoCarga(Veiculo_id, TipoCarga_id)
VALUES (69, 7);

INSERT INTO VeiculoTipoCarga(Veiculo_id, TipoCarga_id)
VALUES (70, 4);

INSERT INTO VeiculoTipoCarga(Veiculo_id, TipoCarga_id)
VALUES (71, 1);

INSERT INTO VeiculoTipoCarga(Veiculo_id, TipoCarga_id)
VALUES (72, 7);

INSERT INTO VeiculoTipoCarga(Veiculo_id, TipoCarga_id)
VALUES (73, 6);

INSERT INTO VeiculoTipoCarga(Veiculo_id, TipoCarga_id)
VALUES (73, 7);

INSERT INTO VeiculoTipoCarga(Veiculo_id, TipoCarga_id)
VALUES (74, 3);

INSERT INTO VeiculoTipoCarga(Veiculo_id, TipoCarga_id)
VALUES (75, 8);

INSERT INTO VeiculoTipoCarga(Veiculo_id, TipoCarga_id)
VALUES (75, 9);

INSERT INTO VeiculoTipoCarga(Veiculo_id, TipoCarga_id)
VALUES (76, 5);

INSERT INTO VeiculoTipoCarga(Veiculo_id, TipoCarga_id)
VALUES (76, 6);

INSERT INTO VeiculoTipoCarga(Veiculo_id, TipoCarga_id)
VALUES (76, 7);

INSERT INTO VeiculoTipoCarga(Veiculo_id, TipoCarga_id)
VALUES (77, 5);

INSERT INTO VeiculoTipoCarga(Veiculo_id, TipoCarga_id)
VALUES (77, 6);

INSERT INTO VeiculoTipoCarga(Veiculo_id, TipoCarga_id)
VALUES (78, 7);

INSERT INTO VeiculoTipoCarga(Veiculo_id, TipoCarga_id)
VALUES (79, 7);

INSERT INTO VeiculoTipoCarga(Veiculo_id, TipoCarga_id)
VALUES (79, 8);

INSERT INTO VeiculoTipoCarga(Veiculo_id, TipoCarga_id)
VALUES (80, 5);

INSERT INTO VeiculoTipoCarga(Veiculo_id, TipoCarga_id)
VALUES (80, 6);

INSERT INTO VeiculoTipoCarga(Veiculo_id, TipoCarga_id)
VALUES (81, 7);

INSERT INTO VeiculoTipoCarga(Veiculo_id, TipoCarga_id)
VALUES (81, 8);

INSERT INTO VeiculoTipoCarga(Veiculo_id, TipoCarga_id)
VALUES (82, 7);

INSERT INTO VeiculoTipoCarga(Veiculo_id, TipoCarga_id)
VALUES (82, 8);

INSERT INTO VeiculoTipoCarga(Veiculo_id, TipoCarga_id)
VALUES (83, 6);

INSERT INTO VeiculoTipoCarga(Veiculo_id, TipoCarga_id)
VALUES (83, 7);

INSERT INTO VeiculoTipoCarga(Veiculo_id, TipoCarga_id)
VALUES (83, 8);

INSERT INTO VeiculoTipoCarga(Veiculo_id, TipoCarga_id)
VALUES (84, 3);

INSERT INTO VeiculoTipoCarga(Veiculo_id, TipoCarga_id)
VALUES (84, 4);

INSERT INTO VeiculoTipoCarga(Veiculo_id, TipoCarga_id)
VALUES (85, 3);

INSERT INTO VeiculoTipoCarga(Veiculo_id, TipoCarga_id)
VALUES (85, 4);

INSERT INTO VeiculoTipoCarga(Veiculo_id, TipoCarga_id)
VALUES (85, 5);

INSERT INTO VeiculoTipoCarga(Veiculo_id, TipoCarga_id)
VALUES (86, 2);

INSERT INTO VeiculoTipoCarga(Veiculo_id, TipoCarga_id)
VALUES (86, 3);

INSERT INTO VeiculoTipoCarga(Veiculo_id, TipoCarga_id)
VALUES (86, 4);

INSERT INTO VeiculoTipoCarga(Veiculo_id, TipoCarga_id)
VALUES (87, 1);

INSERT INTO VeiculoTipoCarga(Veiculo_id, TipoCarga_id)
VALUES (88, 4);

INSERT INTO VeiculoTipoCarga(Veiculo_id, TipoCarga_id)
VALUES (88, 5);

INSERT INTO VeiculoTipoCarga(Veiculo_id, TipoCarga_id)
VALUES (89, 5);

INSERT INTO VeiculoTipoCarga(Veiculo_id, TipoCarga_id)
VALUES (89, 6);

INSERT INTO VeiculoTipoCarga(Veiculo_id, TipoCarga_id)
VALUES (89, 7);

INSERT INTO VeiculoTipoCarga(Veiculo_id, TipoCarga_id)
VALUES (90, 2);

INSERT INTO VeiculoTipoCarga(Veiculo_id, TipoCarga_id)
VALUES (91, 5);

INSERT INTO VeiculoTipoCarga(Veiculo_id, TipoCarga_id)
VALUES (91, 6);

INSERT INTO VeiculoTipoCarga(Veiculo_id, TipoCarga_id)
VALUES (92, 4);

INSERT INTO VeiculoTipoCarga(Veiculo_id, TipoCarga_id)
VALUES (92, 5);

INSERT INTO VeiculoTipoCarga(Veiculo_id, TipoCarga_id)
VALUES (93, 2);

INSERT INTO VeiculoTipoCarga(Veiculo_id, TipoCarga_id)
VALUES (93, 3);

INSERT INTO VeiculoTipoCarga(Veiculo_id, TipoCarga_id)
VALUES (93, 4);

INSERT INTO VeiculoTipoCarga(Veiculo_id, TipoCarga_id)
VALUES (94, 2);

INSERT INTO VeiculoTipoCarga(Veiculo_id, TipoCarga_id)
VALUES (94, 3);

INSERT INTO VeiculoTipoCarga(Veiculo_id, TipoCarga_id)
VALUES (95, 4);

INSERT INTO VeiculoTipoCarga(Veiculo_id, TipoCarga_id)
VALUES (95, 5);

INSERT INTO VeiculoTipoCarga(Veiculo_id, TipoCarga_id)
VALUES (95, 6);

INSERT INTO VeiculoTipoCarga(Veiculo_id, TipoCarga_id)
VALUES (96, 2);

INSERT INTO VeiculoTipoCarga(Veiculo_id, TipoCarga_id)
VALUES (96, 3);

INSERT INTO VeiculoTipoCarga(Veiculo_id, TipoCarga_id)
VALUES (97, 2);

INSERT INTO VeiculoTipoCarga(Veiculo_id, TipoCarga_id)
VALUES (98, 5);

INSERT INTO VeiculoTipoCarga(Veiculo_id, TipoCarga_id)
VALUES (99, 2);

INSERT INTO VeiculoTipoCarga(Veiculo_id, TipoCarga_id)
VALUES (100, 5);

-- Popula a tabela Endereco.

INSERT INTO Endereco(id, cep, estado, bairro, rua, numero)
VALUES (1, '81238-597', 'Ceará', 'Pitanga', 'Rua 59', '51');

INSERT INTO Endereco(id, cep, estado, bairro, rua, numero)
VALUES (2, '81243-481', 'Rio de Janeiro', 'Fruta-pão', 'Rua 34', '40');

INSERT INTO Endereco(id, cep, estado, bairro, rua, numero)
VALUES (3, '61256-413', 'Rio de Janeiro', 'Manga haden', 'Rua 35', '93');

INSERT INTO Endereco(id, cep, estado, bairro, rua, numero)
VALUES (4, '21268-802', 'Alagoas', 'Limão galego', 'Rua 75', '58');

INSERT INTO Endereco(id, cep, estado, bairro, rua, numero)
VALUES (5, '41274-396', 'Rondônia', 'Umbu', 'Rua 14', '68');

INSERT INTO Endereco(id, cep, estado, bairro, rua, numero)
VALUES (6, '91289-627', 'Ceará', 'Taiúva', 'Rua 73', '57');

INSERT INTO Endereco(id, cep, estado, bairro, rua, numero)
VALUES (7, '81297-176', 'Rio Grande do Norte', 'Maracujá', 'Rua 56', '60');

INSERT INTO Endereco(id, cep, estado, bairro, rua, numero)
VALUES (8, '31309-104', 'Roraima', 'Cabeludinha', 'Rua 11', '77');

INSERT INTO Endereco(id, cep, estado, bairro, rua, numero)
VALUES (9, '41311-635', 'Amapá', 'Babaçu', 'Rua 21', '77');

INSERT INTO Endereco(id, cep, estado, bairro, rua, numero)
VALUES (10, '41320-697', 'Rio Grande do Sul', 'Mirtilo', 'Rua 28', '42');

INSERT INTO Endereco(id, cep, estado, bairro, rua, numero)
VALUES (11, '51336-324', 'Rio Grande do Sul', 'Pinha', 'Rua 79', '30');

INSERT INTO Endereco(id, cep, estado, bairro, rua, numero)
VALUES (12, '41347-183', 'Tocantins', 'Umari', 'Rua 28', '93');

INSERT INTO Endereco(id, cep, estado, bairro, rua, numero)
VALUES (13, '91357-258', 'Rio Grande do Norte', 'Umbu', 'Rua 33', '42');

INSERT INTO Endereco(id, cep, estado, bairro, rua, numero)
VALUES (14, '41367-569', 'São Paulo', 'Mamoncillo', 'Rua 52', '10');

INSERT INTO Endereco(id, cep, estado, bairro, rua, numero)
VALUES (15, '41379-641', 'Maranhão', 'Natanjila', 'Rua 40', '14');

INSERT INTO Endereco(id, cep, estado, bairro, rua, numero)
VALUES (16, '21380-388', 'Sergipe', 'Tangerina Poncâ', 'Rua 66', '37');

INSERT INTO Endereco(id, cep, estado, bairro, rua, numero)
VALUES (17, '11399-283', 'Rio Grande do Norte', 'Jujuba', 'Rua 26', '37');

INSERT INTO Endereco(id, cep, estado, bairro, rua, numero)
VALUES (18, '21400-695', 'Paraíba', 'Maçã argentina', 'Rua 26', '49');

INSERT INTO Endereco(id, cep, estado, bairro, rua, numero)
VALUES (19, '81410-627', 'Alagoas', 'Noz Pecã', 'Rua 72', '60');

INSERT INTO Endereco(id, cep, estado, bairro, rua, numero)
VALUES (20, '11422-894', 'Mato Grosso', 'Caimito branco', 'Rua 12', '23');

INSERT INTO Endereco(id, cep, estado, bairro, rua, numero)
VALUES (21, '61432-394', 'Espírito Santo', 'Dendê', 'Rua 25', '22');

INSERT INTO Endereco(id, cep, estado, bairro, rua, numero)
VALUES (22, '01449-593', 'Goiás', 'Bacupari', 'Rua 90', '30');

INSERT INTO Endereco(id, cep, estado, bairro, rua, numero)
VALUES (23, '21452-325', 'Rio de Janeiro', 'Limão tahiti', 'Rua 57', '43');

INSERT INTO Endereco(id, cep, estado, bairro, rua, numero)
VALUES (24, '81467-518', 'Rio Grande do Sul', 'Maçã Fuji', 'Rua 38', '82');

INSERT INTO Endereco(id, cep, estado, bairro, rua, numero)
VALUES (25, '61476-242', 'Goiás', 'Fruta-pão', 'Rua 55', '36');

INSERT INTO Endereco(id, cep, estado, bairro, rua, numero)
VALUES (26, '81486-391', 'São Paulo', 'Tangerina', 'Rua 52', '93');

INSERT INTO Endereco(id, cep, estado, bairro, rua, numero)
VALUES (27, '91496-948', 'Pernambuco', 'Uva passa', 'Rua 47', '82');

INSERT INTO Endereco(id, cep, estado, bairro, rua, numero)
VALUES (28, '91502-973', 'Acre', 'Xixa', 'Rua 23', '99');

INSERT INTO Endereco(id, cep, estado, bairro, rua, numero)
VALUES (29, '31517-865', 'Amazonas', 'Abacaxi', 'Rua 92', '41');

INSERT INTO Endereco(id, cep, estado, bairro, rua, numero)
VALUES (30, '11528-188', 'Mato Grosso do Sul', 'Figo', 'Rua 86', '78');

INSERT INTO Endereco(id, cep, estado, bairro, rua, numero)
VALUES (31, '31538-765', 'Paraná', 'Murcote', 'Rua 33', '43');

INSERT INTO Endereco(id, cep, estado, bairro, rua, numero)
VALUES (32, '51545-611', 'Bahia', 'Limas Ácidas e Doces', 'Rua 14', '53');

INSERT INTO Endereco(id, cep, estado, bairro, rua, numero)
VALUES (33, '91553-338', 'Alagoas', 'Tangerina Poncâ', 'Rua 93', '40');

INSERT INTO Endereco(id, cep, estado, bairro, rua, numero)
VALUES (34, '81565-263', 'Rio de Janeiro', 'Taperebá', 'Rua 60', '12');

INSERT INTO Endereco(id, cep, estado, bairro, rua, numero)
VALUES (35, '31571-772', 'Maranhão', 'Cajá vermelho', 'Rua 49', '30');

INSERT INTO Endereco(id, cep, estado, bairro, rua, numero)
VALUES (36, '91581-885', 'Pernambuco', 'Guaraná', 'Rua 86', '22');

INSERT INTO Endereco(id, cep, estado, bairro, rua, numero)
VALUES (37, '11596-331', 'Rio Grande do Norte', 'Cagaita', 'Rua 14', '88');

INSERT INTO Endereco(id, cep, estado, bairro, rua, numero)
VALUES (38, '91604-539', 'Paraná', 'Gabiroba', 'Rua 61', '61');

INSERT INTO Endereco(id, cep, estado, bairro, rua, numero)
VALUES (39, '01616-544', 'Paraná', 'Citrus em Geral', 'Rua 18', '96');

INSERT INTO Endereco(id, cep, estado, bairro, rua, numero)
VALUES (40, '41622-027', 'Mato Grosso', 'Uva itália', 'Rua 29', '81');

INSERT INTO Endereco(id, cep, estado, bairro, rua, numero)
VALUES (41, '91639-138', 'Bahia', 'Muruci', 'Rua 64', '73');

INSERT INTO Endereco(id, cep, estado, bairro, rua, numero)
VALUES (42, '51641-754', 'São Paulo', 'Champedaque', 'Rua 25', '17');

INSERT INTO Endereco(id, cep, estado, bairro, rua, numero)
VALUES (43, '71653-166', 'Acre', 'Umbu', 'Rua 78', '51');

INSERT INTO Endereco(id, cep, estado, bairro, rua, numero)
VALUES (44, '11664-415', 'São Paulo', 'Umê', 'Rua 87', '26');

INSERT INTO Endereco(id, cep, estado, bairro, rua, numero)
VALUES (45, '41672-669', 'Sergipe', 'Jujuba', 'Rua 31', '18');

INSERT INTO Endereco(id, cep, estado, bairro, rua, numero)
VALUES (46, '01688-416', 'São Paulo', 'Carissa', 'Rua 39', '61');

INSERT INTO Endereco(id, cep, estado, bairro, rua, numero)
VALUES (47, '61692-504', 'Distrito Federal', 'Pinha', 'Rua 59', '32');

INSERT INTO Endereco(id, cep, estado, bairro, rua, numero)
VALUES (48, '51707-160', 'Mato Grosso do Sul', 'Caqui japonês', 'Rua 73', '37');

INSERT INTO Endereco(id, cep, estado, bairro, rua, numero)
VALUES (49, '51713-776', 'Rio Grande do Sul', 'Tâmara natural', 'Rua 72', '67');

INSERT INTO Endereco(id, cep, estado, bairro, rua, numero)
VALUES (50, '51725-916', 'São Paulo', 'Pitanga', 'Rua 40', '61');

INSERT INTO Endereco(id, cep, estado, bairro, rua, numero)
VALUES (51, '61732-507', 'Rio Grande do Norte', 'Jambo branco', 'Rua 17', '92');

INSERT INTO Endereco(id, cep, estado, bairro, rua, numero)
VALUES (52, '11749-445', 'Pará', 'Limão siciliano', 'Rua 71', '67');

INSERT INTO Endereco(id, cep, estado, bairro, rua, numero)
VALUES (53, '01756-670', 'Distrito Federal', 'Guaraná', 'Rua 75', '90');

INSERT INTO Endereco(id, cep, estado, bairro, rua, numero)
VALUES (54, '01762-548', 'Alagoas', 'Mabolo', 'Rua 83', '47');

INSERT INTO Endereco(id, cep, estado, bairro, rua, numero)
VALUES (55, '11774-762', 'Amapá', 'Cutite', 'Rua 10', '71');

INSERT INTO Endereco(id, cep, estado, bairro, rua, numero)
VALUES (56, '21785-592', 'Maranhão', 'Mexerica', 'Rua 14', '15');

INSERT INTO Endereco(id, cep, estado, bairro, rua, numero)
VALUES (57, '51799-809', 'São Paulo', 'Uxi', 'Rua 36', '76');

INSERT INTO Endereco(id, cep, estado, bairro, rua, numero)
VALUES (58, '11805-025', 'Pernambuco', 'Toranja', 'Rua 39', '56');

INSERT INTO Endereco(id, cep, estado, bairro, rua, numero)
VALUES (59, '91817-377', 'Sergipe', 'Manga bourbon', 'Rua 73', '20');

INSERT INTO Endereco(id, cep, estado, bairro, rua, numero)
VALUES (60, '91821-697', 'Ceará', 'Taiúva', 'Rua 61', '21');

INSERT INTO Endereco(id, cep, estado, bairro, rua, numero)
VALUES (61, '81834-112', 'Rio de Janeiro', 'Cabeludinha', 'Rua 53', '69');

INSERT INTO Endereco(id, cep, estado, bairro, rua, numero)
VALUES (62, '41848-757', 'Mato Grosso', 'Coco fresco', 'Rua 36', '45');

INSERT INTO Endereco(id, cep, estado, bairro, rua, numero)
VALUES (63, '81857-877', 'Paraná', 'Taperebá', 'Rua 62', '97');

INSERT INTO Endereco(id, cep, estado, bairro, rua, numero)
VALUES (64, '71864-816', 'Mato Grosso', 'Jabuticaba', 'Rua 86', '44');

INSERT INTO Endereco(id, cep, estado, bairro, rua, numero)
VALUES (65, '91870-910', 'Pará', 'Mamão papaia', 'Rua 49', '42');

INSERT INTO Endereco(id, cep, estado, bairro, rua, numero)
VALUES (66, '41882-557', 'Mato Grosso', 'Maçã', 'Rua 12', '89');

INSERT INTO Endereco(id, cep, estado, bairro, rua, numero)
VALUES (67, '51892-715', 'Santa Catarina', 'Guaraná', 'Rua 88', '60');

INSERT INTO Endereco(id, cep, estado, bairro, rua, numero)
VALUES (68, '21902-891', 'Roraima', 'Cereja', 'Rua 78', '38');

INSERT INTO Endereco(id, cep, estado, bairro, rua, numero)
VALUES (69, '61910-368', 'Alagoas', 'Mangaba', 'Rua 58', '98');

INSERT INTO Endereco(id, cep, estado, bairro, rua, numero)
VALUES (70, '01925-238', 'Rio Grande do Norte', 'Marula', 'Rua 55', '48');

INSERT INTO Endereco(id, cep, estado, bairro, rua, numero)
VALUES (71, '91933-760', 'Pernambuco', 'Banana', 'Rua 91', '17');

INSERT INTO Endereco(id, cep, estado, bairro, rua, numero)
VALUES (72, '31946-302', 'Piauí', 'Amora', 'Rua 27', '95');

INSERT INTO Endereco(id, cep, estado, bairro, rua, numero)
VALUES (73, '51951-644', 'Amazonas', 'Babaçu', 'Rua 11', '46');

INSERT INTO Endereco(id, cep, estado, bairro, rua, numero)
VALUES (74, '81965-180', 'Goiás', 'Calamondin', 'Rua 57', '31');

INSERT INTO Endereco(id, cep, estado, bairro, rua, numero)
VALUES (75, '81978-149', 'Pará', 'Blueberry', 'Rua 22', '24');

INSERT INTO Endereco(id, cep, estado, bairro, rua, numero)
VALUES (76, '91987-462', 'Rio de Janeiro', 'Jujuba chinesa', 'Rua 71', '43');

INSERT INTO Endereco(id, cep, estado, bairro, rua, numero)
VALUES (77, '61991-426', 'São Paulo', 'Lucuma', 'Rua 77', '89');

INSERT INTO Endereco(id, cep, estado, bairro, rua, numero)
VALUES (78, '92009-422', 'Amazonas', 'Limão galego', 'Rua 33', '57');

INSERT INTO Endereco(id, cep, estado, bairro, rua, numero)
VALUES (79, '92010-533', 'São Paulo', 'Santol', 'Rua 67', '89');

INSERT INTO Endereco(id, cep, estado, bairro, rua, numero)
VALUES (80, '72020-179', 'Maranhão', 'Amora silvestre', 'Rua 11', '75');

INSERT INTO Endereco(id, cep, estado, bairro, rua, numero)
VALUES (81, '42037-853', 'Rio Grande do Norte', 'Ilama', 'Rua 78', '17');

INSERT INTO Endereco(id, cep, estado, bairro, rua, numero)
VALUES (82, '12045-636', 'Paraíba', 'Wampi', 'Rua 72', '51');

INSERT INTO Endereco(id, cep, estado, bairro, rua, numero)
VALUES (83, '22054-367', 'Pernambuco', 'Guabiroba', 'Rua 29', '35');

INSERT INTO Endereco(id, cep, estado, bairro, rua, numero)
VALUES (84, '72068-940', 'Mato Grosso do Sul', 'Kiwi', 'Rua 26', '18');

INSERT INTO Endereco(id, cep, estado, bairro, rua, numero)
VALUES (85, '72071-638', 'Mato Grosso', 'Jenipapo', 'Rua 52', '66');

INSERT INTO Endereco(id, cep, estado, bairro, rua, numero)
VALUES (86, '02089-296', 'Roraima', 'Maná - Cubiu', 'Rua 73', '90');

INSERT INTO Endereco(id, cep, estado, bairro, rua, numero)
VALUES (87, '82094-258', 'Santa Catarina', 'Wampi', 'Rua 79', '67');

INSERT INTO Endereco(id, cep, estado, bairro, rua, numero)
VALUES (88, '72103-444', 'Santa Catarina', 'Piquiá', 'Rua 29', '86');

INSERT INTO Endereco(id, cep, estado, bairro, rua, numero)
VALUES (89, '92111-185', 'Sergipe', 'Cambucá', 'Rua 30', '29');

INSERT INTO Endereco(id, cep, estado, bairro, rua, numero)
VALUES (90, '82124-967', 'Acre', 'Pitanga', 'Rua 79', '95');

INSERT INTO Endereco(id, cep, estado, bairro, rua, numero)
VALUES (91, '92130-874', 'Mato Grosso do Sul', 'Jambo branco', 'Rua 25', '13');

INSERT INTO Endereco(id, cep, estado, bairro, rua, numero)
VALUES (92, '02143-715', 'Espírito Santo', 'Avelã', 'Rua 37', '92');

INSERT INTO Endereco(id, cep, estado, bairro, rua, numero)
VALUES (93, '22156-035', 'Alagoas', 'Limão siciliano', 'Rua 55', '97');

INSERT INTO Endereco(id, cep, estado, bairro, rua, numero)
VALUES (94, '82168-616', 'Goiás', 'Pulasan', 'Rua 62', '90');

INSERT INTO Endereco(id, cep, estado, bairro, rua, numero)
VALUES (95, '12178-761', 'Pernambuco', 'Laranja pêra', 'Rua 60', '16');

INSERT INTO Endereco(id, cep, estado, bairro, rua, numero)
VALUES (96, '62184-630', 'Minas Gerais', 'Guabiju', 'Rua 36', '14');

INSERT INTO Endereco(id, cep, estado, bairro, rua, numero)
VALUES (97, '82190-085', 'Espírito Santo', 'Mamão formosa', 'Rua 27', '47');

INSERT INTO Endereco(id, cep, estado, bairro, rua, numero)
VALUES (98, '92200-692', 'Ceará', 'Goiaba branca', 'Rua 89', '28');

INSERT INTO Endereco(id, cep, estado, bairro, rua, numero)
VALUES (99, '92213-153', 'Acre', 'Cubiu', 'Rua 15', '49');

INSERT INTO Endereco(id, cep, estado, bairro, rua, numero)
VALUES (100, '42220-357', 'Rio Grande do Sul', 'Caraguata', 'Rua 15', '77');

INSERT INTO Endereco(id, cep, estado, bairro, rua, numero)
VALUES (101, '02239-171', 'Ceará', 'Jujuba chinesa', 'Rua 54', '91');

INSERT INTO Endereco(id, cep, estado, bairro, rua, numero)
VALUES (102, '22249-315', 'Espírito Santo', 'Santol', 'Rua 93', '56');

INSERT INTO Endereco(id, cep, estado, bairro, rua, numero)
VALUES (103, '62252-951', 'Minas Gerais', 'Tucumã', 'Rua 47', '59');

INSERT INTO Endereco(id, cep, estado, bairro, rua, numero)
VALUES (104, '72264-427', 'Espírito Santo', 'Tucumã', 'Rua 78', '10');

INSERT INTO Endereco(id, cep, estado, bairro, rua, numero)
VALUES (105, '22276-846', 'Sergipe', 'Guabiju', 'Rua 95', '84');

INSERT INTO Endereco(id, cep, estado, bairro, rua, numero)
VALUES (106, '92280-957', 'Rio Grande do Norte', 'Guabiroba', 'Rua 26', '27');

INSERT INTO Endereco(id, cep, estado, bairro, rua, numero)
VALUES (107, '72294-705', 'Maranhão', 'Maná - Cubiu', 'Rua 73', '61');

INSERT INTO Endereco(id, cep, estado, bairro, rua, numero)
VALUES (108, '82308-714', 'Paraíba', 'Banana Nanica', 'Rua 78', '18');

INSERT INTO Endereco(id, cep, estado, bairro, rua, numero)
VALUES (109, '22311-164', 'Mato Grosso', 'Dendê', 'Rua 45', '12');

INSERT INTO Endereco(id, cep, estado, bairro, rua, numero)
VALUES (110, '22326-191', 'Acre', 'Mamey', 'Rua 45', '64');

INSERT INTO Endereco(id, cep, estado, bairro, rua, numero)
VALUES (111, '02339-705', 'Rondônia', 'Açaí', 'Rua 86', '90');

INSERT INTO Endereco(id, cep, estado, bairro, rua, numero)
VALUES (112, '32343-080', 'Rondônia', 'Mexerica Rio', 'Rua 63', '35');

INSERT INTO Endereco(id, cep, estado, bairro, rua, numero)
VALUES (113, '32352-261', 'Amapá', 'Natanjila', 'Rua 74', '80');

INSERT INTO Endereco(id, cep, estado, bairro, rua, numero)
VALUES (114, '82363-726', 'Rio Grande do Sul', 'Caqui chocolate', 'Rua 12', '70');

INSERT INTO Endereco(id, cep, estado, bairro, rua, numero)
VALUES (115, '52377-905', 'Minas Gerais', 'Avocadoe', 'Rua 26', '28');

INSERT INTO Endereco(id, cep, estado, bairro, rua, numero)
VALUES (116, '72381-835', 'Amapá', 'Bacaba', 'Rua 53', '76');

INSERT INTO Endereco(id, cep, estado, bairro, rua, numero)
VALUES (117, '62393-177', 'Pernambuco', 'Gabiroba', 'Rua 69', '62');

INSERT INTO Endereco(id, cep, estado, bairro, rua, numero)
VALUES (118, '42407-482', 'Acre', 'Cacau', 'Rua 76', '83');

INSERT INTO Endereco(id, cep, estado, bairro, rua, numero)
VALUES (119, '02414-723', 'Alagoas', 'Carnaúba', 'Rua 57', '12');

INSERT INTO Endereco(id, cep, estado, bairro, rua, numero)
VALUES (120, '52427-971', 'Amazonas', 'Castanha portuguesa', 'Rua 28', '28');

INSERT INTO Endereco(id, cep, estado, bairro, rua, numero)
VALUES (121, '82430-669', 'Espírito Santo', 'Uva itália', 'Rua 34', '21');

INSERT INTO Endereco(id, cep, estado, bairro, rua, numero)
VALUES (122, '62448-193', 'Maranhão', 'Castanha portuguesa', 'Rua 43', '27');

INSERT INTO Endereco(id, cep, estado, bairro, rua, numero)
VALUES (123, '52458-369', 'Rondônia', 'Laranja lima', 'Rua 31', '66');

INSERT INTO Endereco(id, cep, estado, bairro, rua, numero)
VALUES (124, '62461-070', 'Espírito Santo', 'Maracujá', 'Rua 65', '50');

INSERT INTO Endereco(id, cep, estado, bairro, rua, numero)
VALUES (125, '52474-159', 'Rio de Janeiro', 'Limão tahiti', 'Rua 34', '73');

INSERT INTO Endereco(id, cep, estado, bairro, rua, numero)
VALUES (126, '12484-400', 'Distrito Federal', 'Baru', 'Rua 98', '97');

INSERT INTO Endereco(id, cep, estado, bairro, rua, numero)
VALUES (127, '72495-292', 'Amazonas', 'Jabuticaba branca', 'Rua 65', '56');

INSERT INTO Endereco(id, cep, estado, bairro, rua, numero)
VALUES (128, '22502-202', 'Sergipe', 'Jabuticaba branca', 'Rua 21', '95');

INSERT INTO Endereco(id, cep, estado, bairro, rua, numero)
VALUES (129, '32516-487', 'São Paulo', 'Marang', 'Rua 94', '68');

INSERT INTO Endereco(id, cep, estado, bairro, rua, numero)
VALUES (130, '82522-040', 'Rondônia', 'Mutamba', 'Rua 53', '98');

INSERT INTO Endereco(id, cep, estado, bairro, rua, numero)
VALUES (131, '82531-664', 'Rio Grande do Norte', 'Fruta - Pão', 'Rua 76', '49');

INSERT INTO Endereco(id, cep, estado, bairro, rua, numero)
VALUES (132, '82540-655', 'Paraná', 'Açaí', 'Rua 65', '20');

INSERT INTO Endereco(id, cep, estado, bairro, rua, numero)
VALUES (133, '12558-238', 'Amazonas', 'Guajirú', 'Rua 44', '43');

INSERT INTO Endereco(id, cep, estado, bairro, rua, numero)
VALUES (134, '92563-926', 'Tocantins', 'Caqui chocolate', 'Rua 84', '63');

INSERT INTO Endereco(id, cep, estado, bairro, rua, numero)
VALUES (135, '12574-710', 'Roraima', 'Natanjila', 'Rua 58', '40');

INSERT INTO Endereco(id, cep, estado, bairro, rua, numero)
VALUES (136, '02584-387', 'Rio Grande do Norte', 'Framboesa', 'Rua 77', '46');

INSERT INTO Endereco(id, cep, estado, bairro, rua, numero)
VALUES (137, '22596-957', 'Amapá', 'Guajirú', 'Rua 39', '17');

INSERT INTO Endereco(id, cep, estado, bairro, rua, numero)
VALUES (138, '62609-284', 'Maranhão', 'Licuri', 'Rua 13', '40');

INSERT INTO Endereco(id, cep, estado, bairro, rua, numero)
VALUES (139, '62615-361', 'Rio de Janeiro', 'Laranja lima', 'Rua 36', '92');

INSERT INTO Endereco(id, cep, estado, bairro, rua, numero)
VALUES (140, '52620-016', 'Espírito Santo', 'Laranja pêra', 'Rua 42', '81');

INSERT INTO Endereco(id, cep, estado, bairro, rua, numero)
VALUES (141, '42635-282', 'Pará', 'Goiaba branca', 'Rua 22', '42');

INSERT INTO Endereco(id, cep, estado, bairro, rua, numero)
VALUES (142, '42648-440', 'Tocantins', 'Damasco', 'Rua 81', '36');

INSERT INTO Endereco(id, cep, estado, bairro, rua, numero)
VALUES (143, '22654-398', 'Paraná', 'Pitomba', 'Rua 42', '33');

INSERT INTO Endereco(id, cep, estado, bairro, rua, numero)
VALUES (144, '72660-913', 'Sergipe', 'Maçã', 'Rua 11', '20');

INSERT INTO Endereco(id, cep, estado, bairro, rua, numero)
VALUES (145, '22678-703', 'Rio de Janeiro', 'Ciriguela', 'Rua 94', '72');

INSERT INTO Endereco(id, cep, estado, bairro, rua, numero)
VALUES (146, '12682-319', 'Mato Grosso', 'Muruci', 'Rua 80', '53');

INSERT INTO Endereco(id, cep, estado, bairro, rua, numero)
VALUES (147, '42696-143', 'Tocantins', 'Carnaúba', 'Rua 28', '67');

INSERT INTO Endereco(id, cep, estado, bairro, rua, numero)
VALUES (148, '72704-494', 'Distrito Federal', 'Pitomba', 'Rua 63', '30');

INSERT INTO Endereco(id, cep, estado, bairro, rua, numero)
VALUES (149, '32716-127', 'Rio de Janeiro', 'Abiu', 'Rua 94', '51');

INSERT INTO Endereco(id, cep, estado, bairro, rua, numero)
VALUES (150, '42726-500', 'Pernambuco', 'Uva passa', 'Rua 63', '25');

INSERT INTO Endereco(id, cep, estado, bairro, rua, numero)
VALUES (151, '72737-377', 'Santa Catarina', 'Naranjilla', 'Rua 67', '92');

INSERT INTO Endereco(id, cep, estado, bairro, rua, numero)
VALUES (152, '52747-742', 'Minas Gerais', 'Jambo amarelo', 'Rua 42', '40');

INSERT INTO Endereco(id, cep, estado, bairro, rua, numero)
VALUES (153, '62751-989', 'Goiás', 'Umê', 'Rua 84', '33');

INSERT INTO Endereco(id, cep, estado, bairro, rua, numero)
VALUES (154, '72765-482', 'Maranhão', 'Fruta-pão', 'Rua 53', '63');

INSERT INTO Endereco(id, cep, estado, bairro, rua, numero)
VALUES (155, '52770-500', 'Roraima', 'Pequi', 'Rua 38', '11');

INSERT INTO Endereco(id, cep, estado, bairro, rua, numero)
VALUES (156, '62786-802', 'Santa Catarina', 'Damasco', 'Rua 94', '54');

INSERT INTO Endereco(id, cep, estado, bairro, rua, numero)
VALUES (157, '92797-686', 'Ceará', 'Jaracatiá', 'Rua 82', '45');

INSERT INTO Endereco(id, cep, estado, bairro, rua, numero)
VALUES (158, '92800-377', 'Pará', 'Mandacarú', 'Rua 98', '44');

INSERT INTO Endereco(id, cep, estado, bairro, rua, numero)
VALUES (159, '82818-731', 'Mato Grosso', 'Sapucaia', 'Rua 79', '54');

INSERT INTO Endereco(id, cep, estado, bairro, rua, numero)
VALUES (160, '12825-259', 'Paraná', 'Camu - Camu', 'Rua 49', '79');

INSERT INTO Endereco(id, cep, estado, bairro, rua, numero)
VALUES (161, '82832-319', 'Rio de Janeiro', 'Cidra', 'Rua 77', '80');

INSERT INTO Endereco(id, cep, estado, bairro, rua, numero)
VALUES (162, '62842-346', 'Rondônia', 'Marang', 'Rua 44', '36');

INSERT INTO Endereco(id, cep, estado, bairro, rua, numero)
VALUES (163, '92855-835', 'Santa Catarina', 'Caqui chocolate', 'Rua 26', '65');

INSERT INTO Endereco(id, cep, estado, bairro, rua, numero)
VALUES (164, '02868-054', 'Paraíba', 'Ilama', 'Rua 24', '86');

INSERT INTO Endereco(id, cep, estado, bairro, rua, numero)
VALUES (165, '62875-544', 'Amazonas', 'Abricó', 'Rua 51', '17');

INSERT INTO Endereco(id, cep, estado, bairro, rua, numero)
VALUES (166, '52884-039', 'Amazonas', 'Manga haden', 'Rua 34', '76');

INSERT INTO Endereco(id, cep, estado, bairro, rua, numero)
VALUES (167, '72898-615', 'Mato Grosso', 'Pitanga', 'Rua 73', '43');

INSERT INTO Endereco(id, cep, estado, bairro, rua, numero)
VALUES (168, '42901-780', 'Alagoas', 'Veludo', 'Rua 11', '50');

INSERT INTO Endereco(id, cep, estado, bairro, rua, numero)
VALUES (169, '22915-293', 'Santa Catarina', 'Laranja', 'Rua 90', '23');

INSERT INTO Endereco(id, cep, estado, bairro, rua, numero)
VALUES (170, '42927-826', 'Ceará', 'Laranja lima', 'Rua 66', '21');

INSERT INTO Endereco(id, cep, estado, bairro, rua, numero)
VALUES (171, '82935-213', 'Paraná', 'Achachairu', 'Rua 59', '67');

INSERT INTO Endereco(id, cep, estado, bairro, rua, numero)
VALUES (172, '22949-294', 'Pará', 'Bacupari', 'Rua 70', '63');

INSERT INTO Endereco(id, cep, estado, bairro, rua, numero)
VALUES (173, '02952-643', 'Alagoas', 'Banana Maçã', 'Rua 67', '85');

INSERT INTO Endereco(id, cep, estado, bairro, rua, numero)
VALUES (174, '92961-527', 'Minas Gerais', 'Biribá', 'Rua 49', '13');

INSERT INTO Endereco(id, cep, estado, bairro, rua, numero)
VALUES (175, '72977-807', 'Acre', 'Camu - Camu', 'Rua 96', '54');

INSERT INTO Endereco(id, cep, estado, bairro, rua, numero)
VALUES (176, '32986-433', 'Tocantins', 'Maçã Fuji', 'Rua 70', '96');

INSERT INTO Endereco(id, cep, estado, bairro, rua, numero)
VALUES (177, '02994-436', 'Espírito Santo', 'Toranja', 'Rua 81', '74');

INSERT INTO Endereco(id, cep, estado, bairro, rua, numero)
VALUES (178, '23004-154', 'Piauí', 'Melão', 'Rua 93', '75');

INSERT INTO Endereco(id, cep, estado, bairro, rua, numero)
VALUES (179, '43016-729', 'Santa Catarina', 'Laranja lima', 'Rua 21', '44');

INSERT INTO Endereco(id, cep, estado, bairro, rua, numero)
VALUES (180, '03021-246', 'Rio de Janeiro', 'Pinhão', 'Rua 65', '24');

INSERT INTO Endereco(id, cep, estado, bairro, rua, numero)
VALUES (181, '53038-811', 'Tocantins', 'Rambutão', 'Rua 11', '18');

INSERT INTO Endereco(id, cep, estado, bairro, rua, numero)
VALUES (182, '53044-401', 'Santa Catarina', 'Condessa', 'Rua 41', '23');

INSERT INTO Endereco(id, cep, estado, bairro, rua, numero)
VALUES (183, '13055-319', 'Ceará', 'Jatobáá', 'Rua 29', '45');

INSERT INTO Endereco(id, cep, estado, bairro, rua, numero)
VALUES (184, '73062-036', 'Tocantins', 'Limas Ácidas e Doces', 'Rua 84', '89');

INSERT INTO Endereco(id, cep, estado, bairro, rua, numero)
VALUES (185, '13079-843', 'Minas Gerais', 'Nectarina', 'Rua 12', '36');

INSERT INTO Endereco(id, cep, estado, bairro, rua, numero)
VALUES (186, '83083-889', 'Rondônia', 'Goiaba vermelha', 'Rua 61', '62');

INSERT INTO Endereco(id, cep, estado, bairro, rua, numero)
VALUES (187, '63093-708', 'Tocantins', 'Café', 'Rua 17', '95');

INSERT INTO Endereco(id, cep, estado, bairro, rua, numero)
VALUES (188, '13108-089', 'Bahia', 'Mamão', 'Rua 89', '73');

INSERT INTO Endereco(id, cep, estado, bairro, rua, numero)
VALUES (189, '53117-010', 'Minas Gerais', 'Pêra Park', 'Rua 65', '94');

INSERT INTO Endereco(id, cep, estado, bairro, rua, numero)
VALUES (190, '13121-144', 'São Paulo', 'Tangerina', 'Rua 74', '11');

INSERT INTO Endereco(id, cep, estado, bairro, rua, numero)
VALUES (191, '53130-770', 'Alagoas', 'Mutamba', 'Rua 99', '12');

INSERT INTO Endereco(id, cep, estado, bairro, rua, numero)
VALUES (192, '73140-535', 'Rio de Janeiro', 'Maçã Fuji', 'Rua 95', '37');

INSERT INTO Endereco(id, cep, estado, bairro, rua, numero)
VALUES (193, '63154-245', 'Rio de Janeiro', 'Maracujá', 'Rua 55', '54');

INSERT INTO Endereco(id, cep, estado, bairro, rua, numero)
VALUES (194, '83169-317', 'Bahia', 'Melão', 'Rua 21', '91');

INSERT INTO Endereco(id, cep, estado, bairro, rua, numero)
VALUES (195, '23171-168', 'Rio de Janeiro', 'Uva niagara', 'Rua 62', '65');

INSERT INTO Endereco(id, cep, estado, bairro, rua, numero)
VALUES (196, '53188-950', 'Mato Grosso do Sul', 'Grumixama', 'Rua 15', '37');

INSERT INTO Endereco(id, cep, estado, bairro, rua, numero)
VALUES (197, '93190-811', 'Rio Grande do Norte', 'Manga haden', 'Rua 10', '86');

INSERT INTO Endereco(id, cep, estado, bairro, rua, numero)
VALUES (198, '83200-840', 'Espírito Santo', 'Melancia branca', 'Rua 58', '76');

INSERT INTO Endereco(id, cep, estado, bairro, rua, numero)
VALUES (199, '73217-214', 'Santa Catarina', 'Jambo branco', 'Rua 96', '39');

INSERT INTO Endereco(id, cep, estado, bairro, rua, numero)
VALUES (200, '73221-769', 'Santa Catarina', 'Laranja', 'Rua 57', '27');

INSERT INTO Endereco(id, cep, estado, bairro, rua, numero)
VALUES (201, '93230-810', 'Minas Gerais', 'Castanhas Variadas', 'Rua 13', '23');

INSERT INTO Endereco(id, cep, estado, bairro, rua, numero)
VALUES (202, '03249-409', 'Santa Catarina', 'Nêspera', 'Rua 62', '44');

INSERT INTO Endereco(id, cep, estado, bairro, rua, numero)
VALUES (203, '93258-589', 'Paraíba', 'Murici', 'Rua 67', '95');

INSERT INTO Endereco(id, cep, estado, bairro, rua, numero)
VALUES (204, '53261-488', 'Roraima', 'Fruta - Pão', 'Rua 40', '12');

INSERT INTO Endereco(id, cep, estado, bairro, rua, numero)
VALUES (205, '63278-646', 'Piauí', 'Cereja', 'Rua 64', '16');

INSERT INTO Endereco(id, cep, estado, bairro, rua, numero)
VALUES (206, '43289-511', 'Minas Gerais', 'Atemoya', 'Rua 78', '37');

INSERT INTO Endereco(id, cep, estado, bairro, rua, numero)
VALUES (207, '03295-717', 'Espírito Santo', 'Nêspera', 'Rua 37', '45');

INSERT INTO Endereco(id, cep, estado, bairro, rua, numero)
VALUES (208, '33303-005', 'Piauí', 'Uvalha', 'Rua 80', '25');

INSERT INTO Endereco(id, cep, estado, bairro, rua, numero)
VALUES (209, '13312-097', 'São Paulo', 'Camu - Camu', 'Rua 27', '57');

INSERT INTO Endereco(id, cep, estado, bairro, rua, numero)
VALUES (210, '73321-955', 'Espírito Santo', 'Pêra Williams', 'Rua 70', '83');

INSERT INTO Endereco(id, cep, estado, bairro, rua, numero)
VALUES (211, '33335-702', 'Piauí', 'Tucumã', 'Rua 37', '68');

INSERT INTO Endereco(id, cep, estado, bairro, rua, numero)
VALUES (212, '13342-636', 'Acre', 'Cambuci', 'Rua 86', '23');

INSERT INTO Endereco(id, cep, estado, bairro, rua, numero)
VALUES (213, '43358-097', 'Santa Catarina', 'Melancia', 'Rua 89', '58');

INSERT INTO Endereco(id, cep, estado, bairro, rua, numero)
VALUES (214, '73365-661', 'Roraima', 'Banana Pacova', 'Rua 96', '38');

INSERT INTO Endereco(id, cep, estado, bairro, rua, numero)
VALUES (215, '93377-241', 'Tocantins', 'Cupuaçu', 'Rua 32', '82');

INSERT INTO Endereco(id, cep, estado, bairro, rua, numero)
VALUES (216, '73387-376', 'Alagoas', 'Jurubeba', 'Rua 46', '76');

INSERT INTO Endereco(id, cep, estado, bairro, rua, numero)
VALUES (217, '33399-371', 'Rio de Janeiro', 'Naranjilla', 'Rua 86', '53');

INSERT INTO Endereco(id, cep, estado, bairro, rua, numero)
VALUES (218, '33400-940', 'Acre', 'Uvaia', 'Rua 86', '78');

INSERT INTO Endereco(id, cep, estado, bairro, rua, numero)
VALUES (219, '33410-877', 'Pará', 'Mexerica Rio', 'Rua 96', '43');

INSERT INTO Endereco(id, cep, estado, bairro, rua, numero)
VALUES (220, '73428-283', 'Distrito Federal', 'Marula', 'Rua 96', '11');

INSERT INTO Endereco(id, cep, estado, bairro, rua, numero)
VALUES (221, '23431-647', 'Amazonas', 'Cereja', 'Rua 64', '69');

INSERT INTO Endereco(id, cep, estado, bairro, rua, numero)
VALUES (222, '93440-868', 'Piauí', 'Feijoa', 'Rua 28', '78');

INSERT INTO Endereco(id, cep, estado, bairro, rua, numero)
VALUES (223, '63450-191', 'Rio de Janeiro', 'Jerivá ou Jeribá', 'Rua 28', '11');

INSERT INTO Endereco(id, cep, estado, bairro, rua, numero)
VALUES (224, '73467-847', 'Tocantins', 'Cereja', 'Rua 59', '16');

INSERT INTO Endereco(id, cep, estado, bairro, rua, numero)
VALUES (225, '63472-977', 'Amazonas', 'Amêndoa', 'Rua 89', '52');

INSERT INTO Endereco(id, cep, estado, bairro, rua, numero)
VALUES (226, '43483-973', 'Alagoas', 'Banana Nanica', 'Rua 95', '30');

INSERT INTO Endereco(id, cep, estado, bairro, rua, numero)
VALUES (227, '93494-921', 'Goiás', 'Sapoti', 'Rua 90', '98');

INSERT INTO Endereco(id, cep, estado, bairro, rua, numero)
VALUES (228, '33502-896', 'Bahia', 'Macadâmia', 'Rua 64', '95');

INSERT INTO Endereco(id, cep, estado, bairro, rua, numero)
VALUES (229, '83514-921', 'Rio Grande do Norte', 'Amora', 'Rua 33', '46');

INSERT INTO Endereco(id, cep, estado, bairro, rua, numero)
VALUES (230, '23529-757', 'Tocantins', 'Glicosmis', 'Rua 28', '20');

INSERT INTO Endereco(id, cep, estado, bairro, rua, numero)
VALUES (231, '33532-904', 'Roraima', 'Pistache', 'Rua 51', '36');

INSERT INTO Endereco(id, cep, estado, bairro, rua, numero)
VALUES (232, '13541-052', 'Distrito Federal', 'Santol', 'Rua 67', '89');

INSERT INTO Endereco(id, cep, estado, bairro, rua, numero)
VALUES (233, '13557-225', 'Alagoas', 'Groselha', 'Rua 58', '23');

INSERT INTO Endereco(id, cep, estado, bairro, rua, numero)
VALUES (234, '43562-447', 'Tocantins', 'Cereja', 'Rua 38', '15');

INSERT INTO Endereco(id, cep, estado, bairro, rua, numero)
VALUES (235, '23578-345', 'Pernambuco', 'Goiaba', 'Rua 84', '14');

INSERT INTO Endereco(id, cep, estado, bairro, rua, numero)
VALUES (236, '03581-580', 'Rio de Janeiro', 'Caju', 'Rua 59', '21');

INSERT INTO Endereco(id, cep, estado, bairro, rua, numero)
VALUES (237, '93597-302', 'Tocantins', 'Mamão formosa', 'Rua 58', '36');

INSERT INTO Endereco(id, cep, estado, bairro, rua, numero)
VALUES (238, '13607-768', 'Rio Grande do Norte', 'Umari', 'Rua 17', '86');

INSERT INTO Endereco(id, cep, estado, bairro, rua, numero)
VALUES (239, '03619-035', 'Piauí', 'Marmelo', 'Rua 20', '96');

INSERT INTO Endereco(id, cep, estado, bairro, rua, numero)
VALUES (240, '73625-419', 'Ceará', 'Champedaque', 'Rua 39', '70');

INSERT INTO Endereco(id, cep, estado, bairro, rua, numero)
VALUES (241, '03638-738', 'Amapá', 'Mexerica Rio', 'Rua 92', '40');

INSERT INTO Endereco(id, cep, estado, bairro, rua, numero)
VALUES (242, '83644-063', 'Roraima', 'Pitaya', 'Rua 78', '69');

INSERT INTO Endereco(id, cep, estado, bairro, rua, numero)
VALUES (243, '93650-854', 'Piauí', 'Coco babaçu', 'Rua 68', '61');

INSERT INTO Endereco(id, cep, estado, bairro, rua, numero)
VALUES (244, '53663-437', 'Paraíba', 'Tangerina Poncâ', 'Rua 97', '12');

INSERT INTO Endereco(id, cep, estado, bairro, rua, numero)
VALUES (245, '03678-989', 'Amapá', 'Ingá', 'Rua 73', '10');

INSERT INTO Endereco(id, cep, estado, bairro, rua, numero)
VALUES (246, '53683-016', 'Roraima', 'Dovyalis', 'Rua 57', '26');

INSERT INTO Endereco(id, cep, estado, bairro, rua, numero)
VALUES (247, '53693-553', 'Rondônia', 'Bilimbi', 'Rua 67', '46');

INSERT INTO Endereco(id, cep, estado, bairro, rua, numero)
VALUES (248, '23709-045', 'Ceará', 'Tarumã', 'Rua 63', '64');

INSERT INTO Endereco(id, cep, estado, bairro, rua, numero)
VALUES (249, '93710-123', 'Roraima', 'Guabiroba', 'Rua 74', '29');

INSERT INTO Endereco(id, cep, estado, bairro, rua, numero)
VALUES (250, '53727-343', 'Amapá', 'Longan', 'Rua 47', '60');

INSERT INTO Endereco(id, cep, estado, bairro, rua, numero)
VALUES (251, '03737-966', 'Sergipe', 'Sapucaia', 'Rua 87', '77');

INSERT INTO Endereco(id, cep, estado, bairro, rua, numero)
VALUES (252, '83747-194', 'Santa Catarina', 'Mamão', 'Rua 45', '25');

INSERT INTO Endereco(id, cep, estado, bairro, rua, numero)
VALUES (253, '73757-294', 'Paraná', 'Physalis', 'Rua 60', '18');

INSERT INTO Endereco(id, cep, estado, bairro, rua, numero)
VALUES (254, '13761-953', 'Pará', 'Durião', 'Rua 54', '81');

INSERT INTO Endereco(id, cep, estado, bairro, rua, numero)
VALUES (255, '73771-825', 'Maranhão', 'Uva', 'Rua 53', '15');

INSERT INTO Endereco(id, cep, estado, bairro, rua, numero)
VALUES (256, '53783-210', 'Piauí', 'Limão siciliano', 'Rua 12', '42');

INSERT INTO Endereco(id, cep, estado, bairro, rua, numero)
VALUES (257, '13797-715', 'Bahia', 'Coco', 'Rua 47', '30');

INSERT INTO Endereco(id, cep, estado, bairro, rua, numero)
VALUES (258, '93800-305', 'Amazonas', 'Cagaita', 'Rua 52', '89');

INSERT INTO Endereco(id, cep, estado, bairro, rua, numero)
VALUES (259, '73811-011', 'Espírito Santo', 'Caqui japonês', 'Rua 52', '50');

INSERT INTO Endereco(id, cep, estado, bairro, rua, numero)
VALUES (260, '53821-119', 'Paraná', 'Melancia amarela', 'Rua 80', '30');

INSERT INTO Endereco(id, cep, estado, bairro, rua, numero)
VALUES (261, '73836-048', 'Minas Gerais', 'Jujuba chinesa', 'Rua 62', '78');

INSERT INTO Endereco(id, cep, estado, bairro, rua, numero)
VALUES (262, '53841-916', 'Mato Grosso', 'Macaúba', 'Rua 38', '54');

INSERT INTO Endereco(id, cep, estado, bairro, rua, numero)
VALUES (263, '33859-203', 'Sergipe', 'Marula', 'Rua 69', '84');

INSERT INTO Endereco(id, cep, estado, bairro, rua, numero)
VALUES (264, '83862-287', 'Amazonas', 'Pitomba', 'Rua 43', '57');

INSERT INTO Endereco(id, cep, estado, bairro, rua, numero)
VALUES (265, '43878-858', 'Sergipe', 'Muruci', 'Rua 33', '93');

INSERT INTO Endereco(id, cep, estado, bairro, rua, numero)
VALUES (266, '23888-191', 'Santa Catarina', 'Maçaranduba', 'Rua 21', '24');

INSERT INTO Endereco(id, cep, estado, bairro, rua, numero)
VALUES (267, '93895-760', 'Distrito Federal', 'Buriti', 'Rua 69', '26');

INSERT INTO Endereco(id, cep, estado, bairro, rua, numero)
VALUES (268, '03901-204', 'Pará', 'Guaraná', 'Rua 47', '71');

INSERT INTO Endereco(id, cep, estado, bairro, rua, numero)
VALUES (269, '33915-970', 'Amapá', 'Banana', 'Rua 90', '43');

INSERT INTO Endereco(id, cep, estado, bairro, rua, numero)
VALUES (270, '23927-167', 'Distrito Federal', 'Castanhas Variadas', 'Rua 67', '30');

INSERT INTO Endereco(id, cep, estado, bairro, rua, numero)
VALUES (271, '03938-209', 'Paraíba', 'Framboesa fresca', 'Rua 78', '89');

INSERT INTO Endereco(id, cep, estado, bairro, rua, numero)
VALUES (272, '63942-090', 'Rio Grande do Norte', 'Taiúva', 'Rua 18', '47');

INSERT INTO Endereco(id, cep, estado, bairro, rua, numero)
VALUES (273, '93953-061', 'Rondônia', 'Laranja pêra', 'Rua 71', '37');

INSERT INTO Endereco(id, cep, estado, bairro, rua, numero)
VALUES (274, '23961-615', 'São Paulo', 'Manga bourbon', 'Rua 93', '98');

INSERT INTO Endereco(id, cep, estado, bairro, rua, numero)
VALUES (275, '33971-681', 'Amazonas', 'Sapoti', 'Rua 82', '51');

INSERT INTO Endereco(id, cep, estado, bairro, rua, numero)
VALUES (276, '33981-898', 'Sergipe', 'Taperebá', 'Rua 70', '45');

INSERT INTO Endereco(id, cep, estado, bairro, rua, numero)
VALUES (277, '83993-365', 'Rio Grande do Norte', 'Mamão papaia', 'Rua 99', '48');

INSERT INTO Endereco(id, cep, estado, bairro, rua, numero)
VALUES (278, '24002-699', 'Mato Grosso', 'Biribá', 'Rua 69', '32');

INSERT INTO Endereco(id, cep, estado, bairro, rua, numero)
VALUES (279, '74015-250', 'Distrito Federal', 'Guabiju', 'Rua 79', '68');

INSERT INTO Endereco(id, cep, estado, bairro, rua, numero)
VALUES (280, '44022-424', 'Rio de Janeiro', 'Physalis', 'Rua 24', '84');

INSERT INTO Endereco(id, cep, estado, bairro, rua, numero)
VALUES (281, '54033-345', 'Amapá', 'Laranja valência', 'Rua 87', '79');

INSERT INTO Endereco(id, cep, estado, bairro, rua, numero)
VALUES (282, '84040-427', 'Santa Catarina', 'Maçã Fuji', 'Rua 86', '26');

INSERT INTO Endereco(id, cep, estado, bairro, rua, numero)
VALUES (283, '74056-132', 'Paraná', 'Tamarilu', 'Rua 18', '82');

INSERT INTO Endereco(id, cep, estado, bairro, rua, numero)
VALUES (284, '44065-634', 'Piauí', 'Mutamba', 'Rua 92', '74');

INSERT INTO Endereco(id, cep, estado, bairro, rua, numero)
VALUES (285, '84071-031', 'Rio de Janeiro', 'Bacupari', 'Rua 96', '40');

INSERT INTO Endereco(id, cep, estado, bairro, rua, numero)
VALUES (286, '44082-068', 'Bahia', 'Caju', 'Rua 72', '58');

INSERT INTO Endereco(id, cep, estado, bairro, rua, numero)
VALUES (287, '94096-699', 'Rondônia', 'Cidra', 'Rua 26', '12');

INSERT INTO Endereco(id, cep, estado, bairro, rua, numero)
VALUES (288, '74108-447', 'Amazonas', 'Lichia', 'Rua 82', '84');

INSERT INTO Endereco(id, cep, estado, bairro, rua, numero)
VALUES (289, '44111-531', 'Mato Grosso do Sul', 'Coco babaçu', 'Rua 11', '67');

INSERT INTO Endereco(id, cep, estado, bairro, rua, numero)
VALUES (290, '24122-441', 'Roraima', 'Damasco', 'Rua 57', '86');

INSERT INTO Endereco(id, cep, estado, bairro, rua, numero)
VALUES (291, '74139-020', 'Bahia', 'Akee', 'Rua 35', '60');

INSERT INTO Endereco(id, cep, estado, bairro, rua, numero)
VALUES (292, '24146-201', 'Rio de Janeiro', 'Cagaita', 'Rua 87', '93');

INSERT INTO Endereco(id, cep, estado, bairro, rua, numero)
VALUES (293, '44159-333', 'Roraima', 'Mamão formosa', 'Rua 33', '46');

INSERT INTO Endereco(id, cep, estado, bairro, rua, numero)
VALUES (294, '24168-834', 'Amapá', 'Goiaba branca', 'Rua 84', '90');

INSERT INTO Endereco(id, cep, estado, bairro, rua, numero)
VALUES (295, '24170-970', 'Acre', 'Ingá', 'Rua 23', '65');

INSERT INTO Endereco(id, cep, estado, bairro, rua, numero)
VALUES (296, '94189-791', 'Goiás', 'Cajá', 'Rua 96', '66');

INSERT INTO Endereco(id, cep, estado, bairro, rua, numero)
VALUES (297, '14196-149', 'Ceará', 'Cajá-manga', 'Rua 88', '32');

INSERT INTO Endereco(id, cep, estado, bairro, rua, numero)
VALUES (298, '24206-310', 'Paraíba', 'Santol', 'Rua 42', '34');

INSERT INTO Endereco(id, cep, estado, bairro, rua, numero)
VALUES (299, '74216-054', 'Distrito Federal', 'Uxi', 'Rua 99', '27');

INSERT INTO Endereco(id, cep, estado, bairro, rua, numero)
VALUES (300, '54220-378', 'Mato Grosso', 'Pinha', 'Rua 14', '22');

INSERT INTO Endereco(id, cep, estado, bairro, rua, numero)
VALUES (301, '84238-105', 'Espírito Santo', 'Café', 'Rua 79', '78');

INSERT INTO Endereco(id, cep, estado, bairro, rua, numero)
VALUES (302, '34244-098', 'Rio Grande do Sul', 'Murici', 'Rua 43', '83');

INSERT INTO Endereco(id, cep, estado, bairro, rua, numero)
VALUES (303, '24258-073', 'Rondônia', 'Xixa', 'Rua 31', '23');

INSERT INTO Endereco(id, cep, estado, bairro, rua, numero)
VALUES (304, '64269-098', 'Ceará', 'Mangostin', 'Rua 10', '35');

INSERT INTO Endereco(id, cep, estado, bairro, rua, numero)
VALUES (305, '24279-855', 'Amazonas', 'Tomate Arbóreo', 'Rua 71', '11');

INSERT INTO Endereco(id, cep, estado, bairro, rua, numero)
VALUES (306, '04283-548', 'Pernambuco', 'Amora', 'Rua 54', '19');

INSERT INTO Endereco(id, cep, estado, bairro, rua, numero)
VALUES (307, '24292-659', 'São Paulo', 'Tucumã', 'Rua 57', '52');

INSERT INTO Endereco(id, cep, estado, bairro, rua, numero)
VALUES (308, '14303-317', 'Ceará', 'Lichia', 'Rua 16', '83');

INSERT INTO Endereco(id, cep, estado, bairro, rua, numero)
VALUES (309, '04316-402', 'Sergipe', 'Granadilla', 'Rua 21', '76');

INSERT INTO Endereco(id, cep, estado, bairro, rua, numero)
VALUES (310, '94323-042', 'Rio de Janeiro', 'Tangerina', 'Rua 86', '22');

INSERT INTO Endereco(id, cep, estado, bairro, rua, numero)
VALUES (311, '54333-489', 'Bahia', 'Jambo amarelo', 'Rua 90', '30');

INSERT INTO Endereco(id, cep, estado, bairro, rua, numero)
VALUES (312, '84342-831', 'Rio Grande do Sul', 'Jambo', 'Rua 96', '16');

INSERT INTO Endereco(id, cep, estado, bairro, rua, numero)
VALUES (313, '04358-751', 'Acre', 'Fruta - Pão', 'Rua 42', '18');

INSERT INTO Endereco(id, cep, estado, bairro, rua, numero)
VALUES (314, '74367-507', 'Roraima', 'Jabuticaba', 'Rua 42', '12');

INSERT INTO Endereco(id, cep, estado, bairro, rua, numero)
VALUES (315, '24375-552', 'Santa Catarina', 'Limão tahiti', 'Rua 63', '53');

INSERT INTO Endereco(id, cep, estado, bairro, rua, numero)
VALUES (316, '14385-405', 'Rondônia', 'Kinkan', 'Rua 86', '67');

INSERT INTO Endereco(id, cep, estado, bairro, rua, numero)
VALUES (317, '94397-525', 'Piauí', 'Maçã argentina', 'Rua 52', '56');

INSERT INTO Endereco(id, cep, estado, bairro, rua, numero)
VALUES (318, '34407-527', 'Rondônia', 'Café', 'Rua 72', '58');

INSERT INTO Endereco(id, cep, estado, bairro, rua, numero)
VALUES (319, '54416-672', 'Minas Gerais', 'Mexerica', 'Rua 20', '17');

INSERT INTO Endereco(id, cep, estado, bairro, rua, numero)
VALUES (320, '94422-553', 'Mato Grosso', 'Cambuci', 'Rua 84', '47');

INSERT INTO Endereco(id, cep, estado, bairro, rua, numero)
VALUES (321, '54430-163', 'Santa Catarina', 'Figo da índia vermelho', 'Rua 30', '84');

INSERT INTO Endereco(id, cep, estado, bairro, rua, numero)
VALUES (322, '84441-516', 'Bahia', 'Langsat', 'Rua 47', '36');

INSERT INTO Endereco(id, cep, estado, bairro, rua, numero)
VALUES (323, '74452-382', 'Tocantins', 'Castanha do pará', 'Rua 84', '40');

INSERT INTO Endereco(id, cep, estado, bairro, rua, numero)
VALUES (324, '64469-310', 'Rio de Janeiro', 'Laranja pêra', 'Rua 53', '10');

INSERT INTO Endereco(id, cep, estado, bairro, rua, numero)
VALUES (325, '84477-006', 'Maranhão', 'Akee', 'Rua 50', '40');

INSERT INTO Endereco(id, cep, estado, bairro, rua, numero)
VALUES (326, '24486-392', 'Acre', 'Abacate', 'Rua 97', '14');

INSERT INTO Endereco(id, cep, estado, bairro, rua, numero)
VALUES (327, '54499-293', 'Amazonas', 'Cereja fresca', 'Rua 98', '68');

INSERT INTO Endereco(id, cep, estado, bairro, rua, numero)
VALUES (328, '34506-056', 'Rio Grande do Sul', 'Manga', 'Rua 69', '45');

INSERT INTO Endereco(id, cep, estado, bairro, rua, numero)
VALUES (329, '74513-962', 'Ceará', 'Uva passa', 'Rua 84', '99');

INSERT INTO Endereco(id, cep, estado, bairro, rua, numero)
VALUES (330, '84520-755', 'Distrito Federal', 'Lichia', 'Rua 18', '16');

INSERT INTO Endereco(id, cep, estado, bairro, rua, numero)
VALUES (331, '64539-429', 'Minas Gerais', 'Framboesa fresca', 'Rua 65', '74');

INSERT INTO Endereco(id, cep, estado, bairro, rua, numero)
VALUES (332, '04540-391', 'Bahia', 'Mamão formosa', 'Rua 52', '11');

INSERT INTO Endereco(id, cep, estado, bairro, rua, numero)
VALUES (333, '24559-157', 'Bahia', 'Nectarina', 'Rua 99', '42');

INSERT INTO Endereco(id, cep, estado, bairro, rua, numero)
VALUES (334, '54563-667', 'Rio Grande do Norte', 'Caimito', 'Rua 84', '56');

INSERT INTO Endereco(id, cep, estado, bairro, rua, numero)
VALUES (335, '44570-267', 'Minas Gerais', 'Limão tahiti', 'Rua 30', '14');

INSERT INTO Endereco(id, cep, estado, bairro, rua, numero)
VALUES (336, '94588-568', 'Rondônia', 'Mandacarú', 'Rua 44', '12');

INSERT INTO Endereco(id, cep, estado, bairro, rua, numero)
VALUES (337, '34594-388', 'Pará', 'Taperebá', 'Rua 70', '14');

INSERT INTO Endereco(id, cep, estado, bairro, rua, numero)
VALUES (338, '24606-930', 'Sergipe', 'Uvalha', 'Rua 80', '74');

INSERT INTO Endereco(id, cep, estado, bairro, rua, numero)
VALUES (339, '44615-426', 'São Paulo', 'Goiaba vermelha', 'Rua 93', '85');

INSERT INTO Endereco(id, cep, estado, bairro, rua, numero)
VALUES (340, '44625-981', 'Pará', 'Caqui paulista', 'Rua 88', '93');

INSERT INTO Endereco(id, cep, estado, bairro, rua, numero)
VALUES (341, '84638-784', 'Pará', 'Cereja', 'Rua 74', '58');

INSERT INTO Endereco(id, cep, estado, bairro, rua, numero)
VALUES (342, '44646-636', 'Acre', 'Banana Pacova', 'Rua 97', '92');

INSERT INTO Endereco(id, cep, estado, bairro, rua, numero)
VALUES (343, '64653-636', 'São Paulo', 'Babaçu', 'Rua 68', '89');

INSERT INTO Endereco(id, cep, estado, bairro, rua, numero)
VALUES (344, '84663-245', 'Amapá', 'Banana', 'Rua 27', '28');

INSERT INTO Endereco(id, cep, estado, bairro, rua, numero)
VALUES (345, '34676-618', 'Pernambuco', 'Pulasan', 'Rua 24', '90');

INSERT INTO Endereco(id, cep, estado, bairro, rua, numero)
VALUES (346, '34685-109', 'Minas Gerais', 'Abacaxi', 'Rua 71', '10');

INSERT INTO Endereco(id, cep, estado, bairro, rua, numero)
VALUES (347, '74699-113', 'Rio de Janeiro', 'Goiaba vermelha', 'Rua 93', '72');

INSERT INTO Endereco(id, cep, estado, bairro, rua, numero)
VALUES (348, '34706-103', 'Goiás', 'Jenipapo', 'Rua 71', '24');

INSERT INTO Endereco(id, cep, estado, bairro, rua, numero)
VALUES (349, '04717-346', 'Rio Grande do Sul', 'Condessa', 'Rua 97', '15');

INSERT INTO Endereco(id, cep, estado, bairro, rua, numero)
VALUES (350, '04727-216', 'Piauí', 'Jujuba', 'Rua 52', '32');

INSERT INTO Endereco(id, cep, estado, bairro, rua, numero)
VALUES (351, '54735-202', 'Rio Grande do Sul', 'Murcote', 'Rua 84', '53');

INSERT INTO Endereco(id, cep, estado, bairro, rua, numero)
VALUES (352, '84744-050', 'Rio Grande do Sul', 'Abiu', 'Rua 85', '64');

INSERT INTO Endereco(id, cep, estado, bairro, rua, numero)
VALUES (353, '94751-294', 'Distrito Federal', 'Marula', 'Rua 57', '34');

INSERT INTO Endereco(id, cep, estado, bairro, rua, numero)
VALUES (354, '84767-452', 'Roraima', 'Coco fresco', 'Rua 55', '50');

INSERT INTO Endereco(id, cep, estado, bairro, rua, numero)
VALUES (355, '84778-280', 'Amapá', 'Cajá-manga', 'Rua 52', '14');

INSERT INTO Endereco(id, cep, estado, bairro, rua, numero)
VALUES (356, '84787-599', 'Bahia', 'Pêra', 'Rua 14', '21');

INSERT INTO Endereco(id, cep, estado, bairro, rua, numero)
VALUES (357, '34795-512', 'Paraná', 'Bacupari', 'Rua 55', '45');

INSERT INTO Endereco(id, cep, estado, bairro, rua, numero)
VALUES (358, '94806-921', 'Amazonas', 'Licuri', 'Rua 99', '95');

INSERT INTO Endereco(id, cep, estado, bairro, rua, numero)
VALUES (359, '54819-127', 'Minas Gerais', 'Mirtilo', 'Rua 22', '38');

INSERT INTO Endereco(id, cep, estado, bairro, rua, numero)
VALUES (360, '64825-666', 'Pará', 'Achachairu', 'Rua 54', '87');

INSERT INTO Endereco(id, cep, estado, bairro, rua, numero)
VALUES (361, '14836-822', 'Paraíba', 'Caqui', 'Rua 59', '50');

INSERT INTO Endereco(id, cep, estado, bairro, rua, numero)
VALUES (362, '34846-968', 'Ceará', 'Jaracatiá', 'Rua 67', '67');

INSERT INTO Endereco(id, cep, estado, bairro, rua, numero)
VALUES (363, '04854-794', 'Mato Grosso', 'Jujuba chinesa', 'Rua 48', '29');

INSERT INTO Endereco(id, cep, estado, bairro, rua, numero)
VALUES (364, '54861-889', 'Goiás', 'Jabuticaba', 'Rua 66', '43');

INSERT INTO Endereco(id, cep, estado, bairro, rua, numero)
VALUES (365, '24871-502', 'Rio Grande do Sul', 'Maçã', 'Rua 19', '97');

INSERT INTO Endereco(id, cep, estado, bairro, rua, numero)
VALUES (366, '04885-252', 'Rio Grande do Norte', 'Guajirú', 'Rua 93', '39');

INSERT INTO Endereco(id, cep, estado, bairro, rua, numero)
VALUES (367, '24892-604', 'Mato Grosso do Sul', 'Bilimbi', 'Rua 79', '39');

INSERT INTO Endereco(id, cep, estado, bairro, rua, numero)
VALUES (368, '74904-988', 'Rio Grande do Norte', 'Maçã', 'Rua 17', '62');

INSERT INTO Endereco(id, cep, estado, bairro, rua, numero)
VALUES (369, '44914-066', 'Piauí', 'Condessa', 'Rua 53', '54');

INSERT INTO Endereco(id, cep, estado, bairro, rua, numero)
VALUES (370, '94926-449', 'Amapá', 'Blueberry', 'Rua 41', '90');

INSERT INTO Endereco(id, cep, estado, bairro, rua, numero)
VALUES (371, '64933-709', 'Espírito Santo', 'Mabolo', 'Rua 42', '12');

INSERT INTO Endereco(id, cep, estado, bairro, rua, numero)
VALUES (372, '54942-241', 'Minas Gerais', 'Coco babaçu', 'Rua 43', '88');

INSERT INTO Endereco(id, cep, estado, bairro, rua, numero)
VALUES (373, '44952-477', 'São Paulo', 'Limas Ácidas e Doces', 'Rua 52', '52');

INSERT INTO Endereco(id, cep, estado, bairro, rua, numero)
VALUES (374, '74961-709', 'Rio de Janeiro', 'Maracujá', 'Rua 16', '66');

INSERT INTO Endereco(id, cep, estado, bairro, rua, numero)
VALUES (375, '34972-112', 'Mato Grosso', 'Carnaúba', 'Rua 58', '51');

INSERT INTO Endereco(id, cep, estado, bairro, rua, numero)
VALUES (376, '64985-718', 'Rio de Janeiro', 'Pêra', 'Rua 65', '93');

INSERT INTO Endereco(id, cep, estado, bairro, rua, numero)
VALUES (377, '64998-228', 'Ceará', 'Amêndoa', 'Rua 54', '78');

INSERT INTO Endereco(id, cep, estado, bairro, rua, numero)
VALUES (378, '05008-621', 'Rio Grande do Sul', 'Carambola', 'Rua 17', '13');

INSERT INTO Endereco(id, cep, estado, bairro, rua, numero)
VALUES (379, '15012-206', 'Rio Grande do Sul', 'Piquiá', 'Rua 50', '30');

INSERT INTO Endereco(id, cep, estado, bairro, rua, numero)
VALUES (380, '85021-401', 'Mato Grosso do Sul', 'Caqui chocolate', 'Rua 41', '12');

INSERT INTO Endereco(id, cep, estado, bairro, rua, numero)
VALUES (381, '65035-443', 'Acre', 'Banana Nanica', 'Rua 57', '65');

INSERT INTO Endereco(id, cep, estado, bairro, rua, numero)
VALUES (382, '35043-456', 'Bahia', 'Figo da índia vermelho', 'Rua 84', '15');

INSERT INTO Endereco(id, cep, estado, bairro, rua, numero)
VALUES (383, '35051-490', 'Mato Grosso do Sul', 'Cereja fresca', 'Rua 76', '98');

INSERT INTO Endereco(id, cep, estado, bairro, rua, numero)
VALUES (384, '75064-525', 'Distrito Federal', 'Pitomba', 'Rua 73', '67');

INSERT INTO Endereco(id, cep, estado, bairro, rua, numero)
VALUES (385, '65074-520', 'Ceará', 'Mirtilo', 'Rua 84', '55');

INSERT INTO Endereco(id, cep, estado, bairro, rua, numero)
VALUES (386, '85085-328', 'Acre', 'Physalis', 'Rua 79', '17');

INSERT INTO Endereco(id, cep, estado, bairro, rua, numero)
VALUES (387, '15097-652', 'Alagoas', 'Calabura', 'Rua 28', '72');

INSERT INTO Endereco(id, cep, estado, bairro, rua, numero)
VALUES (388, '65106-286', 'Maranhão', 'Mamão', 'Rua 93', '25');

INSERT INTO Endereco(id, cep, estado, bairro, rua, numero)
VALUES (389, '95111-584', 'Amazonas', 'Guaraná', 'Rua 76', '79');

INSERT INTO Endereco(id, cep, estado, bairro, rua, numero)
VALUES (390, '25125-024', 'Acre', 'Atemoya', 'Rua 88', '36');

INSERT INTO Endereco(id, cep, estado, bairro, rua, numero)
VALUES (391, '35138-234', 'Rondônia', 'Goiaba vermelha', 'Rua 44', '63');

INSERT INTO Endereco(id, cep, estado, bairro, rua, numero)
VALUES (392, '25140-490', 'Rio Grande do Norte', 'Akee', 'Rua 69', '14');

INSERT INTO Endereco(id, cep, estado, bairro, rua, numero)
VALUES (393, '05159-108', 'São Paulo', 'Jambo', 'Rua 14', '89');

INSERT INTO Endereco(id, cep, estado, bairro, rua, numero)
VALUES (394, '35166-218', 'Pará', 'Ilama', 'Rua 18', '12');

INSERT INTO Endereco(id, cep, estado, bairro, rua, numero)
VALUES (395, '05173-637', 'Roraima', 'Mandacarú', 'Rua 93', '24');

INSERT INTO Endereco(id, cep, estado, bairro, rua, numero)
VALUES (396, '25189-836', 'Maranhão', 'Maracujá', 'Rua 85', '11');

INSERT INTO Endereco(id, cep, estado, bairro, rua, numero)
VALUES (397, '95198-999', 'Sergipe', 'Uva rubi', 'Rua 85', '91');

INSERT INTO Endereco(id, cep, estado, bairro, rua, numero)
VALUES (398, '35201-862', 'Piauí', 'Melancia amarela', 'Rua 98', '70');

INSERT INTO Endereco(id, cep, estado, bairro, rua, numero)
VALUES (399, '45210-890', 'Pernambuco', 'Cacau', 'Rua 27', '65');

INSERT INTO Endereco(id, cep, estado, bairro, rua, numero)
VALUES (400, '85229-946', 'Paraíba', 'Maçã', 'Rua 16', '43');

-- Popula a tabela Contato.

INSERT INTO Contato(id, Endereco_id) VALUES (1, 1);
INSERT INTO Contato(id, Endereco_id) VALUES (2, 2);
INSERT INTO Contato(id, Endereco_id) VALUES (3, 3);
INSERT INTO Contato(id, Endereco_id) VALUES (4, 4);
INSERT INTO Contato(id, Endereco_id) VALUES (5, 5);
INSERT INTO Contato(id, Endereco_id) VALUES (6, 6);
INSERT INTO Contato(id, Endereco_id) VALUES (7, 7);
INSERT INTO Contato(id, Endereco_id) VALUES (8, 8);
INSERT INTO Contato(id, Endereco_id) VALUES (9, 9);
INSERT INTO Contato(id, Endereco_id) VALUES (10, 10);
INSERT INTO Contato(id, Endereco_id) VALUES (11, 11);
INSERT INTO Contato(id, Endereco_id) VALUES (12, 12);
INSERT INTO Contato(id, Endereco_id) VALUES (13, 13);
INSERT INTO Contato(id, Endereco_id) VALUES (14, 14);
INSERT INTO Contato(id, Endereco_id) VALUES (15, 15);
INSERT INTO Contato(id, Endereco_id) VALUES (16, 16);
INSERT INTO Contato(id, Endereco_id) VALUES (17, 17);
INSERT INTO Contato(id, Endereco_id) VALUES (18, 18);
INSERT INTO Contato(id, Endereco_id) VALUES (19, 19);
INSERT INTO Contato(id, Endereco_id) VALUES (20, 20);
INSERT INTO Contato(id, Endereco_id) VALUES (21, 21);
INSERT INTO Contato(id, Endereco_id) VALUES (22, 22);
INSERT INTO Contato(id, Endereco_id) VALUES (23, 23);
INSERT INTO Contato(id, Endereco_id) VALUES (24, 24);
INSERT INTO Contato(id, Endereco_id) VALUES (25, 25);
INSERT INTO Contato(id, Endereco_id) VALUES (26, 26);
INSERT INTO Contato(id, Endereco_id) VALUES (27, 27);
INSERT INTO Contato(id, Endereco_id) VALUES (28, 28);
INSERT INTO Contato(id, Endereco_id) VALUES (29, 29);
INSERT INTO Contato(id, Endereco_id) VALUES (30, 30);
INSERT INTO Contato(id, Endereco_id) VALUES (31, 31);
INSERT INTO Contato(id, Endereco_id) VALUES (32, 32);
INSERT INTO Contato(id, Endereco_id) VALUES (33, 33);
INSERT INTO Contato(id, Endereco_id) VALUES (34, 34);
INSERT INTO Contato(id, Endereco_id) VALUES (35, 35);
INSERT INTO Contato(id, Endereco_id) VALUES (36, 36);
INSERT INTO Contato(id, Endereco_id) VALUES (37, 37);
INSERT INTO Contato(id, Endereco_id) VALUES (38, 38);
INSERT INTO Contato(id, Endereco_id) VALUES (39, 39);
INSERT INTO Contato(id, Endereco_id) VALUES (40, 40);
INSERT INTO Contato(id, Endereco_id) VALUES (41, 41);
INSERT INTO Contato(id, Endereco_id) VALUES (42, 42);
INSERT INTO Contato(id, Endereco_id) VALUES (43, 43);
INSERT INTO Contato(id, Endereco_id) VALUES (44, 44);
INSERT INTO Contato(id, Endereco_id) VALUES (45, 45);
INSERT INTO Contato(id, Endereco_id) VALUES (46, 46);
INSERT INTO Contato(id, Endereco_id) VALUES (47, 47);
INSERT INTO Contato(id, Endereco_id) VALUES (48, 48);
INSERT INTO Contato(id, Endereco_id) VALUES (49, 49);
INSERT INTO Contato(id, Endereco_id) VALUES (50, 50);
INSERT INTO Contato(id, Endereco_id) VALUES (51, 51);
INSERT INTO Contato(id, Endereco_id) VALUES (52, 52);
INSERT INTO Contato(id, Endereco_id) VALUES (53, 53);
INSERT INTO Contato(id, Endereco_id) VALUES (54, 54);
INSERT INTO Contato(id, Endereco_id) VALUES (55, 55);
INSERT INTO Contato(id, Endereco_id) VALUES (56, 56);
INSERT INTO Contato(id, Endereco_id) VALUES (57, 57);
INSERT INTO Contato(id, Endereco_id) VALUES (58, 58);
INSERT INTO Contato(id, Endereco_id) VALUES (59, 59);
INSERT INTO Contato(id, Endereco_id) VALUES (60, 60);
INSERT INTO Contato(id, Endereco_id) VALUES (61, 61);
INSERT INTO Contato(id, Endereco_id) VALUES (62, 62);
INSERT INTO Contato(id, Endereco_id) VALUES (63, 63);
INSERT INTO Contato(id, Endereco_id) VALUES (64, 64);
INSERT INTO Contato(id, Endereco_id) VALUES (65, 65);
INSERT INTO Contato(id, Endereco_id) VALUES (66, 66);
INSERT INTO Contato(id, Endereco_id) VALUES (67, 67);
INSERT INTO Contato(id, Endereco_id) VALUES (68, 68);
INSERT INTO Contato(id, Endereco_id) VALUES (69, 69);
INSERT INTO Contato(id, Endereco_id) VALUES (70, 70);
INSERT INTO Contato(id, Endereco_id) VALUES (71, 71);
INSERT INTO Contato(id, Endereco_id) VALUES (72, 72);
INSERT INTO Contato(id, Endereco_id) VALUES (73, 73);
INSERT INTO Contato(id, Endereco_id) VALUES (74, 74);
INSERT INTO Contato(id, Endereco_id) VALUES (75, 75);
INSERT INTO Contato(id, Endereco_id) VALUES (76, 76);
INSERT INTO Contato(id, Endereco_id) VALUES (77, 77);
INSERT INTO Contato(id, Endereco_id) VALUES (78, 78);
INSERT INTO Contato(id, Endereco_id) VALUES (79, 79);
INSERT INTO Contato(id, Endereco_id) VALUES (80, 80);
INSERT INTO Contato(id, Endereco_id) VALUES (81, 81);
INSERT INTO Contato(id, Endereco_id) VALUES (82, 82);
INSERT INTO Contato(id, Endereco_id) VALUES (83, 83);
INSERT INTO Contato(id, Endereco_id) VALUES (84, 84);
INSERT INTO Contato(id, Endereco_id) VALUES (85, 85);
INSERT INTO Contato(id, Endereco_id) VALUES (86, 86);
INSERT INTO Contato(id, Endereco_id) VALUES (87, 87);
INSERT INTO Contato(id, Endereco_id) VALUES (88, 88);
INSERT INTO Contato(id, Endereco_id) VALUES (89, 89);
INSERT INTO Contato(id, Endereco_id) VALUES (90, 90);
INSERT INTO Contato(id, Endereco_id) VALUES (91, 91);
INSERT INTO Contato(id, Endereco_id) VALUES (92, 92);
INSERT INTO Contato(id, Endereco_id) VALUES (93, 93);
INSERT INTO Contato(id, Endereco_id) VALUES (94, 94);
INSERT INTO Contato(id, Endereco_id) VALUES (95, 95);
INSERT INTO Contato(id, Endereco_id) VALUES (96, 96);
INSERT INTO Contato(id, Endereco_id) VALUES (97, 97);
INSERT INTO Contato(id, Endereco_id) VALUES (98, 98);
INSERT INTO Contato(id, Endereco_id) VALUES (99, 99);
INSERT INTO Contato(id, Endereco_id) VALUES (100, 100);
INSERT INTO Contato(id, Endereco_id) VALUES (101, 101);
INSERT INTO Contato(id, Endereco_id) VALUES (102, 102);
INSERT INTO Contato(id, Endereco_id) VALUES (103, 103);
INSERT INTO Contato(id, Endereco_id) VALUES (104, 104);
INSERT INTO Contato(id, Endereco_id) VALUES (105, 105);
INSERT INTO Contato(id, Endereco_id) VALUES (106, 106);
INSERT INTO Contato(id, Endereco_id) VALUES (107, 107);
INSERT INTO Contato(id, Endereco_id) VALUES (108, 108);
INSERT INTO Contato(id, Endereco_id) VALUES (109, 109);
INSERT INTO Contato(id, Endereco_id) VALUES (110, 110);
INSERT INTO Contato(id, Endereco_id) VALUES (111, 111);
INSERT INTO Contato(id, Endereco_id) VALUES (112, 112);
INSERT INTO Contato(id, Endereco_id) VALUES (113, 113);
INSERT INTO Contato(id, Endereco_id) VALUES (114, 114);
INSERT INTO Contato(id, Endereco_id) VALUES (115, 115);
INSERT INTO Contato(id, Endereco_id) VALUES (116, 116);
INSERT INTO Contato(id, Endereco_id) VALUES (117, 117);
INSERT INTO Contato(id, Endereco_id) VALUES (118, 118);
INSERT INTO Contato(id, Endereco_id) VALUES (119, 119);
INSERT INTO Contato(id, Endereco_id) VALUES (120, 120);
INSERT INTO Contato(id, Endereco_id) VALUES (121, 121);
INSERT INTO Contato(id, Endereco_id) VALUES (122, 122);
INSERT INTO Contato(id, Endereco_id) VALUES (123, 123);
INSERT INTO Contato(id, Endereco_id) VALUES (124, 124);
INSERT INTO Contato(id, Endereco_id) VALUES (125, 125);
INSERT INTO Contato(id, Endereco_id) VALUES (126, 126);
INSERT INTO Contato(id, Endereco_id) VALUES (127, 127);
INSERT INTO Contato(id, Endereco_id) VALUES (128, 128);
INSERT INTO Contato(id, Endereco_id) VALUES (129, 129);
INSERT INTO Contato(id, Endereco_id) VALUES (130, 130);
INSERT INTO Contato(id, Endereco_id) VALUES (131, 131);
INSERT INTO Contato(id, Endereco_id) VALUES (132, 132);
INSERT INTO Contato(id, Endereco_id) VALUES (133, 133);
INSERT INTO Contato(id, Endereco_id) VALUES (134, 134);
INSERT INTO Contato(id, Endereco_id) VALUES (135, 135);
INSERT INTO Contato(id, Endereco_id) VALUES (136, 136);
INSERT INTO Contato(id, Endereco_id) VALUES (137, 137);
INSERT INTO Contato(id, Endereco_id) VALUES (138, 138);
INSERT INTO Contato(id, Endereco_id) VALUES (139, 139);
INSERT INTO Contato(id, Endereco_id) VALUES (140, 140);
INSERT INTO Contato(id, Endereco_id) VALUES (141, 141);
INSERT INTO Contato(id, Endereco_id) VALUES (142, 142);
INSERT INTO Contato(id, Endereco_id) VALUES (143, 143);
INSERT INTO Contato(id, Endereco_id) VALUES (144, 144);
INSERT INTO Contato(id, Endereco_id) VALUES (145, 145);
INSERT INTO Contato(id, Endereco_id) VALUES (146, 146);
INSERT INTO Contato(id, Endereco_id) VALUES (147, 147);
INSERT INTO Contato(id, Endereco_id) VALUES (148, 148);
INSERT INTO Contato(id, Endereco_id) VALUES (149, 149);
INSERT INTO Contato(id, Endereco_id) VALUES (150, 150);
INSERT INTO Contato(id, Endereco_id) VALUES (151, 151);
INSERT INTO Contato(id, Endereco_id) VALUES (152, 152);
INSERT INTO Contato(id, Endereco_id) VALUES (153, 153);
INSERT INTO Contato(id, Endereco_id) VALUES (154, 154);
INSERT INTO Contato(id, Endereco_id) VALUES (155, 155);
INSERT INTO Contato(id, Endereco_id) VALUES (156, 156);
INSERT INTO Contato(id, Endereco_id) VALUES (157, 157);
INSERT INTO Contato(id, Endereco_id) VALUES (158, 158);
INSERT INTO Contato(id, Endereco_id) VALUES (159, 159);
INSERT INTO Contato(id, Endereco_id) VALUES (160, 160);
INSERT INTO Contato(id, Endereco_id) VALUES (161, 161);
INSERT INTO Contato(id, Endereco_id) VALUES (162, 162);
INSERT INTO Contato(id, Endereco_id) VALUES (163, 163);
INSERT INTO Contato(id, Endereco_id) VALUES (164, 164);
INSERT INTO Contato(id, Endereco_id) VALUES (165, 165);
INSERT INTO Contato(id, Endereco_id) VALUES (166, 166);
INSERT INTO Contato(id, Endereco_id) VALUES (167, 167);
INSERT INTO Contato(id, Endereco_id) VALUES (168, 168);
INSERT INTO Contato(id, Endereco_id) VALUES (169, 169);
INSERT INTO Contato(id, Endereco_id) VALUES (170, 170);
INSERT INTO Contato(id, Endereco_id) VALUES (171, 171);
INSERT INTO Contato(id, Endereco_id) VALUES (172, 172);
INSERT INTO Contato(id, Endereco_id) VALUES (173, 173);
INSERT INTO Contato(id, Endereco_id) VALUES (174, 174);
INSERT INTO Contato(id, Endereco_id) VALUES (175, 175);
INSERT INTO Contato(id, Endereco_id) VALUES (176, 176);
INSERT INTO Contato(id, Endereco_id) VALUES (177, 177);
INSERT INTO Contato(id, Endereco_id) VALUES (178, 178);
INSERT INTO Contato(id, Endereco_id) VALUES (179, 179);
INSERT INTO Contato(id, Endereco_id) VALUES (180, 180);
INSERT INTO Contato(id, Endereco_id) VALUES (181, 181);
INSERT INTO Contato(id, Endereco_id) VALUES (182, 182);
INSERT INTO Contato(id, Endereco_id) VALUES (183, 183);
INSERT INTO Contato(id, Endereco_id) VALUES (184, 184);
INSERT INTO Contato(id, Endereco_id) VALUES (185, 185);
INSERT INTO Contato(id, Endereco_id) VALUES (186, 186);
INSERT INTO Contato(id, Endereco_id) VALUES (187, 187);
INSERT INTO Contato(id, Endereco_id) VALUES (188, 188);
INSERT INTO Contato(id, Endereco_id) VALUES (189, 189);
INSERT INTO Contato(id, Endereco_id) VALUES (190, 190);
INSERT INTO Contato(id, Endereco_id) VALUES (191, 191);
INSERT INTO Contato(id, Endereco_id) VALUES (192, 192);
INSERT INTO Contato(id, Endereco_id) VALUES (193, 193);
INSERT INTO Contato(id, Endereco_id) VALUES (194, 194);
INSERT INTO Contato(id, Endereco_id) VALUES (195, 195);
INSERT INTO Contato(id, Endereco_id) VALUES (196, 196);
INSERT INTO Contato(id, Endereco_id) VALUES (197, 197);
INSERT INTO Contato(id, Endereco_id) VALUES (198, 198);
INSERT INTO Contato(id, Endereco_id) VALUES (199, 199);
INSERT INTO Contato(id, Endereco_id) VALUES (200, 200);

-- Popula a tabela Telefone.

INSERT INTO Telefone(id, numero, Contato_id)
VALUES (1, '(083) 3704-6171', 1);

INSERT INTO Telefone(id, numero, Contato_id)
VALUES (2, '(064) 3594-7953', 2);

INSERT INTO Telefone(id, numero, Contato_id)
VALUES (3, '(056) 3763-1465', 3);

INSERT INTO Telefone(id, numero, Contato_id)
VALUES (4, '(045) 3805-2973', 4);

INSERT INTO Telefone(id, numero, Contato_id)
VALUES (5, '(018) 3753-4744', 5);

INSERT INTO Telefone(id, numero, Contato_id)
VALUES (6, '(052) 3685-3214', 6);

INSERT INTO Telefone(id, numero, Contato_id)
VALUES (7, '(083) 3983-9832', 7);

INSERT INTO Telefone(id, numero, Contato_id)
VALUES (8, '(013) 3658-5826', 8);

INSERT INTO Telefone(id, numero, Contato_id)
VALUES (9, '(068) 3904-4152', 9);

INSERT INTO Telefone(id, numero, Contato_id)
VALUES (10, '(048) 3407-3689', 10);

INSERT INTO Telefone(id, numero, Contato_id)
VALUES (11, '(081) 3905-1930', 11);

INSERT INTO Telefone(id, numero, Contato_id)
VALUES (12, '(081) 3431-8068', 12);

INSERT INTO Telefone(id, numero, Contato_id)
VALUES (13, '(012) 3652-0065', 13);

INSERT INTO Telefone(id, numero, Contato_id)
VALUES (14, '(089) 3232-6328', 14);

INSERT INTO Telefone(id, numero, Contato_id)
VALUES (15, '(069) 3433-3974', 15);

INSERT INTO Telefone(id, numero, Contato_id)
VALUES (16, '(027) 3044-3615', 16);

INSERT INTO Telefone(id, numero, Contato_id)
VALUES (17, '(097) 3208-4725', 17);

INSERT INTO Telefone(id, numero, Contato_id)
VALUES (18, '(085) 3171-9443', 18);

INSERT INTO Telefone(id, numero, Contato_id)
VALUES (19, '(039) 3018-7369', 19);

INSERT INTO Telefone(id, numero, Contato_id)
VALUES (20, '(082) 3609-8408', 20);

INSERT INTO Telefone(id, numero, Contato_id)
VALUES (21, '(049) 3845-3679', 21);

INSERT INTO Telefone(id, numero, Contato_id)
VALUES (22, '(094) 3810-3201', 22);

INSERT INTO Telefone(id, numero, Contato_id)
VALUES (23, '(097) 3959-0826', 23);

INSERT INTO Telefone(id, numero, Contato_id)
VALUES (24, '(035) 3030-4893', 24);

INSERT INTO Telefone(id, numero, Contato_id)
VALUES (25, '(069) 3272-0071', 25);

INSERT INTO Telefone(id, numero, Contato_id)
VALUES (26, '(011) 3057-2899', 26);

INSERT INTO Telefone(id, numero, Contato_id)
VALUES (27, '(038) 3831-8979', 27);

INSERT INTO Telefone(id, numero, Contato_id)
VALUES (28, '(068) 3208-3770', 28);

INSERT INTO Telefone(id, numero, Contato_id)
VALUES (29, '(015) 3692-5945', 29);

INSERT INTO Telefone(id, numero, Contato_id)
VALUES (30, '(022) 3223-2253', 30);

INSERT INTO Telefone(id, numero, Contato_id)
VALUES (31, '(027) 3785-9137', 31);

INSERT INTO Telefone(id, numero, Contato_id)
VALUES (32, '(097) 3423-8492', 32);

INSERT INTO Telefone(id, numero, Contato_id)
VALUES (33, '(077) 3928-7980', 33);

INSERT INTO Telefone(id, numero, Contato_id)
VALUES (34, '(074) 3920-4087', 34);

INSERT INTO Telefone(id, numero, Contato_id)
VALUES (35, '(073) 3736-4644', 35);

INSERT INTO Telefone(id, numero, Contato_id)
VALUES (36, '(075) 3346-4456', 36);

INSERT INTO Telefone(id, numero, Contato_id)
VALUES (37, '(089) 3973-0011', 37);

INSERT INTO Telefone(id, numero, Contato_id)
VALUES (38, '(043) 3414-7790', 38);

INSERT INTO Telefone(id, numero, Contato_id)
VALUES (39, '(069) 3666-1087', 39);

INSERT INTO Telefone(id, numero, Contato_id)
VALUES (40, '(038) 3620-8118', 40);

INSERT INTO Telefone(id, numero, Contato_id)
VALUES (41, '(011) 3116-2744', 41);

INSERT INTO Telefone(id, numero, Contato_id)
VALUES (42, '(067) 3964-7988', 42);

INSERT INTO Telefone(id, numero, Contato_id)
VALUES (43, '(093) 3176-2962', 43);

INSERT INTO Telefone(id, numero, Contato_id)
VALUES (44, '(083) 3031-4582', 44);

INSERT INTO Telefone(id, numero, Contato_id)
VALUES (45, '(049) 3783-1297', 45);

INSERT INTO Telefone(id, numero, Contato_id)
VALUES (46, '(085) 3152-4197', 46);

INSERT INTO Telefone(id, numero, Contato_id)
VALUES (47, '(028) 3063-7146', 47);

INSERT INTO Telefone(id, numero, Contato_id)
VALUES (48, '(035) 3177-0189', 48);

INSERT INTO Telefone(id, numero, Contato_id)
VALUES (49, '(054) 3596-9127', 49);

INSERT INTO Telefone(id, numero, Contato_id)
VALUES (50, '(022) 3747-9199', 50);

INSERT INTO Telefone(id, numero, Contato_id)
VALUES (51, '(046) 3781-7102', 51);

INSERT INTO Telefone(id, numero, Contato_id)
VALUES (52, '(097) 3731-6984', 52);

INSERT INTO Telefone(id, numero, Contato_id)
VALUES (53, '(071) 3086-5706', 53);

INSERT INTO Telefone(id, numero, Contato_id)
VALUES (54, '(051) 3502-3779', 54);

INSERT INTO Telefone(id, numero, Contato_id)
VALUES (55, '(038) 3870-1487', 55);

INSERT INTO Telefone(id, numero, Contato_id)
VALUES (56, '(047) 3930-4622', 56);

INSERT INTO Telefone(id, numero, Contato_id)
VALUES (57, '(036) 3458-1315', 57);

INSERT INTO Telefone(id, numero, Contato_id)
VALUES (58, '(034) 3080-3187', 58);

INSERT INTO Telefone(id, numero, Contato_id)
VALUES (59, '(042) 3646-2997', 59);

INSERT INTO Telefone(id, numero, Contato_id)
VALUES (60, '(013) 3547-5175', 60);

INSERT INTO Telefone(id, numero, Contato_id)
VALUES (61, '(099) 3752-4730', 61);

INSERT INTO Telefone(id, numero, Contato_id)
VALUES (62, '(062) 3018-6992', 62);

INSERT INTO Telefone(id, numero, Contato_id)
VALUES (63, '(087) 3617-6812', 63);

INSERT INTO Telefone(id, numero, Contato_id)
VALUES (64, '(069) 3089-5891', 64);

INSERT INTO Telefone(id, numero, Contato_id)
VALUES (65, '(051) 3610-0948', 65);

INSERT INTO Telefone(id, numero, Contato_id)
VALUES (66, '(028) 3422-5263', 66);

INSERT INTO Telefone(id, numero, Contato_id)
VALUES (67, '(083) 3583-9341', 67);

INSERT INTO Telefone(id, numero, Contato_id)
VALUES (68, '(068) 3014-3990', 68);

INSERT INTO Telefone(id, numero, Contato_id)
VALUES (69, '(076) 3231-8155', 69);

INSERT INTO Telefone(id, numero, Contato_id)
VALUES (70, '(073) 3989-6276', 70);

INSERT INTO Telefone(id, numero, Contato_id)
VALUES (71, '(042) 3791-7648', 71);

INSERT INTO Telefone(id, numero, Contato_id)
VALUES (72, '(057) 3764-9907', 72);

INSERT INTO Telefone(id, numero, Contato_id)
VALUES (73, '(099) 3724-9223', 73);

INSERT INTO Telefone(id, numero, Contato_id)
VALUES (74, '(049) 3117-6003', 74);

INSERT INTO Telefone(id, numero, Contato_id)
VALUES (75, '(088) 3529-4706', 75);

INSERT INTO Telefone(id, numero, Contato_id)
VALUES (76, '(029) 3790-0733', 76);

INSERT INTO Telefone(id, numero, Contato_id)
VALUES (77, '(057) 3997-5632', 77);

INSERT INTO Telefone(id, numero, Contato_id)
VALUES (78, '(043) 3892-0230', 78);

INSERT INTO Telefone(id, numero, Contato_id)
VALUES (79, '(094) 3385-0589', 79);

INSERT INTO Telefone(id, numero, Contato_id)
VALUES (80, '(032) 3922-5020', 80);

INSERT INTO Telefone(id, numero, Contato_id)
VALUES (81, '(052) 3741-3736', 81);

INSERT INTO Telefone(id, numero, Contato_id)
VALUES (82, '(058) 3092-2631', 82);

INSERT INTO Telefone(id, numero, Contato_id)
VALUES (83, '(092) 3550-1692', 83);

INSERT INTO Telefone(id, numero, Contato_id)
VALUES (84, '(028) 3583-3919', 84);

INSERT INTO Telefone(id, numero, Contato_id)
VALUES (85, '(066) 3874-3662', 85);

INSERT INTO Telefone(id, numero, Contato_id)
VALUES (86, '(014) 3876-3859', 86);

INSERT INTO Telefone(id, numero, Contato_id)
VALUES (87, '(085) 3379-0744', 87);

INSERT INTO Telefone(id, numero, Contato_id)
VALUES (88, '(034) 3186-8456', 88);

INSERT INTO Telefone(id, numero, Contato_id)
VALUES (89, '(052) 3970-8970', 89);

INSERT INTO Telefone(id, numero, Contato_id)
VALUES (90, '(083) 3286-5848', 90);

INSERT INTO Telefone(id, numero, Contato_id)
VALUES (91, '(067) 3519-7032', 91);

INSERT INTO Telefone(id, numero, Contato_id)
VALUES (92, '(036) 3090-8640', 92);

INSERT INTO Telefone(id, numero, Contato_id)
VALUES (93, '(035) 3067-2997', 93);

INSERT INTO Telefone(id, numero, Contato_id)
VALUES (94, '(092) 3037-2652', 94);

INSERT INTO Telefone(id, numero, Contato_id)
VALUES (95, '(043) 3640-7106', 95);

INSERT INTO Telefone(id, numero, Contato_id)
VALUES (96, '(041) 3760-3261', 96);

INSERT INTO Telefone(id, numero, Contato_id)
VALUES (97, '(076) 3578-4923', 97);

INSERT INTO Telefone(id, numero, Contato_id)
VALUES (98, '(093) 3104-1143', 98);

INSERT INTO Telefone(id, numero, Contato_id)
VALUES (99, '(059) 3267-8726', 99);

INSERT INTO Telefone(id, numero, Contato_id)
VALUES (100, '(078) 3363-6690', 100);

INSERT INTO Telefone(id, numero, Contato_id)
VALUES (101, '(068) 3499-0901', 101);

INSERT INTO Telefone(id, numero, Contato_id)
VALUES (102, '(019) 3652-0935', 102);

INSERT INTO Telefone(id, numero, Contato_id)
VALUES (103, '(014) 3604-2453', 103);

INSERT INTO Telefone(id, numero, Contato_id)
VALUES (104, '(064) 3334-8117', 104);

INSERT INTO Telefone(id, numero, Contato_id)
VALUES (105, '(079) 3607-6614', 105);

INSERT INTO Telefone(id, numero, Contato_id)
VALUES (106, '(067) 3696-1353', 106);

INSERT INTO Telefone(id, numero, Contato_id)
VALUES (107, '(053) 3792-3149', 107);

INSERT INTO Telefone(id, numero, Contato_id)
VALUES (108, '(097) 3215-4288', 108);

INSERT INTO Telefone(id, numero, Contato_id)
VALUES (109, '(026) 3714-0379', 109);

INSERT INTO Telefone(id, numero, Contato_id)
VALUES (110, '(077) 3995-9835', 110);

INSERT INTO Telefone(id, numero, Contato_id)
VALUES (111, '(072) 3894-2859', 111);

INSERT INTO Telefone(id, numero, Contato_id)
VALUES (112, '(029) 3115-0737', 112);

INSERT INTO Telefone(id, numero, Contato_id)
VALUES (113, '(014) 3733-3833', 113);

INSERT INTO Telefone(id, numero, Contato_id)
VALUES (114, '(019) 3959-8663', 114);

INSERT INTO Telefone(id, numero, Contato_id)
VALUES (115, '(013) 3928-8155', 115);

INSERT INTO Telefone(id, numero, Contato_id)
VALUES (116, '(024) 3413-0071', 116);

INSERT INTO Telefone(id, numero, Contato_id)
VALUES (117, '(031) 3356-4759', 117);

INSERT INTO Telefone(id, numero, Contato_id)
VALUES (118, '(054) 3669-9081', 118);

INSERT INTO Telefone(id, numero, Contato_id)
VALUES (119, '(084) 3884-9017', 119);

INSERT INTO Telefone(id, numero, Contato_id)
VALUES (120, '(096) 3956-3170', 120);

INSERT INTO Telefone(id, numero, Contato_id)
VALUES (121, '(046) 3338-7543', 121);

INSERT INTO Telefone(id, numero, Contato_id)
VALUES (122, '(034) 3368-6397', 122);

INSERT INTO Telefone(id, numero, Contato_id)
VALUES (123, '(076) 3760-8790', 123);

INSERT INTO Telefone(id, numero, Contato_id)
VALUES (124, '(099) 3923-9810', 124);

INSERT INTO Telefone(id, numero, Contato_id)
VALUES (125, '(038) 3461-3897', 125);

INSERT INTO Telefone(id, numero, Contato_id)
VALUES (126, '(097) 3093-2768', 126);

INSERT INTO Telefone(id, numero, Contato_id)
VALUES (127, '(021) 3563-4298', 127);

INSERT INTO Telefone(id, numero, Contato_id)
VALUES (128, '(045) 3813-3255', 128);

INSERT INTO Telefone(id, numero, Contato_id)
VALUES (129, '(066) 3572-0850', 129);

INSERT INTO Telefone(id, numero, Contato_id)
VALUES (130, '(055) 3589-5066', 130);

INSERT INTO Telefone(id, numero, Contato_id)
VALUES (131, '(034) 3443-2016', 131);

INSERT INTO Telefone(id, numero, Contato_id)
VALUES (132, '(041) 3280-8924', 132);

INSERT INTO Telefone(id, numero, Contato_id)
VALUES (133, '(029) 3746-7068', 133);

INSERT INTO Telefone(id, numero, Contato_id)
VALUES (134, '(068) 3626-0691', 134);

INSERT INTO Telefone(id, numero, Contato_id)
VALUES (135, '(034) 3205-5374', 135);

INSERT INTO Telefone(id, numero, Contato_id)
VALUES (136, '(018) 3184-0124', 136);

INSERT INTO Telefone(id, numero, Contato_id)
VALUES (137, '(022) 3771-5686', 137);

INSERT INTO Telefone(id, numero, Contato_id)
VALUES (138, '(083) 3633-0551', 138);

INSERT INTO Telefone(id, numero, Contato_id)
VALUES (139, '(046) 3710-0301', 139);

INSERT INTO Telefone(id, numero, Contato_id)
VALUES (140, '(033) 3326-1124', 140);

INSERT INTO Telefone(id, numero, Contato_id)
VALUES (141, '(063) 3284-6847', 141);

INSERT INTO Telefone(id, numero, Contato_id)
VALUES (142, '(041) 3613-4061', 142);

INSERT INTO Telefone(id, numero, Contato_id)
VALUES (143, '(023) 3929-6831', 143);

INSERT INTO Telefone(id, numero, Contato_id)
VALUES (144, '(096) 3281-6548', 144);

INSERT INTO Telefone(id, numero, Contato_id)
VALUES (145, '(088) 3960-2317', 145);

INSERT INTO Telefone(id, numero, Contato_id)
VALUES (146, '(027) 3028-4799', 146);

INSERT INTO Telefone(id, numero, Contato_id)
VALUES (147, '(074) 3980-5562', 147);

INSERT INTO Telefone(id, numero, Contato_id)
VALUES (148, '(062) 3427-8107', 148);

INSERT INTO Telefone(id, numero, Contato_id)
VALUES (149, '(081) 3138-3178', 149);

INSERT INTO Telefone(id, numero, Contato_id)
VALUES (150, '(071) 3093-1864', 150);

INSERT INTO Telefone(id, numero, Contato_id)
VALUES (151, '(077) 3792-9310', 151);

INSERT INTO Telefone(id, numero, Contato_id)
VALUES (152, '(019) 3194-7609', 152);

INSERT INTO Telefone(id, numero, Contato_id)
VALUES (153, '(053) 3891-9317', 153);

INSERT INTO Telefone(id, numero, Contato_id)
VALUES (154, '(045) 3085-7301', 154);

INSERT INTO Telefone(id, numero, Contato_id)
VALUES (155, '(061) 3243-4813', 155);

INSERT INTO Telefone(id, numero, Contato_id)
VALUES (156, '(075) 3012-7496', 156);

INSERT INTO Telefone(id, numero, Contato_id)
VALUES (157, '(015) 3310-8364', 157);

INSERT INTO Telefone(id, numero, Contato_id)
VALUES (158, '(019) 3466-1378', 158);

INSERT INTO Telefone(id, numero, Contato_id)
VALUES (159, '(031) 3636-3275', 159);

INSERT INTO Telefone(id, numero, Contato_id)
VALUES (160, '(086) 3494-8638', 160);

INSERT INTO Telefone(id, numero, Contato_id)
VALUES (161, '(011) 3447-6077', 161);

INSERT INTO Telefone(id, numero, Contato_id)
VALUES (162, '(026) 3011-7998', 162);

INSERT INTO Telefone(id, numero, Contato_id)
VALUES (163, '(077) 3944-4441', 163);

INSERT INTO Telefone(id, numero, Contato_id)
VALUES (164, '(017) 3149-4545', 164);

INSERT INTO Telefone(id, numero, Contato_id)
VALUES (165, '(026) 3570-1266', 165);

INSERT INTO Telefone(id, numero, Contato_id)
VALUES (166, '(017) 3321-9878', 166);

INSERT INTO Telefone(id, numero, Contato_id)
VALUES (167, '(012) 3993-7689', 167);

INSERT INTO Telefone(id, numero, Contato_id)
VALUES (168, '(017) 3141-0604', 168);

INSERT INTO Telefone(id, numero, Contato_id)
VALUES (169, '(042) 3968-6489', 169);

INSERT INTO Telefone(id, numero, Contato_id)
VALUES (170, '(041) 3408-2468', 170);

INSERT INTO Telefone(id, numero, Contato_id)
VALUES (171, '(065) 3028-1137', 171);

INSERT INTO Telefone(id, numero, Contato_id)
VALUES (172, '(087) 3372-9625', 172);

INSERT INTO Telefone(id, numero, Contato_id)
VALUES (173, '(043) 3208-3299', 173);

INSERT INTO Telefone(id, numero, Contato_id)
VALUES (174, '(038) 3704-6301', 174);

INSERT INTO Telefone(id, numero, Contato_id)
VALUES (175, '(011) 3039-6148', 175);

INSERT INTO Telefone(id, numero, Contato_id)
VALUES (176, '(016) 3733-7015', 176);

INSERT INTO Telefone(id, numero, Contato_id)
VALUES (177, '(082) 3389-2840', 177);

INSERT INTO Telefone(id, numero, Contato_id)
VALUES (178, '(019) 3342-0538', 178);

INSERT INTO Telefone(id, numero, Contato_id)
VALUES (179, '(011) 3718-1890', 179);

INSERT INTO Telefone(id, numero, Contato_id)
VALUES (180, '(027) 3178-9655', 180);

INSERT INTO Telefone(id, numero, Contato_id)
VALUES (181, '(077) 3960-2120', 181);

INSERT INTO Telefone(id, numero, Contato_id)
VALUES (182, '(067) 3125-6528', 182);

INSERT INTO Telefone(id, numero, Contato_id)
VALUES (183, '(044) 3069-3783', 183);

INSERT INTO Telefone(id, numero, Contato_id)
VALUES (184, '(093) 3955-7786', 184);

INSERT INTO Telefone(id, numero, Contato_id)
VALUES (185, '(045) 3273-5272', 185);

INSERT INTO Telefone(id, numero, Contato_id)
VALUES (186, '(035) 3473-3382', 186);

INSERT INTO Telefone(id, numero, Contato_id)
VALUES (187, '(099) 3412-6747', 187);

INSERT INTO Telefone(id, numero, Contato_id)
VALUES (188, '(091) 3677-1385', 188);

INSERT INTO Telefone(id, numero, Contato_id)
VALUES (189, '(067) 3611-6654', 189);

INSERT INTO Telefone(id, numero, Contato_id)
VALUES (190, '(074) 3988-4827', 190);

INSERT INTO Telefone(id, numero, Contato_id)
VALUES (191, '(036) 3511-0534', 191);

INSERT INTO Telefone(id, numero, Contato_id)
VALUES (192, '(032) 3157-8465', 192);

INSERT INTO Telefone(id, numero, Contato_id)
VALUES (193, '(052) 3909-1274', 193);

INSERT INTO Telefone(id, numero, Contato_id)
VALUES (194, '(023) 3085-7033', 194);

INSERT INTO Telefone(id, numero, Contato_id)
VALUES (195, '(084) 3375-3700', 195);

INSERT INTO Telefone(id, numero, Contato_id)
VALUES (196, '(011) 3639-5264', 196);

INSERT INTO Telefone(id, numero, Contato_id)
VALUES (197, '(066) 3464-1130', 197);

INSERT INTO Telefone(id, numero, Contato_id)
VALUES (198, '(027) 3931-4764', 198);

INSERT INTO Telefone(id, numero, Contato_id)
VALUES (199, '(084) 3704-9587', 199);

INSERT INTO Telefone(id, numero, Contato_id)
VALUES (200, '(036) 3934-1234', 200);

-- Popula a tabela Motorista.

INSERT INTO Motorista(id, nome, cpf, rg, cnh, disponibilidade, Contato_id, Veiculo_id)
VALUES (1, 'Rashad Romer', '349.233.435-86', '2683215', '52691539013', true, 1, 1);

INSERT INTO Motorista(id, nome, cpf, rg, cnh, disponibilidade, Contato_id, Veiculo_id)
VALUES (2, 'Teresa Tant', '964.234.410-21', '7803229', '42081542741', false, 2, 2);

INSERT INTO Motorista(id, nome, cpf, rg, cnh, disponibilidade, Contato_id, Veiculo_id)
VALUES (3, 'Kyoko Korn', '742.235.468-91', '6693232', '52841555106', true, 3, 3);

INSERT INTO Motorista(id, nome, cpf, rg, cnh, disponibilidade, Contato_id, Veiculo_id)
VALUES (4, 'Latonya Leaman', '568.236.684-84', '0973245', '95411564491', true, 4, 4);

INSERT INTO Motorista(id, nome, cpf, rg, cnh, disponibilidade, Contato_id, Veiculo_id)
VALUES (5, 'Luigi Lamay', '893.237.653-20', '1163251', '53321570284', true, 5, 5);

INSERT INTO Motorista(id, nome, cpf, rg, cnh, disponibilidade, Contato_id, Veiculo_id)
VALUES (6, 'Suzanne Scola', '831.238.452-59', '8183269', '15621584629', false, 6, 6);

INSERT INTO Motorista(id, nome, cpf, rg, cnh, disponibilidade, Contato_id, Veiculo_id)
VALUES (7, 'Tabitha Tunnell', '645.239.325-15', '0713274', '80871592496', false, 7, 7);

INSERT INTO Motorista(id, nome, cpf, rg, cnh, disponibilidade, Contato_id, Veiculo_id)
VALUES (8, 'Lonny Lacasse', '103.240.572-97', '6273282', '60191603330', false, 8, 8);

INSERT INTO Motorista(id, nome, cpf, rg, cnh, disponibilidade, Contato_id, Veiculo_id)
VALUES (9, 'Tangela Trowbridge', '003.241.180-55', '4993294', '14671612615', false, 9, 9);

INSERT INTO Motorista(id, nome, cpf, rg, cnh, disponibilidade, Contato_id, Veiculo_id)
VALUES (10, 'Theressa Tarkington', '457.242.748-00', '0293306', '13911622811', true, 10, 10);

INSERT INTO Motorista(id, nome, cpf, rg, cnh, disponibilidade, Contato_id, Veiculo_id)
VALUES (11, 'Bettye Beaubien', '499.243.169-82', '4703315', '21761636267', true, 11, 11);

INSERT INTO Motorista(id, nome, cpf, rg, cnh, disponibilidade, Contato_id, Veiculo_id)
VALUES (12, 'Sung Southall', '766.244.446-56', '7543324', '39521648908', true, 12, 12);

INSERT INTO Motorista(id, nome, cpf, rg, cnh, disponibilidade, Contato_id, Veiculo_id)
VALUES (13, 'Leighann Logan', '037.245.709-09', '4043336', '58861652436', true, 13, 13);

INSERT INTO Motorista(id, nome, cpf, rg, cnh, disponibilidade, Contato_id, Veiculo_id)
VALUES (14, 'Avery Almanzar', '468.246.005-76', '3313345', '20551667658', false, 14, 14);

INSERT INTO Motorista(id, nome, cpf, rg, cnh, disponibilidade, Contato_id, Veiculo_id)
VALUES (15, 'Horace Huber', '533.247.845-79', '9773358', '81511676945', true, 15, 15);

INSERT INTO Motorista(id, nome, cpf, rg, cnh, disponibilidade, Contato_id, Veiculo_id)
VALUES (16, 'Candace Calderone', '674.248.327-39', '3343367', '31221684758', false, 16, 16);

INSERT INTO Motorista(id, nome, cpf, rg, cnh, disponibilidade, Contato_id, Veiculo_id)
VALUES (17, 'Selma Siegler', '931.249.449-34', '1793379', '83301696742', false, 17, 17);

INSERT INTO Motorista(id, nome, cpf, rg, cnh, disponibilidade, Contato_id, Veiculo_id)
VALUES (18, 'Ok Oyler', '634.250.924-34', '7323382', '58351707111', true, 18, 18);

INSERT INTO Motorista(id, nome, cpf, rg, cnh, disponibilidade, Contato_id, Veiculo_id)
VALUES (19, 'Rex Raynes', '504.251.211-87', '3583391', '61911718078', true, 19, 19);

INSERT INTO Motorista(id, nome, cpf, rg, cnh, disponibilidade, Contato_id, Veiculo_id)
VALUES (20, 'Mariela Mccorkle', '304.252.672-49', '6403408', '54861720680', false, 20, 20);

INSERT INTO Motorista(id, nome, cpf, rg, cnh, disponibilidade, Contato_id, Veiculo_id)
VALUES (21, 'Andres Auman', '804.253.257-94', '5013414', '87341730247', false, 21, 21);

INSERT INTO Motorista(id, nome, cpf, rg, cnh, disponibilidade, Contato_id, Veiculo_id)
VALUES (22, 'Vera Vannote', '033.254.038-90', '5283423', '56571741729', false, 22, 22);

INSERT INTO Motorista(id, nome, cpf, rg, cnh, disponibilidade, Contato_id, Veiculo_id)
VALUES (23, 'Cristine Condie', '848.255.682-61', '5253436', '19511750875', true, 23, 23);

INSERT INTO Motorista(id, nome, cpf, rg, cnh, disponibilidade, Contato_id, Veiculo_id)
VALUES (24, 'Andree Audet', '461.256.560-85', '6853442', '14581765848', true, 24, 24);

INSERT INTO Motorista(id, nome, cpf, rg, cnh, disponibilidade, Contato_id, Veiculo_id)
VALUES (25, 'Samual Sparacino', '954.257.929-46', '1123451', '11911772016', false, 25, 25);

INSERT INTO Motorista(id, nome, cpf, rg, cnh, disponibilidade, Contato_id, Veiculo_id)
VALUES (26, 'Rosalba Riehl', '039.258.660-99', '2563466', '25701787205', false, 26, 26);

INSERT INTO Motorista(id, nome, cpf, rg, cnh, disponibilidade, Contato_id, Veiculo_id)
VALUES (27, 'Blair Becerra', '790.259.652-10', '0483472', '99661799053', false, 27, 27);

INSERT INTO Motorista(id, nome, cpf, rg, cnh, disponibilidade, Contato_id, Veiculo_id)
VALUES (28, 'Ilene Iman', '073.260.277-90', '8113488', '63121801646', true, 28, 28);

INSERT INTO Motorista(id, nome, cpf, rg, cnh, disponibilidade, Contato_id, Veiculo_id)
VALUES (29, 'Sherley Stuber', '907.261.070-34', '6603491', '70421818727', false, 29, 29);

INSERT INTO Motorista(id, nome, cpf, rg, cnh, disponibilidade, Contato_id, Veiculo_id)
VALUES (30, 'Leslee Lafler', '659.262.382-06', '5013506', '48431822502', true, 30, 30);

INSERT INTO Motorista(id, nome, cpf, rg, cnh, disponibilidade, Contato_id, Veiculo_id)
VALUES (31, 'Lavonne Leverette', '538.263.374-82', '3163514', '08081831902', true, 31, 31);

INSERT INTO Motorista(id, nome, cpf, rg, cnh, disponibilidade, Contato_id, Veiculo_id)
VALUES (32, 'Chantal Chubb', '862.264.369-75', '6813529', '73361847462', false, 32, 32);

INSERT INTO Motorista(id, nome, cpf, rg, cnh, disponibilidade, Contato_id, Veiculo_id)
VALUES (33, 'Ozie Ottley', '547.265.089-08', '8793535', '48191853874', true, 33, 33);

INSERT INTO Motorista(id, nome, cpf, rg, cnh, disponibilidade, Contato_id, Veiculo_id)
VALUES (34, 'Judie Jaycox', '238.266.055-29', '0703542', '75271867093', false, 34, 34);

INSERT INTO Motorista(id, nome, cpf, rg, cnh, disponibilidade, Contato_id, Veiculo_id)
VALUES (35, 'Faye Fluellen', '747.267.237-20', '0463554', '78191873853', false, 35, 35);

INSERT INTO Motorista(id, nome, cpf, rg, cnh, disponibilidade, Contato_id, Veiculo_id)
VALUES (36, 'Shakia Snelson', '372.268.656-49', '4403565', '42411889795', true, 36, 36);

INSERT INTO Motorista(id, nome, cpf, rg, cnh, disponibilidade, Contato_id, Veiculo_id)
VALUES (37, 'Louisa Lathan', '337.269.567-90', '7513577', '97741894137', true, 37, 37);

INSERT INTO Motorista(id, nome, cpf, rg, cnh, disponibilidade, Contato_id, Veiculo_id)
VALUES (38, 'Dexter Dana', '305.270.919-16', '2213582', '13801906251', false, 38, 38);

INSERT INTO Motorista(id, nome, cpf, rg, cnh, disponibilidade, Contato_id, Veiculo_id)
VALUES (39, 'Ray Ridder', '256.271.526-98', '3203591', '79431915366', false, 39, 39);

INSERT INTO Motorista(id, nome, cpf, rg, cnh, disponibilidade, Contato_id, Veiculo_id)
VALUES (40, 'Kenny Kosak', '875.272.856-74', '5913609', '68701920848', true, 40, 40);

INSERT INTO Motorista(id, nome, cpf, rg, cnh, disponibilidade, Contato_id, Veiculo_id)
VALUES (41, 'Eliz Elie', '226.273.318-61', '7023616', '98051936785', false, 41, 41);

INSERT INTO Motorista(id, nome, cpf, rg, cnh, disponibilidade, Contato_id, Veiculo_id)
VALUES (42, 'Nichole Newingham', '259.274.710-00', '4093629', '55341940713', true, 42, 42);

INSERT INTO Motorista(id, nome, cpf, rg, cnh, disponibilidade, Contato_id, Veiculo_id)
VALUES (43, 'Saul Soto', '948.275.923-14', '2583630', '82831953259', true, 43, 43);

INSERT INTO Motorista(id, nome, cpf, rg, cnh, disponibilidade, Contato_id, Veiculo_id)
VALUES (44, 'Julissa Jone', '971.276.831-08', '4973644', '31031964475', true, 44, 44);

INSERT INTO Motorista(id, nome, cpf, rg, cnh, disponibilidade, Contato_id, Veiculo_id)
VALUES (45, 'Abram Applin', '999.277.540-31', '6683655', '01171971893', true, 45, 45);

INSERT INTO Motorista(id, nome, cpf, rg, cnh, disponibilidade, Contato_id, Veiculo_id)
VALUES (46, 'Rosenda Rossman', '234.278.169-11', '9493664', '40801982222', false, 46, 46);

INSERT INTO Motorista(id, nome, cpf, rg, cnh, disponibilidade, Contato_id, Veiculo_id)
VALUES (47, 'Nidia Nembhard', '792.279.156-51', '4953672', '34211998047', true, 47, 47);

INSERT INTO Motorista(id, nome, cpf, rg, cnh, disponibilidade, Contato_id, Veiculo_id)
VALUES (48, 'Patty Preece', '730.280.381-46', '0193681', '84522007164', false, 48, 48);

INSERT INTO Motorista(id, nome, cpf, rg, cnh, disponibilidade, Contato_id, Veiculo_id)
VALUES (49, 'Berenice Butt', '584.281.294-20', '5523692', '74282011171', false, 49, 49);

INSERT INTO Motorista(id, nome, cpf, rg, cnh, disponibilidade, Contato_id, Veiculo_id)
VALUES (50, 'Ashlee Andreas', '280.282.165-63', '6693702', '25112023405', false, 50, 50);

INSERT INTO Motorista(id, nome, cpf, rg, cnh, disponibilidade, Contato_id, Veiculo_id)
VALUES (51, 'Marisela Morrow', '144.283.103-70', '6733717', '53262038893', true, 51, 51);

INSERT INTO Motorista(id, nome, cpf, rg, cnh, disponibilidade, Contato_id, Veiculo_id)
VALUES (52, 'Katheleen Kenan', '814.284.034-68', '9793720', '41382048247', false, 52, 52);

INSERT INTO Motorista(id, nome, cpf, rg, cnh, disponibilidade, Contato_id, Veiculo_id)
VALUES (53, 'Scarlett Schiavo', '131.285.747-72', '5123734', '32502051161', true, 53, 53);

INSERT INTO Motorista(id, nome, cpf, rg, cnh, disponibilidade, Contato_id, Veiculo_id)
VALUES (54, 'Collin Cuneo', '991.286.126-36', '9103749', '03222060843', false, 54, 54);

INSERT INTO Motorista(id, nome, cpf, rg, cnh, disponibilidade, Contato_id, Veiculo_id)
VALUES (55, 'Sharika Severs', '989.287.541-44', '5033752', '43842073917', false, 55, 55);

INSERT INTO Motorista(id, nome, cpf, rg, cnh, disponibilidade, Contato_id, Veiculo_id)
VALUES (56, 'Ardelle Arrieta', '866.288.803-29', '1273763', '21562083398', true, 56, 56);

INSERT INTO Motorista(id, nome, cpf, rg, cnh, disponibilidade, Contato_id, Veiculo_id)
VALUES (57, 'Gaynelle Geraghty', '773.289.359-18', '4123770', '53942094236', true, 57, 57);

INSERT INTO Motorista(id, nome, cpf, rg, cnh, disponibilidade, Contato_id, Veiculo_id)
VALUES (58, 'Noemi Nuzzo', '755.290.071-19', '0223780', '83902102937', true, 58, 58);

INSERT INTO Motorista(id, nome, cpf, rg, cnh, disponibilidade, Contato_id, Veiculo_id)
VALUES (59, 'Willis Wilkens', '119.291.554-23', '3733790', '48382110233', true, 59, 59);

INSERT INTO Motorista(id, nome, cpf, rg, cnh, disponibilidade, Contato_id, Veiculo_id)
VALUES (60, 'Nisha Neilson', '691.292.652-77', '1863809', '12472128217', true, 60, 60);

INSERT INTO Motorista(id, nome, cpf, rg, cnh, disponibilidade, Contato_id, Veiculo_id)
VALUES (61, 'Trula Toomey', '656.293.511-61', '9393819', '44392130045', true, 61, 61);

INSERT INTO Motorista(id, nome, cpf, rg, cnh, disponibilidade, Contato_id, Veiculo_id)
VALUES (62, 'Jonie Johnstone', '246.294.866-46', '6233826', '87872146859', true, 62, 62);

INSERT INTO Motorista(id, nome, cpf, rg, cnh, disponibilidade, Contato_id, Veiculo_id)
VALUES (63, 'Tod Traughber', '955.295.401-65', '9613834', '32702159128', true, 63, 63);

INSERT INTO Motorista(id, nome, cpf, rg, cnh, disponibilidade, Contato_id, Veiculo_id)
VALUES (64, 'Nidia Null', '145.296.550-44', '3013849', '30132160175', false, 64, 64);

INSERT INTO Motorista(id, nome, cpf, rg, cnh, disponibilidade, Contato_id, Veiculo_id)
VALUES (65, 'Mamie Mccumber', '046.297.867-47', '7763854', '03262173388', false, 65, 65);

INSERT INTO Motorista(id, nome, cpf, rg, cnh, disponibilidade, Contato_id, Veiculo_id)
VALUES (66, 'Becky Babcock', '493.298.380-76', '1933860', '66072186701', true, 66, 66);

INSERT INTO Motorista(id, nome, cpf, rg, cnh, disponibilidade, Contato_id, Veiculo_id)
VALUES (67, 'Yvone Yaple', '466.299.606-35', '3283874', '05802195201', true, 67, 67);

INSERT INTO Motorista(id, nome, cpf, rg, cnh, disponibilidade, Contato_id, Veiculo_id)
VALUES (68, 'Bee Breck', '570.300.917-04', '8593885', '77112200235', false, 68, 68);

INSERT INTO Motorista(id, nome, cpf, rg, cnh, disponibilidade, Contato_id, Veiculo_id)
VALUES (69, 'Ara Alves', '776.301.152-03', '5713894', '10812210523', false, 69, 69);

INSERT INTO Motorista(id, nome, cpf, rg, cnh, disponibilidade, Contato_id, Veiculo_id)
VALUES (70, 'May Mongillo', '818.302.469-63', '1783908', '18832226979', false, 70, 70);

INSERT INTO Motorista(id, nome, cpf, rg, cnh, disponibilidade, Contato_id, Veiculo_id)
VALUES (71, 'Angel Altizer', '550.303.089-10', '3553915', '93482233635', false, 71, 71);

INSERT INTO Motorista(id, nome, cpf, rg, cnh, disponibilidade, Contato_id, Veiculo_id)
VALUES (72, 'Bo Bledsoe', '326.304.326-47', '6183921', '92902245297', true, 72, 72);

INSERT INTO Motorista(id, nome, cpf, rg, cnh, disponibilidade, Contato_id, Veiculo_id)
VALUES (73, 'Andre Avis', '999.305.443-34', '4363937', '17032256923', false, 73, 73);

INSERT INTO Motorista(id, nome, cpf, rg, cnh, disponibilidade, Contato_id, Veiculo_id)
VALUES (74, 'Lanny Lennon', '005.306.729-25', '6703943', '16932269756', true, 74, 74);

INSERT INTO Motorista(id, nome, cpf, rg, cnh, disponibilidade, Contato_id, Veiculo_id)
VALUES (75, 'Carla Cogdill', '839.307.896-96', '0833955', '24972273399', false, 75, 75);

INSERT INTO Motorista(id, nome, cpf, rg, cnh, disponibilidade, Contato_id, Veiculo_id)
VALUES (76, 'Donna Dobbin', '447.308.242-69', '7553969', '03642284335', false, 76, 76);

INSERT INTO Motorista(id, nome, cpf, rg, cnh, disponibilidade, Contato_id, Veiculo_id)
VALUES (77, 'Troy Turman', '684.309.862-58', '7843978', '99502290714', true, 77, 77);

INSERT INTO Motorista(id, nome, cpf, rg, cnh, disponibilidade, Contato_id, Veiculo_id)
VALUES (78, 'Mozella Mcneil', '488.310.257-53', '0133982', '78392301895', false, 78, 78);

INSERT INTO Motorista(id, nome, cpf, rg, cnh, disponibilidade, Contato_id, Veiculo_id)
VALUES (79, 'Jennell Jarrett', '014.311.274-75', '9723998', '32762310056', true, 79, 79);

INSERT INTO Motorista(id, nome, cpf, rg, cnh, disponibilidade, Contato_id, Veiculo_id)
VALUES (80, 'Tasha Tu', '904.312.874-01', '8514003', '02882325277', true, 80, 80);

INSERT INTO Motorista(id, nome, cpf, rg, cnh, disponibilidade, Contato_id, Veiculo_id)
VALUES (81, 'Reena Releford', '675.313.146-00', '1984017', '25522339654', false, 81, 81);

INSERT INTO Motorista(id, nome, cpf, rg, cnh, disponibilidade, Contato_id, Veiculo_id)
VALUES (82, 'Carin Crabill', '527.314.228-11', '4834021', '82642346541', true, 82, 82);

INSERT INTO Motorista(id, nome, cpf, rg, cnh, disponibilidade, Contato_id, Veiculo_id)
VALUES (83, 'Ernestine Eberhardt', '771.315.306-85', '4054032', '01152350761', false, 83, 83);

INSERT INTO Motorista(id, nome, cpf, rg, cnh, disponibilidade, Contato_id, Veiculo_id)
VALUES (84, 'Berenice Benshoof', '453.316.149-19', '7884047', '60352361594', true, 84, 84);

INSERT INTO Motorista(id, nome, cpf, rg, cnh, disponibilidade, Contato_id, Veiculo_id)
VALUES (85, 'Sharleen Spengler', '522.317.401-49', '9734057', '98822379997', true, 85, 85);

INSERT INTO Motorista(id, nome, cpf, rg, cnh, disponibilidade, Contato_id, Veiculo_id)
VALUES (86, 'Ruth Routt', '702.318.609-75', '7544062', '49022387135', false, 86, 86);

INSERT INTO Motorista(id, nome, cpf, rg, cnh, disponibilidade, Contato_id, Veiculo_id)
VALUES (87, 'Marivel Mangum', '147.319.716-24', '0534071', '47732394104', false, 87, 87);

INSERT INTO Motorista(id, nome, cpf, rg, cnh, disponibilidade, Contato_id, Veiculo_id)
VALUES (88, 'Bobby Burchard', '952.320.325-06', '9244089', '70282400967', false, 88, 88);

INSERT INTO Motorista(id, nome, cpf, rg, cnh, disponibilidade, Contato_id, Veiculo_id)
VALUES (89, 'Candance Ceniceros', '955.321.065-40', '1004092', '68442412993', true, 89, 89);

INSERT INTO Motorista(id, nome, cpf, rg, cnh, disponibilidade, Contato_id, Veiculo_id)
VALUES (90, 'Jamee Jaillet', '214.322.762-10', '9644109', '72502420003', false, 90, 90);

INSERT INTO Motorista(id, nome, cpf, rg, cnh, disponibilidade, Contato_id, Veiculo_id)
VALUES (91, 'Anh Arens', '241.323.538-37', '1414112', '45232435475', true, 91, 91);

INSERT INTO Motorista(id, nome, cpf, rg, cnh, disponibilidade, Contato_id, Veiculo_id)
VALUES (92, 'Arvilla Amore', '100.324.900-35', '0294129', '83232442366', true, 92, 92);

INSERT INTO Motorista(id, nome, cpf, rg, cnh, disponibilidade, Contato_id, Veiculo_id)
VALUES (93, 'Sierra Suess', '842.325.471-60', '2214132', '83512455232', true, 93, 93);

INSERT INTO Motorista(id, nome, cpf, rg, cnh, disponibilidade, Contato_id, Veiculo_id)
VALUES (94, 'Arthur Armagost', '240.326.358-38', '6924147', '53552467007', false, 94, 94);

INSERT INTO Motorista(id, nome, cpf, rg, cnh, disponibilidade, Contato_id, Veiculo_id)
VALUES (95, 'Cami Chaplin', '226.327.612-51', '1544151', '93922477253', true, 95, 95);

INSERT INTO Motorista(id, nome, cpf, rg, cnh, disponibilidade, Contato_id, Veiculo_id)
VALUES (96, 'Joi Jarrell', '813.328.069-87', '8144161', '69552480643', false, 96, 96);

INSERT INTO Motorista(id, nome, cpf, rg, cnh, disponibilidade, Contato_id, Veiculo_id)
VALUES (97, 'Claudie Curtsinger', '547.329.346-23', '6294176', '46082499308', false, 97, 97);

INSERT INTO Motorista(id, nome, cpf, rg, cnh, disponibilidade, Contato_id, Veiculo_id)
VALUES (98, 'Luisa Leinen', '242.330.707-49', '1324184', '88772504799', false, 98, 98);

INSERT INTO Motorista(id, nome, cpf, rg, cnh, disponibilidade, Contato_id, Veiculo_id)
VALUES (99, 'Kendra Kitzman', '644.331.767-22', '5824190', '64282516576', true, 99, 99);

INSERT INTO Motorista(id, nome, cpf, rg, cnh, disponibilidade, Contato_id, Veiculo_id)
VALUES (100, 'Lucille Lirette', '399.332.269-75', '6454209', '81152521839', false, 100, 100);

-- Popula a tabela Empresa.

INSERT INTO Empresa(id, nome, cnpj, Contato_id)
VALUES (1, 'Petrobras', '76.247.115/0001-52', 101);

INSERT INTO Empresa(id, nome, cnpj, Contato_id)
VALUES (2, 'BR Distribuidora', '71.248.785/0002-72', 102);

INSERT INTO Empresa(id, nome, cnpj, Contato_id)
VALUES (3, 'Vale', '98.249.849/0001-40', 103);

INSERT INTO Empresa(id, nome, cnpj, Contato_id)
VALUES (4, 'Ipiranga Produtos', '29.250.056/0001-54', 104);

INSERT INTO Empresa(id, nome, cnpj, Contato_id)
VALUES (5, 'Raízen', '49.251.613/0001-33', 105);

INSERT INTO Empresa(id, nome, cnpj, Contato_id)
VALUES (6, 'Fiat', '69.252.416/0002-37', 106);

INSERT INTO Empresa(id, nome, cnpj, Contato_id)
VALUES (7, 'Volkswagen', '07.253.520/0001-11', 107);

INSERT INTO Empresa(id, nome, cnpj, Contato_id)
VALUES (8, 'Vivo', '10.254.566/0002-33', 108);

INSERT INTO Empresa(id, nome, cnpj, Contato_id)
VALUES (9, 'Bunge Alimentos', '55.255.580/0001-58', 109);

INSERT INTO Empresa(id, nome, cnpj, Contato_id)
VALUES (10, 'Cargill', '48.256.503/0001-12', 110);

INSERT INTO Empresa(id, nome, cnpj, Contato_id)
VALUES (11, 'Braskem', '45.257.814/0001-85', 111);

INSERT INTO Empresa(id, nome, cnpj, Contato_id)
VALUES (12, 'Pão de Açúcar', '62.258.245/0002-86', 112);

INSERT INTO Empresa(id, nome, cnpj, Contato_id)
VALUES (13, 'TIM', '45.259.357/0002-63', 113);

INSERT INTO Empresa(id, nome, cnpj, Contato_id)
VALUES (14, 'General Motors', '28.260.333/0002-87', 114);

INSERT INTO Empresa(id, nome, cnpj, Contato_id)
VALUES (15, 'Telefônica', '66.261.694/0001-07', 115);

INSERT INTO Empresa(id, nome, cnpj, Contato_id)
VALUES (16, 'Casas Bahia', '80.262.693/0001-21', 116);

INSERT INTO Empresa(id, nome, cnpj, Contato_id)
VALUES (17, 'Walmart', '92.263.215/0002-28', 117);

INSERT INTO Empresa(id, nome, cnpj, Contato_id)
VALUES (18, 'Ambev', '58.264.322/0001-73', 118);

INSERT INTO Empresa(id, nome, cnpj, Contato_id)
VALUES (19, 'ArcelorMittal Brasil', '66.265.443/0001-35', 119);

INSERT INTO Empresa(id, nome, cnpj, Contato_id)
VALUES (20, 'Correios', '96.266.224/0002-43', 120);

INSERT INTO Empresa(id, nome, cnpj, Contato_id)
VALUES (21, 'Mercedes-Benz', '47.267.022/0002-92', 121);

INSERT INTO Empresa(id, nome, cnpj, Contato_id)
VALUES (22, 'JBS', '65.268.564/0002-15', 122);

INSERT INTO Empresa(id, nome, cnpj, Contato_id)
VALUES (23, 'Carrefour', '26.269.673/0001-33', 123);

INSERT INTO Empresa(id, nome, cnpj, Contato_id)
VALUES (24, 'TAM', '21.270.322/0001-34', 124);

INSERT INTO Empresa(id, nome, cnpj, Contato_id)
VALUES (25, 'Brasil Foods/Sadia', '85.271.779/0002-38', 125);

INSERT INTO Empresa(id, nome, cnpj, Contato_id)
VALUES (26, 'Brasil Foods', '71.272.391/0002-25', 126);

INSERT INTO Empresa(id, nome, cnpj, Contato_id)
VALUES (27, 'Telemar', '02.273.367/0002-63', 127);

INSERT INTO Empresa(id, nome, cnpj, Contato_id)
VALUES (28, 'Cosan', '87.274.319/0001-62', 128);

INSERT INTO Empresa(id, nome, cnpj, Contato_id)
VALUES (29, 'Ford', '36.275.263/0001-47', 129);

INSERT INTO Empresa(id, nome, cnpj, Contato_id)
VALUES (30, 'Atacadão', '97.276.097/0001-69', 130);

INSERT INTO Empresa(id, nome, cnpj, Contato_id)
VALUES (31, 'CSN', '80.277.302/0001-32', 131);

INSERT INTO Empresa(id, nome, cnpj, Contato_id)
VALUES (32, 'Claro', '50.278.610/0002-22', 132);

INSERT INTO Empresa(id, nome, cnpj, Contato_id)
VALUES (33, 'Usiminas', '11.279.128/0001-99', 133);

INSERT INTO Empresa(id, nome, cnpj, Contato_id)
VALUES (34, 'Embratel', '13.280.622/0002-85', 134);

INSERT INTO Empresa(id, nome, cnpj, Contato_id)
VALUES (35, 'Moto Honda', '71.281.621/0001-13', 135);

INSERT INTO Empresa(id, nome, cnpj, Contato_id)
VALUES (36, 'Sabesp', '09.282.932/0001-02', 136);

INSERT INTO Empresa(id, nome, cnpj, Contato_id)
VALUES (37, 'AES Eletropaulo', '92.283.730/0002-29', 137);

INSERT INTO Empresa(id, nome, cnpj, Contato_id)
VALUES (38, 'ADM', '04.284.447/0001-46', 138);

INSERT INTO Empresa(id, nome, cnpj, Contato_id)
VALUES (39, 'Oi (TNL PCS)', '18.285.434/0002-88', 139);

INSERT INTO Empresa(id, nome, cnpj, Contato_id)
VALUES (40, 'MAN', '43.286.221/0001-64', 140);

INSERT INTO Empresa(id, nome, cnpj, Contato_id)
VALUES (41, 'Toyota', '16.287.472/0002-62', 141);

INSERT INTO Empresa(id, nome, cnpj, Contato_id)
VALUES (42, 'Cemig Distribuição', '85.288.673/0002-66', 142);

INSERT INTO Empresa(id, nome, cnpj, Contato_id)
VALUES (43, 'Embraer', '07.289.002/0002-03', 143);

INSERT INTO Empresa(id, nome, cnpj, Contato_id)
VALUES (44, 'Globo', '96.290.060/0002-46', 144);

INSERT INTO Empresa(id, nome, cnpj, Contato_id)
VALUES (45, 'Construtora Odebrecht', '59.291.491/0002-07', 145);

INSERT INTO Empresa(id, nome, cnpj, Contato_id)
VALUES (46, 'Samsung', '78.292.127/0001-61', 146);

INSERT INTO Empresa(id, nome, cnpj, Contato_id)
VALUES (47, 'Copersucar', '31.293.340/0002-11', 147);

INSERT INTO Empresa(id, nome, cnpj, Contato_id)
VALUES (48, 'Gerdau Aços Longos', '77.294.214/0002-98', 148);

INSERT INTO Empresa(id, nome, cnpj, Contato_id)
VALUES (49, 'Nextel', '42.295.789/0001-56', 149);

INSERT INTO Empresa(id, nome, cnpj, Contato_id)
VALUES (50, 'Renault', '60.296.187/0002-28', 150);

INSERT INTO Empresa(id, nome, cnpj, Contato_id)
VALUES (51, 'Ale', '57.297.702/0002-41', 151);

INSERT INTO Empresa(id, nome, cnpj, Contato_id)
VALUES (52, 'Oi', '95.298.079/0001-58', 152);

INSERT INTO Empresa(id, nome, cnpj, Contato_id)
VALUES (53, 'GOL', '59.299.580/0001-92', 153);

INSERT INTO Empresa(id, nome, cnpj, Contato_id)
VALUES (54, 'Unilever', '68.300.067/0002-94', 154);

INSERT INTO Empresa(id, nome, cnpj, Contato_id)
VALUES (55, 'Samarco', '92.301.737/0001-34', 155);

INSERT INTO Empresa(id, nome, cnpj, Contato_id)
VALUES (56, 'Furnas', '87.302.741/0002-03', 156);

INSERT INTO Empresa(id, nome, cnpj, Contato_id)
VALUES (57, 'Amil', '94.303.794/0001-67', 157);

INSERT INTO Empresa(id, nome, cnpj, Contato_id)
VALUES (58, 'GE', '81.304.595/0001-59', 158);

INSERT INTO Empresa(id, nome, cnpj, Contato_id)
VALUES (59, 'Refap', '10.305.060/0001-69', 159);

INSERT INTO Empresa(id, nome, cnpj, Contato_id)
VALUES (60, 'Itaipu Binacional', '82.306.168/0002-18', 160);

INSERT INTO Empresa(id, nome, cnpj, Contato_id)
VALUES (61, 'Louis Dreyfus', '01.307.179/0002-94', 161);

INSERT INTO Empresa(id, nome, cnpj, Contato_id)
VALUES (62, 'Peugeot Citroën', '34.308.559/0001-67', 162);

INSERT INTO Empresa(id, nome, cnpj, Contato_id)
VALUES (63, 'Light', '80.309.604/0002-71', 163);

INSERT INTO Empresa(id, nome, cnpj, Contato_id)
VALUES (64, 'Lojas Americanas', '17.310.894/0002-14', 164);

INSERT INTO Empresa(id, nome, cnpj, Contato_id)
VALUES (65, 'Honda Automóveis', '94.311.861/0002-45', 165);

INSERT INTO Empresa(id, nome, cnpj, Contato_id)
VALUES (66, 'Natura', '36.312.720/0001-89', 166);

INSERT INTO Empresa(id, nome, cnpj, Contato_id)
VALUES (67, 'Whirlpool', '18.313.302/0002-28', 167);

INSERT INTO Empresa(id, nome, cnpj, Contato_id)
VALUES (68, 'Basf', '77.314.171/0002-56', 168);

INSERT INTO Empresa(id, nome, cnpj, Contato_id)
VALUES (69, 'CPFL Paulista', '13.315.800/0001-11', 169);

INSERT INTO Empresa(id, nome, cnpj, Contato_id)
VALUES (70, 'Coamo', '04.316.036/0001-58', 170);

INSERT INTO Empresa(id, nome, cnpj, Contato_id)
VALUES (71, 'Souza Cruz', '53.317.322/0002-61', 171);

INSERT INTO Empresa(id, nome, cnpj, Contato_id)
VALUES (72, 'Makro', '57.318.870/0001-14', 172);

INSERT INTO Empresa(id, nome, cnpj, Contato_id)
VALUES (73, 'Copel', '34.319.958/0002-21', 173);

INSERT INTO Empresa(id, nome, cnpj, Contato_id)
VALUES (74, 'Votoran', '91.320.797/0002-18', 174);

INSERT INTO Empresa(id, nome, cnpj, Contato_id)
VALUES (75, 'Magazine Luiza', '14.321.284/0002-74', 175);

INSERT INTO Empresa(id, nome, cnpj, Contato_id)
VALUES (76, 'Chesf', '36.322.792/0002-64', 176);

INSERT INTO Empresa(id, nome, cnpj, Contato_id)
VALUES (77, 'Nestlé', '64.323.216/0001-51', 177);

INSERT INTO Empresa(id, nome, cnpj, Contato_id)
VALUES (78, 'Gerdau Açominas', '31.324.288/0001-58', 178);

INSERT INTO Empresa(id, nome, cnpj, Contato_id)
VALUES (79, 'Coelba', '76.325.340/0002-10', 179);

INSERT INTO Empresa(id, nome, cnpj, Contato_id)
VALUES (80, 'Transpetro', '03.326.223/0002-19', 180);

INSERT INTO Empresa(id, nome, cnpj, Contato_id)
VALUES (81, 'Suzano', '40.327.975/0002-03', 181);

INSERT INTO Empresa(id, nome, cnpj, Contato_id)
VALUES (82, 'Heringer', '38.328.304/0001-06', 182);

INSERT INTO Empresa(id, nome, cnpj, Contato_id)
VALUES (83, 'CNH', '98.329.113/0002-02', 183);

INSERT INTO Empresa(id, nome, cnpj, Contato_id)
VALUES (84, 'Paranapanema', '69.330.931/0002-64', 184);

INSERT INTO Empresa(id, nome, cnpj, Contato_id)
VALUES (85, 'Iveco', '58.331.100/0001-57', 185);

INSERT INTO Empresa(id, nome, cnpj, Contato_id)
VALUES (86, 'Ponto Frio', '69.332.823/0001-65', 186);

INSERT INTO Empresa(id, nome, cnpj, Contato_id)
VALUES (87, 'Marfrig', '58.333.763/0002-81', 187);

INSERT INTO Empresa(id, nome, cnpj, Contato_id)
VALUES (88, 'Camargo Corrêa', '28.334.778/0001-07', 188);

INSERT INTO Empresa(id, nome, cnpj, Contato_id)
VALUES (89, 'Bunge Fertilizantes', '67.335.426/0002-96', 189);

INSERT INTO Empresa(id, nome, cnpj, Contato_id)
VALUES (90, 'Mitsubishi Motors', '08.336.852/0002-97', 190);

INSERT INTO Empresa(id, nome, cnpj, Contato_id)
VALUES (91, 'Andrade Gutierrez', '13.337.713/0001-05', 191);

INSERT INTO Empresa(id, nome, cnpj, Contato_id)
VALUES (92, 'Bayer', '47.338.872/0002-02', 192);

INSERT INTO Empresa(id, nome, cnpj, Contato_id)
VALUES (93, 'Avon', '22.339.334/0002-66', 193);

INSERT INTO Empresa(id, nome, cnpj, Contato_id)
VALUES (94, 'Eletronorte', '94.340.049/0001-73', 194);

INSERT INTO Empresa(id, nome, cnpj, Contato_id)
VALUES (95, 'Robert Bosch', '70.341.395/0001-75', 195);

INSERT INTO Empresa(id, nome, cnpj, Contato_id)
VALUES (96, 'HP', '65.342.713/0001-39', 196);

INSERT INTO Empresa(id, nome, cnpj, Contato_id)
VALUES (97, 'Braskem Qpar', '50.343.281/0002-17', 197);

INSERT INTO Empresa(id, nome, cnpj, Contato_id)
VALUES (98, 'Spal', '95.344.395/0002-02', 198);

INSERT INTO Empresa(id, nome, cnpj, Contato_id)
VALUES (99, 'Tag', '51.345.068/0002-45', 199);

INSERT INTO Empresa(id, nome, cnpj, Contato_id)
VALUES (100, 'Comgás', '64.346.186/0002-51', 200);

-- Popula a tabela Servico.

INSERT INTO Servico(id, tipoServico, tipoCarga, quantidadeCarga, unidadeCarga, dataPedido, distancia, Empresa_id, origem, destino, descricao)
VALUES (1, 'EXPRESSO', 'oO -----', '642', 'gramas', '2013-12-4 15:19', '32 Km', 52, 201, 202, 'Transportar 642 gramas, usando o serviço EXPRESSO.');

INSERT INTO Servico(id, tipoServico, tipoCarga, quantidadeCarga, unidadeCarga, dataPedido, distancia, Empresa_id, origem, destino, descricao)
VALUES (2, 'NORMAL', 'oO -----', '655', 'cabeças', '2013-10-20 16:32', '11 Km', 20, 203, 204, 'Transportar 655 cabeças, usando o serviço NORMAL.');

INSERT INTO Servico(id, tipoServico, tipoCarga, quantidadeCarga, unidadeCarga, dataPedido, distancia, Empresa_id, origem, destino, descricao)
VALUES (3, 'ECONOMICO', 'oO -----', '798', 'gramas', '2013-11-8 17:32', '48 Km', 19, 205, 206, 'Transportar 798 gramas, usando o serviço ECONOMICO.');

INSERT INTO Servico(id, tipoServico, tipoCarga, quantidadeCarga, unidadeCarga, dataPedido, distancia, Empresa_id, origem, destino, descricao)
VALUES (4, 'ECONOMICO', 'oO -----', '377', 'kilogramas', '2013-11-15 10:34', '64 Km', 83, 207, 208, 'Transportar 377 kilogramas, usando o serviço ECONOMICO.');

INSERT INTO Servico(id, tipoServico, tipoCarga, quantidadeCarga, unidadeCarga, dataPedido, distancia, Empresa_id, origem, destino, descricao)
VALUES (5, 'NORMAL', 'oO -----', '182', 'gramas', '2013-9-14 14:7', '21 Km', 33, 209, 210, 'Transportar 182 gramas, usando o serviço NORMAL.');

INSERT INTO Servico(id, tipoServico, tipoCarga, quantidadeCarga, unidadeCarga, dataPedido, distancia, Empresa_id, origem, destino, descricao)
VALUES (6, 'EXPRESSO', 'oO -----', '143', 'gramas', '2013-11-16 2:5', '50 Km', 49, 211, 212, 'Transportar 143 gramas, usando o serviço EXPRESSO.');

INSERT INTO Servico(id, tipoServico, tipoCarga, quantidadeCarga, unidadeCarga, dataPedido, distancia, Empresa_id, origem, destino, descricao)
VALUES (7, 'EXPRESSO', 'oO -----', '946', 'kilogramas', '2013-10-11 22:50', '46 Km', 83, 213, 214, 'Transportar 946 kilogramas, usando o serviço EXPRESSO.');

INSERT INTO Servico(id, tipoServico, tipoCarga, quantidadeCarga, unidadeCarga, dataPedido, distancia, Empresa_id, origem, destino, descricao)
VALUES (8, 'NORMAL', 'oO -----', '825', 'kilogramas', '2013-2-7 16:22', '47 Km', 23, 215, 216, 'Transportar 825 kilogramas, usando o serviço NORMAL.');

INSERT INTO Servico(id, tipoServico, tipoCarga, quantidadeCarga, unidadeCarga, dataPedido, distancia, Empresa_id, origem, destino, descricao)
VALUES (9, 'EXPRESSO', 'oO -----', '667', 'gramas', '2013-12-16 15:44', '20 Km', 34, 217, 218, 'Transportar 667 gramas, usando o serviço EXPRESSO.');

INSERT INTO Servico(id, tipoServico, tipoCarga, quantidadeCarga, unidadeCarga, dataPedido, distancia, Empresa_id, origem, destino, descricao)
VALUES (10, 'NORMAL', 'oO -----', '190', 'kilogramas', '2013-8-19 13:3', '51 Km', 56, 219, 220, 'Transportar 190 kilogramas, usando o serviço NORMAL.');

INSERT INTO Servico(id, tipoServico, tipoCarga, quantidadeCarga, unidadeCarga, dataPedido, distancia, Empresa_id, origem, destino, descricao)
VALUES (11, 'EXPRESSO', 'oO -----', '491', 'gramas', '2013-2-15 21:32', '34 Km', 18, 221, 222, 'Transportar 491 gramas, usando o serviço EXPRESSO.');

INSERT INTO Servico(id, tipoServico, tipoCarga, quantidadeCarga, unidadeCarga, dataPedido, distancia, Empresa_id, origem, destino, descricao)
VALUES (12, 'ECONOMICO', 'oO -----', '833', 'cabeças', '2013-11-22 8:40', '9 Km', 94, 223, 224, 'Transportar 833 cabeças, usando o serviço ECONOMICO.');

INSERT INTO Servico(id, tipoServico, tipoCarga, quantidadeCarga, unidadeCarga, dataPedido, distancia, Empresa_id, origem, destino, descricao)
VALUES (13, 'ECONOMICO', 'oO -----', '771', 'gramas', '2013-1-28 0:41', '57 Km', 42, 225, 226, 'Transportar 771 gramas, usando o serviço ECONOMICO.');

INSERT INTO Servico(id, tipoServico, tipoCarga, quantidadeCarga, unidadeCarga, dataPedido, distancia, Empresa_id, origem, destino, descricao)
VALUES (14, 'NORMAL', 'oO -----', '847', 'cabeças', '2013-7-4 10:14', '34 Km', 8, 227, 228, 'Transportar 847 cabeças, usando o serviço NORMAL.');

INSERT INTO Servico(id, tipoServico, tipoCarga, quantidadeCarga, unidadeCarga, dataPedido, distancia, Empresa_id, origem, destino, descricao)
VALUES (15, 'ECONOMICO', 'oO -----', '782', 'kilogramas', '2013-4-30 5:30', '60 Km', 99, 229, 230, 'Transportar 782 kilogramas, usando o serviço ECONOMICO.');

INSERT INTO Servico(id, tipoServico, tipoCarga, quantidadeCarga, unidadeCarga, dataPedido, distancia, Empresa_id, origem, destino, descricao)
VALUES (16, 'NORMAL', 'oO -----', '628', 'gramas', '2013-2-22 14:5', '2 Km', 3, 231, 232, 'Transportar 628 gramas, usando o serviço NORMAL.');

INSERT INTO Servico(id, tipoServico, tipoCarga, quantidadeCarga, unidadeCarga, dataPedido, distancia, Empresa_id, origem, destino, descricao)
VALUES (17, 'ECONOMICO', 'oO -----', '153', 'cabeças', '2013-11-21 10:28', '14 Km', 52, 233, 234, 'Transportar 153 cabeças, usando o serviço ECONOMICO.');

INSERT INTO Servico(id, tipoServico, tipoCarga, quantidadeCarga, unidadeCarga, dataPedido, distancia, Empresa_id, origem, destino, descricao)
VALUES (18, 'ECONOMICO', 'oO -----', '301', 'cabeças', '2013-9-15 13:23', '41 Km', 77, 235, 236, 'Transportar 301 cabeças, usando o serviço ECONOMICO.');

INSERT INTO Servico(id, tipoServico, tipoCarga, quantidadeCarga, unidadeCarga, dataPedido, distancia, Empresa_id, origem, destino, descricao)
VALUES (19, 'EXPRESSO', 'oO -----', '360', 'unidades', '2013-6-31 12:18', '18 Km', 51, 237, 238, 'Transportar 360 unidades, usando o serviço EXPRESSO.');

INSERT INTO Servico(id, tipoServico, tipoCarga, quantidadeCarga, unidadeCarga, dataPedido, distancia, Empresa_id, origem, destino, descricao)
VALUES (20, 'NORMAL', 'oO -----', '604', 'gramas', '2013-6-26 18:25', '35 Km', 23, 239, 240, 'Transportar 604 gramas, usando o serviço NORMAL.');

INSERT INTO Servico(id, tipoServico, tipoCarga, quantidadeCarga, unidadeCarga, dataPedido, distancia, Empresa_id, origem, destino, descricao)
VALUES (21, 'ECONOMICO', 'oO -----', '415', 'kilogramas', '2013-2-29 4:57', '21 Km', 10, 241, 242, 'Transportar 415 kilogramas, usando o serviço ECONOMICO.');

INSERT INTO Servico(id, tipoServico, tipoCarga, quantidadeCarga, unidadeCarga, dataPedido, distancia, Empresa_id, origem, destino, descricao)
VALUES (22, 'EXPRESSO', 'oO -----', '362', 'cabeças', '2013-1-20 18:26', '53 Km', 68, 243, 244, 'Transportar 362 cabeças, usando o serviço EXPRESSO.');

INSERT INTO Servico(id, tipoServico, tipoCarga, quantidadeCarga, unidadeCarga, dataPedido, distancia, Empresa_id, origem, destino, descricao)
VALUES (23, 'NORMAL', 'oO -----', '807', 'unidades', '2013-1-18 15:43', '66 Km', 51, 245, 246, 'Transportar 807 unidades, usando o serviço NORMAL.');

INSERT INTO Servico(id, tipoServico, tipoCarga, quantidadeCarga, unidadeCarga, dataPedido, distancia, Empresa_id, origem, destino, descricao)
VALUES (24, 'ECONOMICO', 'oO -----', '693', 'unidades', '2013-10-5 9:3', '54 Km', 25, 247, 248, 'Transportar 693 unidades, usando o serviço ECONOMICO.');

INSERT INTO Servico(id, tipoServico, tipoCarga, quantidadeCarga, unidadeCarga, dataPedido, distancia, Empresa_id, origem, destino, descricao)
VALUES (25, 'NORMAL', 'oO -----', '702', 'gramas', '2013-5-31 23:57', '27 Km', 67, 249, 250, 'Transportar 702 gramas, usando o serviço NORMAL.');

INSERT INTO Servico(id, tipoServico, tipoCarga, quantidadeCarga, unidadeCarga, dataPedido, distancia, Empresa_id, origem, destino, descricao)
VALUES (26, 'ECONOMICO', 'oO -----', '901', 'gramas', '2013-8-17 1:46', '34 Km', 66, 251, 252, 'Transportar 901 gramas, usando o serviço ECONOMICO.');

INSERT INTO Servico(id, tipoServico, tipoCarga, quantidadeCarga, unidadeCarga, dataPedido, distancia, Empresa_id, origem, destino, descricao)
VALUES (27, 'NORMAL', 'oO -----', '281', 'cabeças', '2013-7-5 14:30', '19 Km', 31, 253, 254, 'Transportar 281 cabeças, usando o serviço NORMAL.');

INSERT INTO Servico(id, tipoServico, tipoCarga, quantidadeCarga, unidadeCarga, dataPedido, distancia, Empresa_id, origem, destino, descricao)
VALUES (28, 'NORMAL', 'oO -----', '437', 'gramas', '2013-2-31 9:26', '52 Km', 14, 255, 256, 'Transportar 437 gramas, usando o serviço NORMAL.');

INSERT INTO Servico(id, tipoServico, tipoCarga, quantidadeCarga, unidadeCarga, dataPedido, distancia, Empresa_id, origem, destino, descricao)
VALUES (29, 'ECONOMICO', 'oO -----', '952', 'unidades', '2013-3-8 21:40', '66 Km', 29, 257, 258, 'Transportar 952 unidades, usando o serviço ECONOMICO.');

INSERT INTO Servico(id, tipoServico, tipoCarga, quantidadeCarga, unidadeCarga, dataPedido, distancia, Empresa_id, origem, destino, descricao)
VALUES (30, 'ECONOMICO', 'oO -----', '829', 'kilogramas', '2013-12-10 0:33', '53 Km', 92, 259, 260, 'Transportar 829 kilogramas, usando o serviço ECONOMICO.');

INSERT INTO Servico(id, tipoServico, tipoCarga, quantidadeCarga, unidadeCarga, dataPedido, distancia, Empresa_id, origem, destino, descricao)
VALUES (31, 'NORMAL', 'oO -----', '310', 'unidades', '2013-4-15 7:52', '7 Km', 25, 261, 262, 'Transportar 310 unidades, usando o serviço NORMAL.');

INSERT INTO Servico(id, tipoServico, tipoCarga, quantidadeCarga, unidadeCarga, dataPedido, distancia, Empresa_id, origem, destino, descricao)
VALUES (32, 'EXPRESSO', 'oO -----', '518', 'cabeças', '2013-8-4 17:18', '60 Km', 3, 263, 264, 'Transportar 518 cabeças, usando o serviço EXPRESSO.');

INSERT INTO Servico(id, tipoServico, tipoCarga, quantidadeCarga, unidadeCarga, dataPedido, distancia, Empresa_id, origem, destino, descricao)
VALUES (33, 'NORMAL', 'oO -----', '913', 'gramas', '2013-4-14 0:39', '16 Km', 28, 265, 266, 'Transportar 913 gramas, usando o serviço NORMAL.');

INSERT INTO Servico(id, tipoServico, tipoCarga, quantidadeCarga, unidadeCarga, dataPedido, distancia, Empresa_id, origem, destino, descricao)
VALUES (34, 'NORMAL', 'oO -----', '906', 'cabeças', '2013-5-5 12:9', '65 Km', 87, 267, 268, 'Transportar 906 cabeças, usando o serviço NORMAL.');

INSERT INTO Servico(id, tipoServico, tipoCarga, quantidadeCarga, unidadeCarga, dataPedido, distancia, Empresa_id, origem, destino, descricao)
VALUES (35, 'ECONOMICO', 'oO -----', '888', 'gramas', '2013-1-7 0:54', '7 Km', 40, 269, 270, 'Transportar 888 gramas, usando o serviço ECONOMICO.');

INSERT INTO Servico(id, tipoServico, tipoCarga, quantidadeCarga, unidadeCarga, dataPedido, distancia, Empresa_id, origem, destino, descricao)
VALUES (36, 'EXPRESSO', 'oO -----', '330', 'cabeças', '2013-9-12 8:27', '38 Km', 68, 271, 272, 'Transportar 330 cabeças, usando o serviço EXPRESSO.');

INSERT INTO Servico(id, tipoServico, tipoCarga, quantidadeCarga, unidadeCarga, dataPedido, distancia, Empresa_id, origem, destino, descricao)
VALUES (37, 'NORMAL', 'oO -----', '150', 'kilogramas', '2013-10-1 10:7', '66 Km', 75, 273, 274, 'Transportar 150 kilogramas, usando o serviço NORMAL.');

INSERT INTO Servico(id, tipoServico, tipoCarga, quantidadeCarga, unidadeCarga, dataPedido, distancia, Empresa_id, origem, destino, descricao)
VALUES (38, 'ECONOMICO', 'oO -----', '922', 'gramas', '2013-10-17 14:45', '4 Km', 27, 275, 276, 'Transportar 922 gramas, usando o serviço ECONOMICO.');

INSERT INTO Servico(id, tipoServico, tipoCarga, quantidadeCarga, unidadeCarga, dataPedido, distancia, Empresa_id, origem, destino, descricao)
VALUES (39, 'NORMAL', 'oO -----', '109', 'kilogramas', '2013-11-24 6:58', '53 Km', 54, 277, 278, 'Transportar 109 kilogramas, usando o serviço NORMAL.');

INSERT INTO Servico(id, tipoServico, tipoCarga, quantidadeCarga, unidadeCarga, dataPedido, distancia, Empresa_id, origem, destino, descricao)
VALUES (40, 'EXPRESSO', 'oO -----', '390', 'unidades', '2013-7-16 8:31', '24 Km', 95, 279, 280, 'Transportar 390 unidades, usando o serviço EXPRESSO.');

INSERT INTO Servico(id, tipoServico, tipoCarga, quantidadeCarga, unidadeCarga, dataPedido, distancia, Empresa_id, origem, destino, descricao)
VALUES (41, 'EXPRESSO', 'oO -----', '528', 'cabeças', '2013-10-15 5:20', '15 Km', 57, 281, 282, 'Transportar 528 cabeças, usando o serviço EXPRESSO.');

INSERT INTO Servico(id, tipoServico, tipoCarga, quantidadeCarga, unidadeCarga, dataPedido, distancia, Empresa_id, origem, destino, descricao)
VALUES (42, 'ECONOMICO', 'oO -----', '269', 'kilogramas', '2013-8-11 17:59', '48 Km', 17, 283, 284, 'Transportar 269 kilogramas, usando o serviço ECONOMICO.');

INSERT INTO Servico(id, tipoServico, tipoCarga, quantidadeCarga, unidadeCarga, dataPedido, distancia, Empresa_id, origem, destino, descricao)
VALUES (43, 'ECONOMICO', 'oO -----', '151', 'kilogramas', '2013-2-4 19:34', '34 Km', 41, 285, 286, 'Transportar 151 kilogramas, usando o serviço ECONOMICO.');

INSERT INTO Servico(id, tipoServico, tipoCarga, quantidadeCarga, unidadeCarga, dataPedido, distancia, Empresa_id, origem, destino, descricao)
VALUES (44, 'EXPRESSO', 'oO -----', '932', 'unidades', '2013-11-21 1:32', '58 Km', 78, 287, 288, 'Transportar 932 unidades, usando o serviço EXPRESSO.');

INSERT INTO Servico(id, tipoServico, tipoCarga, quantidadeCarga, unidadeCarga, dataPedido, distancia, Empresa_id, origem, destino, descricao)
VALUES (45, 'NORMAL', 'oO -----', '278', 'kilogramas', '2013-5-26 0:32', '21 Km', 28, 289, 290, 'Transportar 278 kilogramas, usando o serviço NORMAL.');

INSERT INTO Servico(id, tipoServico, tipoCarga, quantidadeCarga, unidadeCarga, dataPedido, distancia, Empresa_id, origem, destino, descricao)
VALUES (46, 'EXPRESSO', 'oO -----', '591', 'cabeças', '2013-5-29 20:17', '29 Km', 82, 291, 292, 'Transportar 591 cabeças, usando o serviço EXPRESSO.');

INSERT INTO Servico(id, tipoServico, tipoCarga, quantidadeCarga, unidadeCarga, dataPedido, distancia, Empresa_id, origem, destino, descricao)
VALUES (47, 'EXPRESSO', 'oO -----', '581', 'kilogramas', '2013-5-30 6:33', '19 Km', 55, 293, 294, 'Transportar 581 kilogramas, usando o serviço EXPRESSO.');

INSERT INTO Servico(id, tipoServico, tipoCarga, quantidadeCarga, unidadeCarga, dataPedido, distancia, Empresa_id, origem, destino, descricao)
VALUES (48, 'EXPRESSO', 'oO -----', '517', 'unidades', '2013-2-10 17:6', '43 Km', 41, 295, 296, 'Transportar 517 unidades, usando o serviço EXPRESSO.');

INSERT INTO Servico(id, tipoServico, tipoCarga, quantidadeCarga, unidadeCarga, dataPedido, distancia, Empresa_id, origem, destino, descricao)
VALUES (49, 'EXPRESSO', 'oO -----', '764', 'cabeças', '2013-6-10 1:43', '58 Km', 43, 297, 298, 'Transportar 764 cabeças, usando o serviço EXPRESSO.');

INSERT INTO Servico(id, tipoServico, tipoCarga, quantidadeCarga, unidadeCarga, dataPedido, distancia, Empresa_id, origem, destino, descricao)
VALUES (50, 'NORMAL', 'oO -----', '277', 'unidades', '2013-7-13 22:11', '9 Km', 97, 299, 300, 'Transportar 277 unidades, usando o serviço NORMAL.');

INSERT INTO Servico(id, tipoServico, tipoCarga, quantidadeCarga, unidadeCarga, dataPedido, distancia, Empresa_id, origem, destino, descricao)
VALUES (51, 'EXPRESSO', 'oO -----', '619', 'kilogramas', '2013-4-28 9:5', '42 Km', 91, 301, 302, 'Transportar 619 kilogramas, usando o serviço EXPRESSO.');

INSERT INTO Servico(id, tipoServico, tipoCarga, quantidadeCarga, unidadeCarga, dataPedido, distancia, Empresa_id, origem, destino, descricao)
VALUES (52, 'ECONOMICO', 'oO -----', '124', 'cabeças', '2013-2-24 22:32', '43 Km', 40, 303, 304, 'Transportar 124 cabeças, usando o serviço ECONOMICO.');

INSERT INTO Servico(id, tipoServico, tipoCarga, quantidadeCarga, unidadeCarga, dataPedido, distancia, Empresa_id, origem, destino, descricao)
VALUES (53, 'EXPRESSO', 'oO -----', '306', 'gramas', '2013-10-3 12:29', '47 Km', 34, 305, 306, 'Transportar 306 gramas, usando o serviço EXPRESSO.');

INSERT INTO Servico(id, tipoServico, tipoCarga, quantidadeCarga, unidadeCarga, dataPedido, distancia, Empresa_id, origem, destino, descricao)
VALUES (54, 'EXPRESSO', 'oO -----', '527', 'gramas', '2013-4-14 7:50', '35 Km', 85, 307, 308, 'Transportar 527 gramas, usando o serviço EXPRESSO.');

INSERT INTO Servico(id, tipoServico, tipoCarga, quantidadeCarga, unidadeCarga, dataPedido, distancia, Empresa_id, origem, destino, descricao)
VALUES (55, 'NORMAL', 'oO -----', '523', 'unidades', '2013-11-22 14:47', '53 Km', 41, 309, 310, 'Transportar 523 unidades, usando o serviço NORMAL.');

INSERT INTO Servico(id, tipoServico, tipoCarga, quantidadeCarga, unidadeCarga, dataPedido, distancia, Empresa_id, origem, destino, descricao)
VALUES (56, 'ECONOMICO', 'oO -----', '854', 'gramas', '2013-7-19 5:53', '38 Km', 58, 311, 312, 'Transportar 854 gramas, usando o serviço ECONOMICO.');

INSERT INTO Servico(id, tipoServico, tipoCarga, quantidadeCarga, unidadeCarga, dataPedido, distancia, Empresa_id, origem, destino, descricao)
VALUES (57, 'NORMAL', 'oO -----', '538', 'cabeças', '2013-9-5 7:36', '22 Km', 43, 313, 314, 'Transportar 538 cabeças, usando o serviço NORMAL.');

INSERT INTO Servico(id, tipoServico, tipoCarga, quantidadeCarga, unidadeCarga, dataPedido, distancia, Empresa_id, origem, destino, descricao)
VALUES (58, 'ECONOMICO', 'oO -----', '980', 'kilogramas', '2013-2-25 10:39', '38 Km', 78, 315, 316, 'Transportar 980 kilogramas, usando o serviço ECONOMICO.');

INSERT INTO Servico(id, tipoServico, tipoCarga, quantidadeCarga, unidadeCarga, dataPedido, distancia, Empresa_id, origem, destino, descricao)
VALUES (59, 'EXPRESSO', 'oO -----', '210', 'cabeças', '2013-6-21 19:9', '12 Km', 42, 317, 318, 'Transportar 210 cabeças, usando o serviço EXPRESSO.');

INSERT INTO Servico(id, tipoServico, tipoCarga, quantidadeCarga, unidadeCarga, dataPedido, distancia, Empresa_id, origem, destino, descricao)
VALUES (60, 'NORMAL', 'oO -----', '119', 'cabeças', '2013-9-17 1:11', '27 Km', 37, 319, 320, 'Transportar 119 cabeças, usando o serviço NORMAL.');

INSERT INTO Servico(id, tipoServico, tipoCarga, quantidadeCarga, unidadeCarga, dataPedido, distancia, Empresa_id, origem, destino, descricao)
VALUES (61, 'ECONOMICO', 'oO -----', '560', 'kilogramas', '2013-2-24 23:36', '7 Km', 79, 321, 322, 'Transportar 560 kilogramas, usando o serviço ECONOMICO.');

INSERT INTO Servico(id, tipoServico, tipoCarga, quantidadeCarga, unidadeCarga, dataPedido, distancia, Empresa_id, origem, destino, descricao)
VALUES (62, 'ECONOMICO', 'oO -----', '451', 'kilogramas', '2013-1-13 2:30', '2 Km', 11, 323, 324, 'Transportar 451 kilogramas, usando o serviço ECONOMICO.');

INSERT INTO Servico(id, tipoServico, tipoCarga, quantidadeCarga, unidadeCarga, dataPedido, distancia, Empresa_id, origem, destino, descricao)
VALUES (63, 'NORMAL', 'oO -----', '341', 'gramas', '2013-4-18 21:37', '14 Km', 45, 325, 326, 'Transportar 341 gramas, usando o serviço NORMAL.');

INSERT INTO Servico(id, tipoServico, tipoCarga, quantidadeCarga, unidadeCarga, dataPedido, distancia, Empresa_id, origem, destino, descricao)
VALUES (64, 'NORMAL', 'oO -----', '492', 'cabeças', '2013-12-30 3:7', '8 Km', 50, 327, 328, 'Transportar 492 cabeças, usando o serviço NORMAL.');

INSERT INTO Servico(id, tipoServico, tipoCarga, quantidadeCarga, unidadeCarga, dataPedido, distancia, Empresa_id, origem, destino, descricao)
VALUES (65, 'EXPRESSO', 'oO -----', '164', 'unidades', '2013-9-29 6:31', '21 Km', 41, 329, 330, 'Transportar 164 unidades, usando o serviço EXPRESSO.');

INSERT INTO Servico(id, tipoServico, tipoCarga, quantidadeCarga, unidadeCarga, dataPedido, distancia, Empresa_id, origem, destino, descricao)
VALUES (66, 'EXPRESSO', 'oO -----', '678', 'unidades', '2013-4-26 15:56', '39 Km', 44, 331, 332, 'Transportar 678 unidades, usando o serviço EXPRESSO.');

INSERT INTO Servico(id, tipoServico, tipoCarga, quantidadeCarga, unidadeCarga, dataPedido, distancia, Empresa_id, origem, destino, descricao)
VALUES (67, 'ECONOMICO', 'oO -----', '338', 'unidades', '2013-4-22 4:17', '35 Km', 72, 333, 334, 'Transportar 338 unidades, usando o serviço ECONOMICO.');

INSERT INTO Servico(id, tipoServico, tipoCarga, quantidadeCarga, unidadeCarga, dataPedido, distancia, Empresa_id, origem, destino, descricao)
VALUES (68, 'ECONOMICO', 'oO -----', '545', 'cabeças', '2013-7-9 19:30', '27 Km', 9, 335, 336, 'Transportar 545 cabeças, usando o serviço ECONOMICO.');

INSERT INTO Servico(id, tipoServico, tipoCarga, quantidadeCarga, unidadeCarga, dataPedido, distancia, Empresa_id, origem, destino, descricao)
VALUES (69, 'ECONOMICO', 'oO -----', '314', 'unidades', '2013-11-8 10:47', '62 Km', 22, 337, 338, 'Transportar 314 unidades, usando o serviço ECONOMICO.');

INSERT INTO Servico(id, tipoServico, tipoCarga, quantidadeCarga, unidadeCarga, dataPedido, distancia, Empresa_id, origem, destino, descricao)
VALUES (70, 'ECONOMICO', 'oO -----', '510', 'cabeças', '2013-1-6 17:35', '18 Km', 67, 339, 340, 'Transportar 510 cabeças, usando o serviço ECONOMICO.');

INSERT INTO Servico(id, tipoServico, tipoCarga, quantidadeCarga, unidadeCarga, dataPedido, distancia, Empresa_id, origem, destino, descricao)
VALUES (71, 'NORMAL', 'oO -----', '357', 'kilogramas', '2013-4-21 15:57', '26 Km', 92, 341, 342, 'Transportar 357 kilogramas, usando o serviço NORMAL.');

INSERT INTO Servico(id, tipoServico, tipoCarga, quantidadeCarga, unidadeCarga, dataPedido, distancia, Empresa_id, origem, destino, descricao)
VALUES (72, 'NORMAL', 'oO -----', '194', 'kilogramas', '2013-3-3 20:43', '22 Km', 73, 343, 344, 'Transportar 194 kilogramas, usando o serviço NORMAL.');

INSERT INTO Servico(id, tipoServico, tipoCarga, quantidadeCarga, unidadeCarga, dataPedido, distancia, Empresa_id, origem, destino, descricao)
VALUES (73, 'ECONOMICO', 'oO -----', '887', 'kilogramas', '2013-1-12 21:9', '55 Km', 56, 345, 346, 'Transportar 887 kilogramas, usando o serviço ECONOMICO.');

INSERT INTO Servico(id, tipoServico, tipoCarga, quantidadeCarga, unidadeCarga, dataPedido, distancia, Empresa_id, origem, destino, descricao)
VALUES (74, 'ECONOMICO', 'oO -----', '183', 'unidades', '2013-12-17 3:46', '48 Km', 68, 347, 348, 'Transportar 183 unidades, usando o serviço ECONOMICO.');

INSERT INTO Servico(id, tipoServico, tipoCarga, quantidadeCarga, unidadeCarga, dataPedido, distancia, Empresa_id, origem, destino, descricao)
VALUES (75, 'NORMAL', 'oO -----', '892', 'kilogramas', '2013-4-30 20:38', '65 Km', 66, 349, 350, 'Transportar 892 kilogramas, usando o serviço NORMAL.');

INSERT INTO Servico(id, tipoServico, tipoCarga, quantidadeCarga, unidadeCarga, dataPedido, distancia, Empresa_id, origem, destino, descricao)
VALUES (76, 'ECONOMICO', 'oO -----', '588', 'unidades', '2013-3-31 18:1', '58 Km', 9, 351, 352, 'Transportar 588 unidades, usando o serviço ECONOMICO.');

INSERT INTO Servico(id, tipoServico, tipoCarga, quantidadeCarga, unidadeCarga, dataPedido, distancia, Empresa_id, origem, destino, descricao)
VALUES (77, 'ECONOMICO', 'oO -----', '709', 'cabeças', '2013-7-13 17:29', '39 Km', 65, 353, 354, 'Transportar 709 cabeças, usando o serviço ECONOMICO.');

INSERT INTO Servico(id, tipoServico, tipoCarga, quantidadeCarga, unidadeCarga, dataPedido, distancia, Empresa_id, origem, destino, descricao)
VALUES (78, 'ECONOMICO', 'oO -----', '675', 'gramas', '2013-1-2 16:17', '51 Km', 70, 355, 356, 'Transportar 675 gramas, usando o serviço ECONOMICO.');

INSERT INTO Servico(id, tipoServico, tipoCarga, quantidadeCarga, unidadeCarga, dataPedido, distancia, Empresa_id, origem, destino, descricao)
VALUES (79, 'ECONOMICO', 'oO -----', '440', 'cabeças', '2013-3-2 5:7', '53 Km', 26, 357, 358, 'Transportar 440 cabeças, usando o serviço ECONOMICO.');

INSERT INTO Servico(id, tipoServico, tipoCarga, quantidadeCarga, unidadeCarga, dataPedido, distancia, Empresa_id, origem, destino, descricao)
VALUES (80, 'ECONOMICO', 'oO -----', '479', 'gramas', '2013-5-14 10:32', '52 Km', 15, 359, 360, 'Transportar 479 gramas, usando o serviço ECONOMICO.');

INSERT INTO Servico(id, tipoServico, tipoCarga, quantidadeCarga, unidadeCarga, dataPedido, distancia, Empresa_id, origem, destino, descricao)
VALUES (81, 'ECONOMICO', 'oO -----', '861', 'cabeças', '2013-7-31 16:8', '59 Km', 34, 361, 362, 'Transportar 861 cabeças, usando o serviço ECONOMICO.');

INSERT INTO Servico(id, tipoServico, tipoCarga, quantidadeCarga, unidadeCarga, dataPedido, distancia, Empresa_id, origem, destino, descricao)
VALUES (82, 'NORMAL', 'oO -----', '197', 'gramas', '2013-9-21 4:50', '15 Km', 42, 363, 364, 'Transportar 197 gramas, usando o serviço NORMAL.');

INSERT INTO Servico(id, tipoServico, tipoCarga, quantidadeCarga, unidadeCarga, dataPedido, distancia, Empresa_id, origem, destino, descricao)
VALUES (83, 'NORMAL', 'oO -----', '891', 'kilogramas', '2013-4-21 6:4', '24 Km', 34, 365, 366, 'Transportar 891 kilogramas, usando o serviço NORMAL.');

INSERT INTO Servico(id, tipoServico, tipoCarga, quantidadeCarga, unidadeCarga, dataPedido, distancia, Empresa_id, origem, destino, descricao)
VALUES (84, 'NORMAL', 'oO -----', '664', 'kilogramas', '2013-3-16 1:2', '69 Km', 4, 367, 368, 'Transportar 664 kilogramas, usando o serviço NORMAL.');

INSERT INTO Servico(id, tipoServico, tipoCarga, quantidadeCarga, unidadeCarga, dataPedido, distancia, Empresa_id, origem, destino, descricao)
VALUES (85, 'ECONOMICO', 'oO -----', '233', 'kilogramas', '2013-9-26 16:2', '17 Km', 23, 369, 370, 'Transportar 233 kilogramas, usando o serviço ECONOMICO.');

INSERT INTO Servico(id, tipoServico, tipoCarga, quantidadeCarga, unidadeCarga, dataPedido, distancia, Empresa_id, origem, destino, descricao)
VALUES (86, 'ECONOMICO', 'oO -----', '160', 'cabeças', '2013-4-9 1:42', '10 Km', 19, 371, 372, 'Transportar 160 cabeças, usando o serviço ECONOMICO.');

INSERT INTO Servico(id, tipoServico, tipoCarga, quantidadeCarga, unidadeCarga, dataPedido, distancia, Empresa_id, origem, destino, descricao)
VALUES (87, 'EXPRESSO', 'oO -----', '877', 'gramas', '2013-3-1 20:50', '26 Km', 60, 373, 374, 'Transportar 877 gramas, usando o serviço EXPRESSO.');

INSERT INTO Servico(id, tipoServico, tipoCarga, quantidadeCarga, unidadeCarga, dataPedido, distancia, Empresa_id, origem, destino, descricao)
VALUES (88, 'EXPRESSO', 'oO -----', '452', 'kilogramas', '2013-2-8 0:35', '29 Km', 79, 375, 376, 'Transportar 452 kilogramas, usando o serviço EXPRESSO.');

INSERT INTO Servico(id, tipoServico, tipoCarga, quantidadeCarga, unidadeCarga, dataPedido, distancia, Empresa_id, origem, destino, descricao)
VALUES (89, 'ECONOMICO', 'oO -----', '217', 'unidades', '2013-3-19 13:45', '37 Km', 19, 377, 378, 'Transportar 217 unidades, usando o serviço ECONOMICO.');

INSERT INTO Servico(id, tipoServico, tipoCarga, quantidadeCarga, unidadeCarga, dataPedido, distancia, Empresa_id, origem, destino, descricao)
VALUES (90, 'EXPRESSO', 'oO -----', '367', 'cabeças', '2013-4-6 19:54', '14 Km', 87, 379, 380, 'Transportar 367 cabeças, usando o serviço EXPRESSO.');

INSERT INTO Servico(id, tipoServico, tipoCarga, quantidadeCarga, unidadeCarga, dataPedido, distancia, Empresa_id, origem, destino, descricao)
VALUES (91, 'EXPRESSO', 'oO -----', '658', 'cabeças', '2013-8-25 19:56', '30 Km', 98, 381, 382, 'Transportar 658 cabeças, usando o serviço EXPRESSO.');

INSERT INTO Servico(id, tipoServico, tipoCarga, quantidadeCarga, unidadeCarga, dataPedido, distancia, Empresa_id, origem, destino, descricao)
VALUES (92, 'EXPRESSO', 'oO -----', '558', 'kilogramas', '2013-1-20 4:11', '50 Km', 18, 383, 384, 'Transportar 558 kilogramas, usando o serviço EXPRESSO.');

INSERT INTO Servico(id, tipoServico, tipoCarga, quantidadeCarga, unidadeCarga, dataPedido, distancia, Empresa_id, origem, destino, descricao)
VALUES (93, 'EXPRESSO', 'oO -----', '573', 'gramas', '2013-5-28 9:15', '41 Km', 58, 385, 386, 'Transportar 573 gramas, usando o serviço EXPRESSO.');

INSERT INTO Servico(id, tipoServico, tipoCarga, quantidadeCarga, unidadeCarga, dataPedido, distancia, Empresa_id, origem, destino, descricao)
VALUES (94, 'NORMAL', 'oO -----', '809', 'unidades', '2013-12-30 18:6', '51 Km', 87, 387, 388, 'Transportar 809 unidades, usando o serviço NORMAL.');

INSERT INTO Servico(id, tipoServico, tipoCarga, quantidadeCarga, unidadeCarga, dataPedido, distancia, Empresa_id, origem, destino, descricao)
VALUES (95, 'ECONOMICO', 'oO -----', '156', 'cabeças', '2013-8-28 13:49', '8 Km', 21, 389, 390, 'Transportar 156 cabeças, usando o serviço ECONOMICO.');

INSERT INTO Servico(id, tipoServico, tipoCarga, quantidadeCarga, unidadeCarga, dataPedido, distancia, Empresa_id, origem, destino, descricao)
VALUES (96, 'ECONOMICO', 'oO -----', '924', 'gramas', '2013-12-29 15:44', '13 Km', 6, 391, 392, 'Transportar 924 gramas, usando o serviço ECONOMICO.');

INSERT INTO Servico(id, tipoServico, tipoCarga, quantidadeCarga, unidadeCarga, dataPedido, distancia, Empresa_id, origem, destino, descricao)
VALUES (97, 'ECONOMICO', 'oO -----', '134', 'unidades', '2013-10-4 11:36', '55 Km', 40, 393, 394, 'Transportar 134 unidades, usando o serviço ECONOMICO.');

INSERT INTO Servico(id, tipoServico, tipoCarga, quantidadeCarga, unidadeCarga, dataPedido, distancia, Empresa_id, origem, destino, descricao)
VALUES (98, 'EXPRESSO', 'oO -----', '648', 'gramas', '2013-8-20 6:25', '52 Km', 24, 395, 396, 'Transportar 648 gramas, usando o serviço EXPRESSO.');

INSERT INTO Servico(id, tipoServico, tipoCarga, quantidadeCarga, unidadeCarga, dataPedido, distancia, Empresa_id, origem, destino, descricao)
VALUES (99, 'NORMAL', 'oO -----', '534', 'kilogramas', '2013-7-17 9:58', '52 Km', 25, 397, 398, 'Transportar 534 kilogramas, usando o serviço NORMAL.');

INSERT INTO Servico(id, tipoServico, tipoCarga, quantidadeCarga, unidadeCarga, dataPedido, distancia, Empresa_id, origem, destino, descricao)
VALUES (100, 'EXPRESSO', 'oO -----', '739', 'cabeças', '2013-4-11 15:46', '16 Km', 9, 399, 400, 'Transportar 739 cabeças, usando o serviço EXPRESSO.');

