-- Popula a tabela TipoCarga
-- Abaixo estão listados 10 tipos.

INSERT INTO TipoCarga(id, nome)
VALUES (1, 'Madeira');

INSERT INTO TipoCarga(id, nome)
VALUES (2, 'Eletrônicos');

INSERT INTO TipoCarga(id, nome)
VALUES (3, 'Químicos');

INSERT INTO TipoCarga(id, nome)
VALUES (4, 'Animais Terrestres');

INSERT INTO TipoCarga(id, nome)
VALUES (5, 'Animais Aquáticos');

INSERT INTO TipoCarga(id, nome)
VALUES (6, 'Pneus');

INSERT INTO TipoCarga(id, nome)
VALUES (7, 'Carros');

INSERT INTO TipoCarga(id, nome)
VALUES (8, 'Máquinas');

INSERT INTO TipoCarga(id, nome)
VALUES (9, 'Alimentos');

INSERT INTO TipoCarga(id, nome)
VALUES (10, 'Mobília');

INSERT INTO veiculo(id, placa, modelo)
VALUES (1, 'BWV-2751', 'Mercedes 710');

INSERT INTO veiculo(id, placa, modelo)
VALUES (2, 'GZB-2752', 'Volvo FH 460');

INSERT INTO veiculo(id, placa, modelo)
VALUES (3, 'KKE-2753', 'Mercedes Accelo 815');

INSERT INTO veiculo(id, placa, modelo)
VALUES (4, 'ESB-2754', 'Volks 9150');

INSERT INTO veiculo(id, placa, modelo)
VALUES (5, 'JJG-2755', 'Mercedes 710');

INSERT INTO veiculo(id, placa, modelo)
VALUES (6, 'YQD-2756', 'Volvo VM 260');

INSERT INTO veiculo(id, placa, modelo)
VALUES (7, 'SVO-2757', 'Volvo VM 260');

INSERT INTO veiculo(id, placa, modelo)
VALUES (8, 'BIN-2758', 'Volks 13180');

INSERT INTO veiculo(id, placa, modelo)
VALUES (9, 'GSW-2759', 'Volks 8150');

INSERT INTO veiculo(id, placa, modelo)
VALUES (10, 'TFU-2760', 'Mercedes Accelo 815');

INSERT INTO veiculo(id, placa, modelo)
VALUES (11, 'JDN-2761', 'Mercedes Accelo 815');

INSERT INTO veiculo(id, placa, modelo)
VALUES (12, 'ZOV-2762', 'Mercedes Accelo 815');

INSERT INTO veiculo(id, placa, modelo)
VALUES (13, 'OKI-2763', 'Mercedes 710');

INSERT INTO veiculo(id, placa, modelo)
VALUES (14, 'VZO-2764', 'Mercedes Accelo 815');

INSERT INTO veiculo(id, placa, modelo)
VALUES (15, 'UXT-2765', 'Volvo FH 460');

INSERT INTO veiculo(id, placa, modelo)
VALUES (16, 'VOF-2766', 'Scania R440');

INSERT INTO veiculo(id, placa, modelo)
VALUES (17, 'PYD-2767', 'Volks 13180');

INSERT INTO veiculo(id, placa, modelo)
VALUES (18, 'ZGV-2768', 'Scania R440');

INSERT INTO veiculo(id, placa, modelo)
VALUES (19, 'CTH-2769', 'Volks 8150');

INSERT INTO veiculo(id, placa, modelo)
VALUES (20, 'DUZ-2770', 'Volks 8150');

INSERT INTO veiculo(id, placa, modelo)
VALUES (21, 'XXX-2771', 'Volvo FH 460');

INSERT INTO veiculo(id, placa, modelo)
VALUES (22, 'BGS-2772', 'Scania R440');

INSERT INTO veiculo(id, placa, modelo)
VALUES (23, 'VTF-2773', 'Mercedes Accelo 815');

INSERT INTO veiculo(id, placa, modelo)
VALUES (24, 'AYS-2774', 'Scania R440');

INSERT INTO veiculo(id, placa, modelo)
VALUES (25, 'ZAY-2775', 'Mercedes 710');

INSERT INTO veiculo(id, placa, modelo)
VALUES (26, 'NWJ-2776', 'Mercedes Accelo 815');

INSERT INTO veiculo(id, placa, modelo)
VALUES (27, 'WQN-2777', 'Mercedes Atego 2425');

INSERT INTO veiculo(id, placa, modelo)
VALUES (28, 'LHM-2778', 'Mercedes Accelo 815');

INSERT INTO veiculo(id, placa, modelo)
VALUES (29, 'RWF-2779', 'Volks 8150');

INSERT INTO veiculo(id, placa, modelo)
VALUES (30, 'BGL-2780', 'Volks 24250');

INSERT INTO veiculo(id, placa, modelo)
VALUES (31, 'OLR-2781', 'Scania R440');

INSERT INTO veiculo(id, placa, modelo)
VALUES (32, 'WGY-2782', 'Volvo VM 260');

INSERT INTO veiculo(id, placa, modelo)
VALUES (33, 'PGN-2783', 'Volks 8150');

INSERT INTO veiculo(id, placa, modelo)
VALUES (34, 'NTA-2784', 'Volks 8150');

INSERT INTO veiculo(id, placa, modelo)
VALUES (35, 'MEB-2785', 'Volks 24250');

INSERT INTO veiculo(id, placa, modelo)
VALUES (36, 'LAB-2786', 'Mercedes Atego 2425');

INSERT INTO veiculo(id, placa, modelo)
VALUES (37, 'ZID-2787', 'Volks 8150');

INSERT INTO veiculo(id, placa, modelo)
VALUES (38, 'XJD-2788', 'Volvo FH 460');

INSERT INTO veiculo(id, placa, modelo)
VALUES (39, 'EGX-2789', 'Volks 8150');

INSERT INTO veiculo(id, placa, modelo)
VALUES (40, 'DXX-2790', 'Mercedes 710');

INSERT INTO veiculo(id, placa, modelo)
VALUES (41, 'FIO-2791', 'Mercedes Accelo 815');

INSERT INTO veiculo(id, placa, modelo)
VALUES (42, 'LMF-2792', 'Volvo FH 460');

INSERT INTO veiculo(id, placa, modelo)
VALUES (43, 'LVH-2793', 'Volks 8150');

INSERT INTO veiculo(id, placa, modelo)
VALUES (44, 'GNT-2794', 'Mercedes Accelo 815');

INSERT INTO veiculo(id, placa, modelo)
VALUES (45, 'BLA-2795', 'Volks 9150');

INSERT INTO veiculo(id, placa, modelo)
VALUES (46, 'PXX-2796', 'Volks 24250');

INSERT INTO veiculo(id, placa, modelo)
VALUES (47, 'EFH-2797', 'Scania R440');

INSERT INTO veiculo(id, placa, modelo)
VALUES (48, 'QIR-2798', 'Volks 9150');

INSERT INTO veiculo(id, placa, modelo)
VALUES (49, 'DUH-2799', 'Mercedes 710');

INSERT INTO veiculo(id, placa, modelo)
VALUES (50, 'SVQ-2800', 'Volks 9150');

INSERT INTO veiculo(id, placa, modelo)
VALUES (51, 'BFI-2801', 'Volks 24250');

INSERT INTO veiculo(id, placa, modelo)
VALUES (52, 'TZS-2802', 'Mercedes Atego 2425');

INSERT INTO veiculo(id, placa, modelo)
VALUES (53, 'UHX-2803', 'Volks 9150');

INSERT INTO veiculo(id, placa, modelo)
VALUES (54, 'JTV-2804', 'Volks 13180');

INSERT INTO veiculo(id, placa, modelo)
VALUES (55, 'NIK-2805', 'Volks 9150');

INSERT INTO veiculo(id, placa, modelo)
VALUES (56, 'JEK-2806', 'Volks 13180');

INSERT INTO veiculo(id, placa, modelo)
VALUES (57, 'IMC-2807', 'Scania R440');

INSERT INTO veiculo(id, placa, modelo)
VALUES (58, 'OVR-2808', 'Mercedes 710');

INSERT INTO veiculo(id, placa, modelo)
VALUES (59, 'CDG-2809', 'Volks 24250');

INSERT INTO veiculo(id, placa, modelo)
VALUES (60, 'IAK-2810', 'Volks 24250');

INSERT INTO veiculo(id, placa, modelo)
VALUES (61, 'BXN-2811', 'Scania R440');

INSERT INTO veiculo(id, placa, modelo)
VALUES (62, 'VRJ-2812', 'Mercedes Accelo 815');

INSERT INTO veiculo(id, placa, modelo)
VALUES (63, 'RLI-2813', 'Volvo VM 260');

INSERT INTO veiculo(id, placa, modelo)
VALUES (64, 'SWS-2814', 'Mercedes Accelo 815');

INSERT INTO veiculo(id, placa, modelo)
VALUES (65, 'QLQ-2815', 'Scania R440');

INSERT INTO veiculo(id, placa, modelo)
VALUES (66, 'AUZ-2816', 'Volks 9150');

INSERT INTO veiculo(id, placa, modelo)
VALUES (67, 'ZTT-2817', 'Volks 9150');

INSERT INTO veiculo(id, placa, modelo)
VALUES (68, 'SUW-2818', 'Volvo FH 460');

INSERT INTO veiculo(id, placa, modelo)
VALUES (69, 'YYN-2819', 'Volks 8150');

INSERT INTO veiculo(id, placa, modelo)
VALUES (70, 'NQT-2820', 'Volvo FH 460');

INSERT INTO veiculo(id, placa, modelo)
VALUES (71, 'XQF-2821', 'Volks 13180');

INSERT INTO veiculo(id, placa, modelo)
VALUES (72, 'MGN-2822', 'Volks 24250');

INSERT INTO veiculo(id, placa, modelo)
VALUES (73, 'DXC-2823', 'Mercedes Atego 2425');

INSERT INTO veiculo(id, placa, modelo)
VALUES (74, 'JDR-2824', 'Volvo FH 460');

INSERT INTO veiculo(id, placa, modelo)
VALUES (75, 'MDA-2825', 'Volks 13180');

INSERT INTO veiculo(id, placa, modelo)
VALUES (76, 'LQZ-2826', 'Volks 8150');

INSERT INTO veiculo(id, placa, modelo)
VALUES (77, 'YND-2827', 'Volks 13180');

INSERT INTO veiculo(id, placa, modelo)
VALUES (78, 'KNZ-2828', 'Volks 9150');

INSERT INTO veiculo(id, placa, modelo)
VALUES (79, 'HEJ-2829', 'Mercedes Accelo 815');

INSERT INTO veiculo(id, placa, modelo)
VALUES (80, 'LGK-2830', 'Volvo FH 460');

INSERT INTO veiculo(id, placa, modelo)
VALUES (81, 'TBZ-2831', 'Mercedes Accelo 815');

INSERT INTO veiculo(id, placa, modelo)
VALUES (82, 'UEO-2832', 'Volvo FH 460');

INSERT INTO veiculo(id, placa, modelo)
VALUES (83, 'ZKC-2833', 'Volvo FH 460');

INSERT INTO veiculo(id, placa, modelo)
VALUES (84, 'ION-2834', 'Volks 24250');

INSERT INTO veiculo(id, placa, modelo)
VALUES (85, 'OON-2835', 'Volks 13180');

INSERT INTO veiculo(id, placa, modelo)
VALUES (86, 'ASR-2836', 'Mercedes 710');

INSERT INTO veiculo(id, placa, modelo)
VALUES (87, 'TLP-2837', 'Volks 13180');

INSERT INTO veiculo(id, placa, modelo)
VALUES (88, 'KNW-2838', 'Volks 8150');

INSERT INTO veiculo(id, placa, modelo)
VALUES (89, 'LCZ-2839', 'Volks 13180');

INSERT INTO veiculo(id, placa, modelo)
VALUES (90, 'AWN-2840', 'Volvo FH 460');

INSERT INTO veiculo(id, placa, modelo)
VALUES (91, 'LMR-2841', 'Volvo VM 260');

INSERT INTO veiculo(id, placa, modelo)
VALUES (92, 'XPH-2842', 'Volks 24250');

INSERT INTO veiculo(id, placa, modelo)
VALUES (93, 'HLG-2843', 'Scania R440');

INSERT INTO veiculo(id, placa, modelo)
VALUES (94, 'DMX-2844', 'Volks 13180');

INSERT INTO veiculo(id, placa, modelo)
VALUES (95, 'BKL-2845', 'Volks 13180');

INSERT INTO veiculo(id, placa, modelo)
VALUES (96, 'MUO-2846', 'Volvo VM 260');

INSERT INTO veiculo(id, placa, modelo)
VALUES (97, 'NRP-2847', 'Scania R440');

INSERT INTO veiculo(id, placa, modelo)
VALUES (98, 'OXE-2848', 'Volks 9150');

INSERT INTO veiculo(id, placa, modelo)
VALUES (99, 'MMU-2849', 'Volks 9150');

INSERT INTO veiculo(id, placa, modelo)
VALUES (100, 'HNQ-2850', 'Volks 24250');

-- Popula a tabela VeiculoTipoCarga.

INSERT INTO VeiculoTipoCarga(Veiculo_id, TipoCarga_id)
VALUES (1, 1);

INSERT INTO VeiculoTipoCarga(Veiculo_id, TipoCarga_id)
VALUES (1, 2);

INSERT INTO VeiculoTipoCarga(Veiculo_id, TipoCarga_id)
VALUES (1, 3);

INSERT INTO VeiculoTipoCarga(Veiculo_id, TipoCarga_id)
VALUES (2, 6);

INSERT INTO VeiculoTipoCarga(Veiculo_id, TipoCarga_id)
VALUES (3, 8);

INSERT INTO VeiculoTipoCarga(Veiculo_id, TipoCarga_id)
VALUES (4, 3);

INSERT INTO VeiculoTipoCarga(Veiculo_id, TipoCarga_id)
VALUES (4, 4);

INSERT INTO VeiculoTipoCarga(Veiculo_id, TipoCarga_id)
VALUES (5, 1);

INSERT INTO VeiculoTipoCarga(Veiculo_id, TipoCarga_id)
VALUES (5, 2);

INSERT INTO VeiculoTipoCarga(Veiculo_id, TipoCarga_id)
VALUES (6, 6);

INSERT INTO VeiculoTipoCarga(Veiculo_id, TipoCarga_id)
VALUES (7, 2);

INSERT INTO VeiculoTipoCarga(Veiculo_id, TipoCarga_id)
VALUES (7, 3);

INSERT INTO VeiculoTipoCarga(Veiculo_id, TipoCarga_id)
VALUES (8, 1);

INSERT INTO VeiculoTipoCarga(Veiculo_id, TipoCarga_id)
VALUES (8, 2);

INSERT INTO VeiculoTipoCarga(Veiculo_id, TipoCarga_id)
VALUES (9, 5);

INSERT INTO VeiculoTipoCarga(Veiculo_id, TipoCarga_id)
VALUES (10, 5);

INSERT INTO VeiculoTipoCarga(Veiculo_id, TipoCarga_id)
VALUES (10, 6);

INSERT INTO VeiculoTipoCarga(Veiculo_id, TipoCarga_id)
VALUES (10, 7);

INSERT INTO VeiculoTipoCarga(Veiculo_id, TipoCarga_id)
VALUES (11, 4);

INSERT INTO VeiculoTipoCarga(Veiculo_id, TipoCarga_id)
VALUES (11, 5);

INSERT INTO VeiculoTipoCarga(Veiculo_id, TipoCarga_id)
VALUES (12, 2);

INSERT INTO VeiculoTipoCarga(Veiculo_id, TipoCarga_id)
VALUES (12, 3);

INSERT INTO VeiculoTipoCarga(Veiculo_id, TipoCarga_id)
VALUES (13, 3);

INSERT INTO VeiculoTipoCarga(Veiculo_id, TipoCarga_id)
VALUES (13, 4);

INSERT INTO VeiculoTipoCarga(Veiculo_id, TipoCarga_id)
VALUES (13, 5);

INSERT INTO VeiculoTipoCarga(Veiculo_id, TipoCarga_id)
VALUES (14, 5);

INSERT INTO VeiculoTipoCarga(Veiculo_id, TipoCarga_id)
VALUES (14, 6);

INSERT INTO VeiculoTipoCarga(Veiculo_id, TipoCarga_id)
VALUES (15, 3);

INSERT INTO VeiculoTipoCarga(Veiculo_id, TipoCarga_id)
VALUES (16, 1);

INSERT INTO VeiculoTipoCarga(Veiculo_id, TipoCarga_id)
VALUES (16, 2);

INSERT INTO VeiculoTipoCarga(Veiculo_id, TipoCarga_id)
VALUES (17, 5);

INSERT INTO VeiculoTipoCarga(Veiculo_id, TipoCarga_id)
VALUES (18, 5);

INSERT INTO VeiculoTipoCarga(Veiculo_id, TipoCarga_id)
VALUES (18, 6);

INSERT INTO VeiculoTipoCarga(Veiculo_id, TipoCarga_id)
VALUES (18, 7);

INSERT INTO VeiculoTipoCarga(Veiculo_id, TipoCarga_id)
VALUES (19, 4);

INSERT INTO VeiculoTipoCarga(Veiculo_id, TipoCarga_id)
VALUES (19, 5);

INSERT INTO VeiculoTipoCarga(Veiculo_id, TipoCarga_id)
VALUES (19, 6);

INSERT INTO VeiculoTipoCarga(Veiculo_id, TipoCarga_id)
VALUES (20, 8);

INSERT INTO VeiculoTipoCarga(Veiculo_id, TipoCarga_id)
VALUES (20, 9);

INSERT INTO VeiculoTipoCarga(Veiculo_id, TipoCarga_id)
VALUES (21, 8);

INSERT INTO VeiculoTipoCarga(Veiculo_id, TipoCarga_id)
VALUES (22, 1);

INSERT INTO VeiculoTipoCarga(Veiculo_id, TipoCarga_id)
VALUES (22, 2);

INSERT INTO VeiculoTipoCarga(Veiculo_id, TipoCarga_id)
VALUES (22, 3);

INSERT INTO VeiculoTipoCarga(Veiculo_id, TipoCarga_id)
VALUES (23, 3);

INSERT INTO VeiculoTipoCarga(Veiculo_id, TipoCarga_id)
VALUES (24, 7);

INSERT INTO VeiculoTipoCarga(Veiculo_id, TipoCarga_id)
VALUES (24, 8);

INSERT INTO VeiculoTipoCarga(Veiculo_id, TipoCarga_id)
VALUES (24, 9);

INSERT INTO VeiculoTipoCarga(Veiculo_id, TipoCarga_id)
VALUES (25, 7);

INSERT INTO VeiculoTipoCarga(Veiculo_id, TipoCarga_id)
VALUES (25, 8);

INSERT INTO VeiculoTipoCarga(Veiculo_id, TipoCarga_id)
VALUES (25, 9);

INSERT INTO VeiculoTipoCarga(Veiculo_id, TipoCarga_id)
VALUES (26, 8);

INSERT INTO VeiculoTipoCarga(Veiculo_id, TipoCarga_id)
VALUES (27, 1);

INSERT INTO VeiculoTipoCarga(Veiculo_id, TipoCarga_id)
VALUES (27, 2);

INSERT INTO VeiculoTipoCarga(Veiculo_id, TipoCarga_id)
VALUES (28, 2);

INSERT INTO VeiculoTipoCarga(Veiculo_id, TipoCarga_id)
VALUES (29, 2);

INSERT INTO VeiculoTipoCarga(Veiculo_id, TipoCarga_id)
VALUES (29, 3);

INSERT INTO VeiculoTipoCarga(Veiculo_id, TipoCarga_id)
VALUES (30, 2);

INSERT INTO VeiculoTipoCarga(Veiculo_id, TipoCarga_id)
VALUES (30, 3);

INSERT INTO VeiculoTipoCarga(Veiculo_id, TipoCarga_id)
VALUES (30, 4);

INSERT INTO VeiculoTipoCarga(Veiculo_id, TipoCarga_id)
VALUES (31, 7);

INSERT INTO VeiculoTipoCarga(Veiculo_id, TipoCarga_id)
VALUES (32, 6);

INSERT INTO VeiculoTipoCarga(Veiculo_id, TipoCarga_id)
VALUES (33, 2);

INSERT INTO VeiculoTipoCarga(Veiculo_id, TipoCarga_id)
VALUES (34, 3);

INSERT INTO VeiculoTipoCarga(Veiculo_id, TipoCarga_id)
VALUES (35, 4);

INSERT INTO VeiculoTipoCarga(Veiculo_id, TipoCarga_id)
VALUES (35, 5);

INSERT INTO VeiculoTipoCarga(Veiculo_id, TipoCarga_id)
VALUES (36, 7);

INSERT INTO VeiculoTipoCarga(Veiculo_id, TipoCarga_id)
VALUES (37, 2);

INSERT INTO VeiculoTipoCarga(Veiculo_id, TipoCarga_id)
VALUES (37, 3);

INSERT INTO VeiculoTipoCarga(Veiculo_id, TipoCarga_id)
VALUES (37, 4);

INSERT INTO VeiculoTipoCarga(Veiculo_id, TipoCarga_id)
VALUES (38, 1);

INSERT INTO VeiculoTipoCarga(Veiculo_id, TipoCarga_id)
VALUES (38, 2);

INSERT INTO VeiculoTipoCarga(Veiculo_id, TipoCarga_id)
VALUES (39, 2);

INSERT INTO VeiculoTipoCarga(Veiculo_id, TipoCarga_id)
VALUES (39, 3);

INSERT INTO VeiculoTipoCarga(Veiculo_id, TipoCarga_id)
VALUES (39, 4);

INSERT INTO VeiculoTipoCarga(Veiculo_id, TipoCarga_id)
VALUES (40, 7);

INSERT INTO VeiculoTipoCarga(Veiculo_id, TipoCarga_id)
VALUES (41, 5);

INSERT INTO VeiculoTipoCarga(Veiculo_id, TipoCarga_id)
VALUES (41, 6);

INSERT INTO VeiculoTipoCarga(Veiculo_id, TipoCarga_id)
VALUES (42, 4);

INSERT INTO VeiculoTipoCarga(Veiculo_id, TipoCarga_id)
VALUES (42, 5);

INSERT INTO VeiculoTipoCarga(Veiculo_id, TipoCarga_id)
VALUES (42, 6);

INSERT INTO VeiculoTipoCarga(Veiculo_id, TipoCarga_id)
VALUES (43, 6);

INSERT INTO VeiculoTipoCarga(Veiculo_id, TipoCarga_id)
VALUES (43, 7);

INSERT INTO VeiculoTipoCarga(Veiculo_id, TipoCarga_id)
VALUES (44, 2);

INSERT INTO VeiculoTipoCarga(Veiculo_id, TipoCarga_id)
VALUES (44, 3);

INSERT INTO VeiculoTipoCarga(Veiculo_id, TipoCarga_id)
VALUES (45, 1);

INSERT INTO VeiculoTipoCarga(Veiculo_id, TipoCarga_id)
VALUES (45, 2);

INSERT INTO VeiculoTipoCarga(Veiculo_id, TipoCarga_id)
VALUES (45, 3);

INSERT INTO VeiculoTipoCarga(Veiculo_id, TipoCarga_id)
VALUES (46, 3);

INSERT INTO VeiculoTipoCarga(Veiculo_id, TipoCarga_id)
VALUES (47, 6);

INSERT INTO VeiculoTipoCarga(Veiculo_id, TipoCarga_id)
VALUES (48, 3);

INSERT INTO VeiculoTipoCarga(Veiculo_id, TipoCarga_id)
VALUES (48, 4);

INSERT INTO VeiculoTipoCarga(Veiculo_id, TipoCarga_id)
VALUES (48, 5);

INSERT INTO VeiculoTipoCarga(Veiculo_id, TipoCarga_id)
VALUES (49, 1);

INSERT INTO VeiculoTipoCarga(Veiculo_id, TipoCarga_id)
VALUES (50, 6);

INSERT INTO VeiculoTipoCarga(Veiculo_id, TipoCarga_id)
VALUES (50, 7);

INSERT INTO VeiculoTipoCarga(Veiculo_id, TipoCarga_id)
VALUES (50, 8);

INSERT INTO VeiculoTipoCarga(Veiculo_id, TipoCarga_id)
VALUES (51, 1);

INSERT INTO VeiculoTipoCarga(Veiculo_id, TipoCarga_id)
VALUES (52, 8);

INSERT INTO VeiculoTipoCarga(Veiculo_id, TipoCarga_id)
VALUES (53, 2);

INSERT INTO VeiculoTipoCarga(Veiculo_id, TipoCarga_id)
VALUES (53, 3);

INSERT INTO VeiculoTipoCarga(Veiculo_id, TipoCarga_id)
VALUES (54, 7);

INSERT INTO VeiculoTipoCarga(Veiculo_id, TipoCarga_id)
VALUES (54, 8);

INSERT INTO VeiculoTipoCarga(Veiculo_id, TipoCarga_id)
VALUES (55, 6);

INSERT INTO VeiculoTipoCarga(Veiculo_id, TipoCarga_id)
VALUES (55, 7);

INSERT INTO VeiculoTipoCarga(Veiculo_id, TipoCarga_id)
VALUES (56, 3);

INSERT INTO VeiculoTipoCarga(Veiculo_id, TipoCarga_id)
VALUES (56, 4);

INSERT INTO VeiculoTipoCarga(Veiculo_id, TipoCarga_id)
VALUES (57, 7);

INSERT INTO VeiculoTipoCarga(Veiculo_id, TipoCarga_id)
VALUES (58, 3);

INSERT INTO VeiculoTipoCarga(Veiculo_id, TipoCarga_id)
VALUES (58, 4);

INSERT INTO VeiculoTipoCarga(Veiculo_id, TipoCarga_id)
VALUES (59, 8);

INSERT INTO VeiculoTipoCarga(Veiculo_id, TipoCarga_id)
VALUES (60, 8);

INSERT INTO VeiculoTipoCarga(Veiculo_id, TipoCarga_id)
VALUES (60, 9);

INSERT INTO VeiculoTipoCarga(Veiculo_id, TipoCarga_id)
VALUES (61, 1);

INSERT INTO VeiculoTipoCarga(Veiculo_id, TipoCarga_id)
VALUES (62, 6);

INSERT INTO VeiculoTipoCarga(Veiculo_id, TipoCarga_id)
VALUES (62, 7);

INSERT INTO VeiculoTipoCarga(Veiculo_id, TipoCarga_id)
VALUES (63, 4);

INSERT INTO VeiculoTipoCarga(Veiculo_id, TipoCarga_id)
VALUES (63, 5);

INSERT INTO VeiculoTipoCarga(Veiculo_id, TipoCarga_id)
VALUES (64, 5);

INSERT INTO VeiculoTipoCarga(Veiculo_id, TipoCarga_id)
VALUES (64, 6);

INSERT INTO VeiculoTipoCarga(Veiculo_id, TipoCarga_id)
VALUES (65, 3);

INSERT INTO VeiculoTipoCarga(Veiculo_id, TipoCarga_id)
VALUES (65, 4);

INSERT INTO VeiculoTipoCarga(Veiculo_id, TipoCarga_id)
VALUES (66, 4);

INSERT INTO VeiculoTipoCarga(Veiculo_id, TipoCarga_id)
VALUES (66, 5);

INSERT INTO VeiculoTipoCarga(Veiculo_id, TipoCarga_id)
VALUES (67, 8);

INSERT INTO VeiculoTipoCarga(Veiculo_id, TipoCarga_id)
VALUES (67, 9);

INSERT INTO VeiculoTipoCarga(Veiculo_id, TipoCarga_id)
VALUES (67, 10);

INSERT INTO VeiculoTipoCarga(Veiculo_id, TipoCarga_id)
VALUES (68, 2);

INSERT INTO VeiculoTipoCarga(Veiculo_id, TipoCarga_id)
VALUES (68, 3);

INSERT INTO VeiculoTipoCarga(Veiculo_id, TipoCarga_id)
VALUES (68, 4);

INSERT INTO VeiculoTipoCarga(Veiculo_id, TipoCarga_id)
VALUES (69, 6);

INSERT INTO VeiculoTipoCarga(Veiculo_id, TipoCarga_id)
VALUES (69, 7);

INSERT INTO VeiculoTipoCarga(Veiculo_id, TipoCarga_id)
VALUES (69, 8);

INSERT INTO VeiculoTipoCarga(Veiculo_id, TipoCarga_id)
VALUES (70, 3);

INSERT INTO VeiculoTipoCarga(Veiculo_id, TipoCarga_id)
VALUES (70, 4);

INSERT INTO VeiculoTipoCarga(Veiculo_id, TipoCarga_id)
VALUES (70, 5);

INSERT INTO VeiculoTipoCarga(Veiculo_id, TipoCarga_id)
VALUES (71, 5);

INSERT INTO VeiculoTipoCarga(Veiculo_id, TipoCarga_id)
VALUES (71, 6);

INSERT INTO VeiculoTipoCarga(Veiculo_id, TipoCarga_id)
VALUES (71, 7);

INSERT INTO VeiculoTipoCarga(Veiculo_id, TipoCarga_id)
VALUES (72, 5);

INSERT INTO VeiculoTipoCarga(Veiculo_id, TipoCarga_id)
VALUES (72, 6);

INSERT INTO VeiculoTipoCarga(Veiculo_id, TipoCarga_id)
VALUES (73, 4);

INSERT INTO VeiculoTipoCarga(Veiculo_id, TipoCarga_id)
VALUES (73, 5);

INSERT INTO VeiculoTipoCarga(Veiculo_id, TipoCarga_id)
VALUES (73, 6);

INSERT INTO VeiculoTipoCarga(Veiculo_id, TipoCarga_id)
VALUES (74, 8);

INSERT INTO VeiculoTipoCarga(Veiculo_id, TipoCarga_id)
VALUES (74, 9);

INSERT INTO VeiculoTipoCarga(Veiculo_id, TipoCarga_id)
VALUES (75, 3);

INSERT INTO VeiculoTipoCarga(Veiculo_id, TipoCarga_id)
VALUES (75, 4);

INSERT INTO VeiculoTipoCarga(Veiculo_id, TipoCarga_id)
VALUES (76, 4);

INSERT INTO VeiculoTipoCarga(Veiculo_id, TipoCarga_id)
VALUES (77, 3);

INSERT INTO VeiculoTipoCarga(Veiculo_id, TipoCarga_id)
VALUES (77, 4);

INSERT INTO VeiculoTipoCarga(Veiculo_id, TipoCarga_id)
VALUES (78, 2);

INSERT INTO VeiculoTipoCarga(Veiculo_id, TipoCarga_id)
VALUES (79, 3);

INSERT INTO VeiculoTipoCarga(Veiculo_id, TipoCarga_id)
VALUES (80, 8);

INSERT INTO VeiculoTipoCarga(Veiculo_id, TipoCarga_id)
VALUES (80, 9);

INSERT INTO VeiculoTipoCarga(Veiculo_id, TipoCarga_id)
VALUES (80, 10);

INSERT INTO VeiculoTipoCarga(Veiculo_id, TipoCarga_id)
VALUES (81, 8);

INSERT INTO VeiculoTipoCarga(Veiculo_id, TipoCarga_id)
VALUES (82, 1);

INSERT INTO VeiculoTipoCarga(Veiculo_id, TipoCarga_id)
VALUES (82, 2);

INSERT INTO VeiculoTipoCarga(Veiculo_id, TipoCarga_id)
VALUES (82, 3);

INSERT INTO VeiculoTipoCarga(Veiculo_id, TipoCarga_id)
VALUES (83, 5);

INSERT INTO VeiculoTipoCarga(Veiculo_id, TipoCarga_id)
VALUES (83, 6);

INSERT INTO VeiculoTipoCarga(Veiculo_id, TipoCarga_id)
VALUES (83, 7);

INSERT INTO VeiculoTipoCarga(Veiculo_id, TipoCarga_id)
VALUES (84, 6);

INSERT INTO VeiculoTipoCarga(Veiculo_id, TipoCarga_id)
VALUES (85, 4);

INSERT INTO VeiculoTipoCarga(Veiculo_id, TipoCarga_id)
VALUES (86, 1);

INSERT INTO VeiculoTipoCarga(Veiculo_id, TipoCarga_id)
VALUES (86, 2);

INSERT INTO VeiculoTipoCarga(Veiculo_id, TipoCarga_id)
VALUES (87, 2);

INSERT INTO VeiculoTipoCarga(Veiculo_id, TipoCarga_id)
VALUES (88, 3);

INSERT INTO VeiculoTipoCarga(Veiculo_id, TipoCarga_id)
VALUES (89, 6);

INSERT INTO VeiculoTipoCarga(Veiculo_id, TipoCarga_id)
VALUES (90, 2);

INSERT INTO VeiculoTipoCarga(Veiculo_id, TipoCarga_id)
VALUES (90, 3);

INSERT INTO VeiculoTipoCarga(Veiculo_id, TipoCarga_id)
VALUES (91, 7);

INSERT INTO VeiculoTipoCarga(Veiculo_id, TipoCarga_id)
VALUES (92, 1);

INSERT INTO VeiculoTipoCarga(Veiculo_id, TipoCarga_id)
VALUES (93, 5);

INSERT INTO VeiculoTipoCarga(Veiculo_id, TipoCarga_id)
VALUES (93, 6);

INSERT INTO VeiculoTipoCarga(Veiculo_id, TipoCarga_id)
VALUES (93, 7);

INSERT INTO VeiculoTipoCarga(Veiculo_id, TipoCarga_id)
VALUES (94, 6);

INSERT INTO VeiculoTipoCarga(Veiculo_id, TipoCarga_id)
VALUES (94, 7);

INSERT INTO VeiculoTipoCarga(Veiculo_id, TipoCarga_id)
VALUES (94, 8);

INSERT INTO VeiculoTipoCarga(Veiculo_id, TipoCarga_id)
VALUES (95, 3);

INSERT INTO VeiculoTipoCarga(Veiculo_id, TipoCarga_id)
VALUES (95, 4);

INSERT INTO VeiculoTipoCarga(Veiculo_id, TipoCarga_id)
VALUES (95, 5);

INSERT INTO VeiculoTipoCarga(Veiculo_id, TipoCarga_id)
VALUES (96, 3);

INSERT INTO VeiculoTipoCarga(Veiculo_id, TipoCarga_id)
VALUES (96, 4);

INSERT INTO VeiculoTipoCarga(Veiculo_id, TipoCarga_id)
VALUES (96, 5);

INSERT INTO VeiculoTipoCarga(Veiculo_id, TipoCarga_id)
VALUES (97, 5);

INSERT INTO VeiculoTipoCarga(Veiculo_id, TipoCarga_id)
VALUES (98, 6);

INSERT INTO VeiculoTipoCarga(Veiculo_id, TipoCarga_id)
VALUES (98, 7);

INSERT INTO VeiculoTipoCarga(Veiculo_id, TipoCarga_id)
VALUES (98, 8);

INSERT INTO VeiculoTipoCarga(Veiculo_id, TipoCarga_id)
VALUES (99, 1);

INSERT INTO VeiculoTipoCarga(Veiculo_id, TipoCarga_id)
VALUES (100, 2);

INSERT INTO VeiculoTipoCarga(Veiculo_id, TipoCarga_id)
VALUES (100, 3);

INSERT INTO VeiculoTipoCarga(Veiculo_id, TipoCarga_id)
VALUES (100, 4);

-- Popula a tabela Endereco.

INSERT INTO Endereco(id, cep, estado, bairro, rua, numero)
VALUES (1, '91238-475', 'Goiás', 'Mamão', 'Rua 54', '67');

INSERT INTO Endereco(id, cep, estado, bairro, rua, numero)
VALUES (2, '21249-033', 'Alagoas', 'Ciriguela', 'Rua 24', '59');

INSERT INTO Endereco(id, cep, estado, bairro, rua, numero)
VALUES (3, '31250-261', 'Paraíba', 'Tâmara natural', 'Rua 48', '33');

INSERT INTO Endereco(id, cep, estado, bairro, rua, numero)
VALUES (4, '91265-791', 'Mato Grosso', 'Laranja', 'Rua 27', '66');

INSERT INTO Endereco(id, cep, estado, bairro, rua, numero)
VALUES (5, '71279-515', 'Rio Grande do Sul', 'Mirtilo', 'Rua 24', '10');

INSERT INTO Endereco(id, cep, estado, bairro, rua, numero)
VALUES (6, '91284-443', 'São Paulo', 'Pitomba', 'Rua 14', '85');

INSERT INTO Endereco(id, cep, estado, bairro, rua, numero)
VALUES (7, '91292-423', 'Piauí', 'Naranjilla', 'Rua 94', '70');

INSERT INTO Endereco(id, cep, estado, bairro, rua, numero)
VALUES (8, '11300-065', 'Roraima', 'Xixa', 'Rua 92', '88');

INSERT INTO Endereco(id, cep, estado, bairro, rua, numero)
VALUES (9, '21316-519', 'Sergipe', 'Caraguata', 'Rua 51', '56');

INSERT INTO Endereco(id, cep, estado, bairro, rua, numero)
VALUES (10, '41329-198', 'Bahia', 'Laranja valência', 'Rua 60', '51');

INSERT INTO Endereco(id, cep, estado, bairro, rua, numero)
VALUES (11, '11334-567', 'Minas Gerais', 'Babaco', 'Rua 77', '29');

INSERT INTO Endereco(id, cep, estado, bairro, rua, numero)
VALUES (12, '81349-221', 'São Paulo', 'Guabiroba', 'Rua 82', '28');

INSERT INTO Endereco(id, cep, estado, bairro, rua, numero)
VALUES (13, '11357-952', 'Mato Grosso', 'Pinha', 'Rua 50', '51');

INSERT INTO Endereco(id, cep, estado, bairro, rua, numero)
VALUES (14, '91365-473', 'Pará', 'Pitaya', 'Rua 59', '73');

INSERT INTO Endereco(id, cep, estado, bairro, rua, numero)
VALUES (15, '01375-235', 'Rio de Janeiro', 'Coco fresco', 'Rua 51', '77');

INSERT INTO Endereco(id, cep, estado, bairro, rua, numero)
VALUES (16, '61389-512', 'Amapá', 'Achachairu', 'Rua 90', '31');

INSERT INTO Endereco(id, cep, estado, bairro, rua, numero)
VALUES (17, '31390-951', 'Minas Gerais', 'Sapoti', 'Rua 77', '16');

INSERT INTO Endereco(id, cep, estado, bairro, rua, numero)
VALUES (18, '71401-361', 'Pernambuco', 'Guariroba', 'Rua 66', '85');

INSERT INTO Endereco(id, cep, estado, bairro, rua, numero)
VALUES (19, '21410-917', 'Amapá', 'Biriba', 'Rua 40', '80');

INSERT INTO Endereco(id, cep, estado, bairro, rua, numero)
VALUES (20, '21422-632', 'Santa Catarina', 'Durião', 'Rua 18', '64');

INSERT INTO Endereco(id, cep, estado, bairro, rua, numero)
VALUES (21, '61434-417', 'Rondônia', 'Bilimbi', 'Rua 11', '42');

INSERT INTO Endereco(id, cep, estado, bairro, rua, numero)
VALUES (22, '41445-455', 'Acre', 'Avelã', 'Rua 27', '50');

INSERT INTO Endereco(id, cep, estado, bairro, rua, numero)
VALUES (23, '51458-271', 'Bahia', 'Mamoncillo', 'Rua 31', '66');

INSERT INTO Endereco(id, cep, estado, bairro, rua, numero)
VALUES (24, '11462-994', 'Acre', 'Bacuri', 'Rua 96', '12');

INSERT INTO Endereco(id, cep, estado, bairro, rua, numero)
VALUES (25, '01471-269', 'Ceará', 'Goiaba vermelha', 'Rua 79', '79');

INSERT INTO Endereco(id, cep, estado, bairro, rua, numero)
VALUES (26, '11484-815', 'Rio Grande do Norte', 'Caimito', 'Rua 99', '26');

INSERT INTO Endereco(id, cep, estado, bairro, rua, numero)
VALUES (27, '11495-840', 'Rio de Janeiro', 'Cherimóia', 'Rua 80', '35');

INSERT INTO Endereco(id, cep, estado, bairro, rua, numero)
VALUES (28, '01500-529', 'Ceará', 'Avocadoe', 'Rua 75', '64');

INSERT INTO Endereco(id, cep, estado, bairro, rua, numero)
VALUES (29, '31510-494', 'Paraíba', 'Taiúva', 'Rua 87', '29');

INSERT INTO Endereco(id, cep, estado, bairro, rua, numero)
VALUES (30, '31526-389', 'Pará', 'Uva japonesa', 'Rua 64', '30');

INSERT INTO Endereco(id, cep, estado, bairro, rua, numero)
VALUES (31, '41534-970', 'Alagoas', 'Groselha vermelha', 'Rua 71', '54');

INSERT INTO Endereco(id, cep, estado, bairro, rua, numero)
VALUES (32, '61548-270', 'Alagoas', 'Achachairu', 'Rua 39', '21');

INSERT INTO Endereco(id, cep, estado, bairro, rua, numero)
VALUES (33, '91558-872', 'Mato Grosso', 'Uva rubi', 'Rua 42', '85');

INSERT INTO Endereco(id, cep, estado, bairro, rua, numero)
VALUES (34, '71560-479', 'Rondônia', 'Mandacarú', 'Rua 37', '66');

INSERT INTO Endereco(id, cep, estado, bairro, rua, numero)
VALUES (35, '61574-384', 'Ceará', 'Cherimóia', 'Rua 80', '90');

INSERT INTO Endereco(id, cep, estado, bairro, rua, numero)
VALUES (36, '31584-290', 'Ceará', 'Ilama', 'Rua 58', '42');

INSERT INTO Endereco(id, cep, estado, bairro, rua, numero)
VALUES (37, '91593-846', 'Rio de Janeiro', 'Baru', 'Rua 32', '56');

INSERT INTO Endereco(id, cep, estado, bairro, rua, numero)
VALUES (38, '91602-389', 'Bahia', 'Cabeludinha', 'Rua 75', '65');

INSERT INTO Endereco(id, cep, estado, bairro, rua, numero)
VALUES (39, '11617-262', 'Mato Grosso do Sul', 'Amêndoa', 'Rua 38', '68');

INSERT INTO Endereco(id, cep, estado, bairro, rua, numero)
VALUES (40, '91629-526', 'Sergipe', 'Massala', 'Rua 20', '46');

INSERT INTO Endereco(id, cep, estado, bairro, rua, numero)
VALUES (41, '71630-044', 'Ceará', 'Noz Pecã', 'Rua 79', '32');

INSERT INTO Endereco(id, cep, estado, bairro, rua, numero)
VALUES (42, '01643-594', 'Distrito Federal', 'Kinkan', 'Rua 21', '41');

INSERT INTO Endereco(id, cep, estado, bairro, rua, numero)
VALUES (43, '71650-793', 'Ceará', 'Uva', 'Rua 27', '53');

INSERT INTO Endereco(id, cep, estado, bairro, rua, numero)
VALUES (44, '51664-123', 'Paraná', 'Baru', 'Rua 57', '42');

INSERT INTO Endereco(id, cep, estado, bairro, rua, numero)
VALUES (45, '21675-812', 'Amapá', 'Ilama', 'Rua 16', '57');

INSERT INTO Endereco(id, cep, estado, bairro, rua, numero)
VALUES (46, '91686-946', 'Rio Grande do Norte', 'Macaúba', 'Rua 15', '41');

INSERT INTO Endereco(id, cep, estado, bairro, rua, numero)
VALUES (47, '91693-651', 'Roraima', 'Limão tahiti', 'Rua 38', '27');

INSERT INTO Endereco(id, cep, estado, bairro, rua, numero)
VALUES (48, '51707-594', 'Espírito Santo', 'Figo da índia vermelho', 'Rua 86', '24');

INSERT INTO Endereco(id, cep, estado, bairro, rua, numero)
VALUES (49, '41714-553', 'Santa Catarina', 'Wampi', 'Rua 85', '83');

INSERT INTO Endereco(id, cep, estado, bairro, rua, numero)
VALUES (50, '61728-128', 'Mato Grosso', 'Banana figo', 'Rua 11', '39');

INSERT INTO Endereco(id, cep, estado, bairro, rua, numero)
VALUES (51, '41735-844', 'Rondônia', 'Physalis', 'Rua 92', '16');

INSERT INTO Endereco(id, cep, estado, bairro, rua, numero)
VALUES (52, '31741-372', 'Pernambuco', 'Laranja lima', 'Rua 21', '88');

INSERT INTO Endereco(id, cep, estado, bairro, rua, numero)
VALUES (53, '21753-065', 'Espírito Santo', 'Jerivá ou Jeribá', 'Rua 61', '36');

INSERT INTO Endereco(id, cep, estado, bairro, rua, numero)
VALUES (54, '31760-106', 'Santa Catarina', 'Guabiju', 'Rua 31', '27');

INSERT INTO Endereco(id, cep, estado, bairro, rua, numero)
VALUES (55, '81776-908', 'Paraíba', 'Carambola', 'Rua 75', '98');

INSERT INTO Endereco(id, cep, estado, bairro, rua, numero)
VALUES (56, '31785-120', 'Tocantins', 'Fruta-pão', 'Rua 90', '91');

INSERT INTO Endereco(id, cep, estado, bairro, rua, numero)
VALUES (57, '31794-442', 'Mato Grosso do Sul', 'Uva rubi', 'Rua 30', '78');

INSERT INTO Endereco(id, cep, estado, bairro, rua, numero)
VALUES (58, '31800-155', 'Roraima', 'Cherimoya', 'Rua 55', '30');

INSERT INTO Endereco(id, cep, estado, bairro, rua, numero)
VALUES (59, '31810-524', 'Tocantins', 'Durião', 'Rua 28', '39');

INSERT INTO Endereco(id, cep, estado, bairro, rua, numero)
VALUES (60, '31823-374', 'Rio Grande do Sul', 'Muruci', 'Rua 13', '84');

INSERT INTO Endereco(id, cep, estado, bairro, rua, numero)
VALUES (61, '41838-709', 'São Paulo', 'Tâmara natural', 'Rua 72', '59');

INSERT INTO Endereco(id, cep, estado, bairro, rua, numero)
VALUES (62, '81848-189', 'Amazonas', 'Mutamba', 'Rua 45', '30');

INSERT INTO Endereco(id, cep, estado, bairro, rua, numero)
VALUES (63, '21851-833', 'Distrito Federal', 'Juá', 'Rua 65', '96');

INSERT INTO Endereco(id, cep, estado, bairro, rua, numero)
VALUES (64, '51867-204', 'Amapá', 'Cidra', 'Rua 53', '98');

INSERT INTO Endereco(id, cep, estado, bairro, rua, numero)
VALUES (65, '01879-594', 'Distrito Federal', 'Uvaia', 'Rua 72', '42');

INSERT INTO Endereco(id, cep, estado, bairro, rua, numero)
VALUES (66, '91881-671', 'Tocantins', 'Jabuticaba', 'Rua 64', '34');

INSERT INTO Endereco(id, cep, estado, bairro, rua, numero)
VALUES (67, '71890-349', 'Maranhão', 'Cherimóia', 'Rua 90', '90');

INSERT INTO Endereco(id, cep, estado, bairro, rua, numero)
VALUES (68, '61908-411', 'Paraíba', 'Feijoa', 'Rua 32', '94');

INSERT INTO Endereco(id, cep, estado, bairro, rua, numero)
VALUES (69, '81917-965', 'Ceará', 'Kinkan', 'Rua 28', '52');

INSERT INTO Endereco(id, cep, estado, bairro, rua, numero)
VALUES (70, '61926-509', 'Sergipe', 'Jambolão', 'Rua 28', '16');

INSERT INTO Endereco(id, cep, estado, bairro, rua, numero)
VALUES (71, '91932-120', 'Roraima', 'Ingá', 'Rua 34', '95');

INSERT INTO Endereco(id, cep, estado, bairro, rua, numero)
VALUES (72, '71940-672', 'Alagoas', 'Mandacarú', 'Rua 87', '30');

INSERT INTO Endereco(id, cep, estado, bairro, rua, numero)
VALUES (73, '51957-951', 'Roraima', 'Cacau', 'Rua 81', '98');

INSERT INTO Endereco(id, cep, estado, bairro, rua, numero)
VALUES (74, '61969-007', 'Rio de Janeiro', 'Jambo amarelo', 'Rua 12', '79');

INSERT INTO Endereco(id, cep, estado, bairro, rua, numero)
VALUES (75, '91974-003', 'Maranhão', 'Damasco', 'Rua 96', '47');

INSERT INTO Endereco(id, cep, estado, bairro, rua, numero)
VALUES (76, '01985-251', 'Ceará', 'Carissa', 'Rua 61', '90');

INSERT INTO Endereco(id, cep, estado, bairro, rua, numero)
VALUES (77, '61996-477', 'Distrito Federal', 'Tâmara', 'Rua 90', '36');

INSERT INTO Endereco(id, cep, estado, bairro, rua, numero)
VALUES (78, '32000-054', 'Distrito Federal', 'Camu-camu', 'Rua 92', '62');

INSERT INTO Endereco(id, cep, estado, bairro, rua, numero)
VALUES (79, '52018-321', 'Alagoas', 'Atemóia', 'Rua 63', '11');

INSERT INTO Endereco(id, cep, estado, bairro, rua, numero)
VALUES (80, '62023-001', 'Roraima', 'Limão', 'Rua 67', '80');

INSERT INTO Endereco(id, cep, estado, bairro, rua, numero)
VALUES (81, '02031-608', 'Rio de Janeiro', 'Guaraná', 'Rua 34', '58');

INSERT INTO Endereco(id, cep, estado, bairro, rua, numero)
VALUES (82, '52048-452', 'Rio de Janeiro', 'Biriba', 'Rua 39', '31');

INSERT INTO Endereco(id, cep, estado, bairro, rua, numero)
VALUES (83, '92058-848', 'Pará', 'Tangerina', 'Rua 11', '45');

INSERT INTO Endereco(id, cep, estado, bairro, rua, numero)
VALUES (84, '62069-309', 'Alagoas', 'Uva branca', 'Rua 36', '30');

INSERT INTO Endereco(id, cep, estado, bairro, rua, numero)
VALUES (85, '12071-793', 'Paraíba', 'Umbu', 'Rua 60', '94');

INSERT INTO Endereco(id, cep, estado, bairro, rua, numero)
VALUES (86, '02084-584', 'Alagoas', 'Manga bourbon', 'Rua 29', '92');

INSERT INTO Endereco(id, cep, estado, bairro, rua, numero)
VALUES (87, '62096-442', 'Maranhão', 'Calamondin', 'Rua 81', '20');

INSERT INTO Endereco(id, cep, estado, bairro, rua, numero)
VALUES (88, '82105-303', 'Amazonas', 'Melancia branca', 'Rua 77', '63');

INSERT INTO Endereco(id, cep, estado, bairro, rua, numero)
VALUES (89, '92115-786', 'Mato Grosso', 'Coco', 'Rua 75', '84');

INSERT INTO Endereco(id, cep, estado, bairro, rua, numero)
VALUES (90, '62128-087', 'Rondônia', 'Coco', 'Rua 19', '44');

INSERT INTO Endereco(id, cep, estado, bairro, rua, numero)
VALUES (91, '62134-858', 'Rio Grande do Sul', 'Goiaba vermelha', 'Rua 16', '36');

INSERT INTO Endereco(id, cep, estado, bairro, rua, numero)
VALUES (92, '72147-208', 'Espírito Santo', 'Pitomba', 'Rua 36', '61');

INSERT INTO Endereco(id, cep, estado, bairro, rua, numero)
VALUES (93, '72152-087', 'Rio de Janeiro', 'Cereja fresca', 'Rua 16', '35');

INSERT INTO Endereco(id, cep, estado, bairro, rua, numero)
VALUES (94, '62162-283', 'Rio Grande do Norte', 'Laranja valência', 'Rua 95', '78');

INSERT INTO Endereco(id, cep, estado, bairro, rua, numero)
VALUES (95, '72171-646', 'Roraima', 'Maçã argentina', 'Rua 24', '42');

INSERT INTO Endereco(id, cep, estado, bairro, rua, numero)
VALUES (96, '92182-868', 'Pará', 'Pêra Williams', 'Rua 70', '98');

INSERT INTO Endereco(id, cep, estado, bairro, rua, numero)
VALUES (97, '22194-829', 'Espírito Santo', 'Damasco', 'Rua 26', '49');

INSERT INTO Endereco(id, cep, estado, bairro, rua, numero)
VALUES (98, '42207-760', 'Distrito Federal', 'Calamondin', 'Rua 90', '59');

INSERT INTO Endereco(id, cep, estado, bairro, rua, numero)
VALUES (99, '82218-217', 'Paraíba', 'Marula', 'Rua 30', '13');

INSERT INTO Endereco(id, cep, estado, bairro, rua, numero)
VALUES (100, '52223-065', 'Distrito Federal', 'Figo da índia amarelo', 'Rua 59', '44');

INSERT INTO Endereco(id, cep, estado, bairro, rua, numero)
VALUES (101, '42231-337', 'Amazonas', 'Grapefruit rosa', 'Rua 35', '47');

INSERT INTO Endereco(id, cep, estado, bairro, rua, numero)
VALUES (102, '42245-150', 'Mato Grosso do Sul', 'Umbu', 'Rua 67', '67');

INSERT INTO Endereco(id, cep, estado, bairro, rua, numero)
VALUES (103, '52253-165', 'Piauí', 'Bacaba', 'Rua 37', '18');

INSERT INTO Endereco(id, cep, estado, bairro, rua, numero)
VALUES (104, '02262-868', 'Amapá', 'Manga bourbon', 'Rua 72', '64');

INSERT INTO Endereco(id, cep, estado, bairro, rua, numero)
VALUES (105, '02275-745', 'Pará', 'Castanhas Variadas', 'Rua 39', '14');

INSERT INTO Endereco(id, cep, estado, bairro, rua, numero)
VALUES (106, '42283-875', 'Tocantins', 'Banana Pacova', 'Rua 29', '38');

INSERT INTO Endereco(id, cep, estado, bairro, rua, numero)
VALUES (107, '22299-501', 'Ceará', 'Mabolo', 'Rua 37', '88');

INSERT INTO Endereco(id, cep, estado, bairro, rua, numero)
VALUES (108, '22307-404', 'Santa Catarina', 'Melão', 'Rua 76', '78');

INSERT INTO Endereco(id, cep, estado, bairro, rua, numero)
VALUES (109, '62312-222', 'Mato Grosso', 'Mangostão', 'Rua 35', '58');

INSERT INTO Endereco(id, cep, estado, bairro, rua, numero)
VALUES (110, '72320-398', 'Mato Grosso do Sul', 'Cagaita', 'Rua 87', '73');

INSERT INTO Endereco(id, cep, estado, bairro, rua, numero)
VALUES (111, '02331-356', 'Amapá', 'Tomate Arbóreo', 'Rua 25', '73');

INSERT INTO Endereco(id, cep, estado, bairro, rua, numero)
VALUES (112, '32344-301', 'Rio de Janeiro', 'Tangerina', 'Rua 80', '95');

INSERT INTO Endereco(id, cep, estado, bairro, rua, numero)
VALUES (113, '82358-297', 'Minas Gerais', 'Nêspera', 'Rua 58', '32');

INSERT INTO Endereco(id, cep, estado, bairro, rua, numero)
VALUES (114, '02369-657', 'Acre', 'Manga haden', 'Rua 85', '37');

INSERT INTO Endereco(id, cep, estado, bairro, rua, numero)
VALUES (115, '02377-495', 'Paraná', 'Amora', 'Rua 23', '17');

INSERT INTO Endereco(id, cep, estado, bairro, rua, numero)
VALUES (116, '92389-425', 'Sergipe', 'Coco babaçu', 'Rua 82', '68');

INSERT INTO Endereco(id, cep, estado, bairro, rua, numero)
VALUES (117, '42396-696', 'Rio de Janeiro', 'Goiaba branca', 'Rua 31', '22');

INSERT INTO Endereco(id, cep, estado, bairro, rua, numero)
VALUES (118, '62407-654', 'Espírito Santo', 'Juá de queimada', 'Rua 65', '78');

INSERT INTO Endereco(id, cep, estado, bairro, rua, numero)
VALUES (119, '42412-333', 'Bahia', 'Caraguata', 'Rua 49', '46');

INSERT INTO Endereco(id, cep, estado, bairro, rua, numero)
VALUES (120, '12425-741', 'Alagoas', 'Calabaça', 'Rua 36', '26');

INSERT INTO Endereco(id, cep, estado, bairro, rua, numero)
VALUES (121, '62438-690', 'Pernambuco', 'Champedaque', 'Rua 86', '38');

INSERT INTO Endereco(id, cep, estado, bairro, rua, numero)
VALUES (122, '72441-354', 'Paraná', 'Nêspera', 'Rua 29', '37');

INSERT INTO Endereco(id, cep, estado, bairro, rua, numero)
VALUES (123, '62457-923', 'Goiás', 'Toranja', 'Rua 61', '36');

INSERT INTO Endereco(id, cep, estado, bairro, rua, numero)
VALUES (124, '12466-550', 'Piauí', 'Goiaba', 'Rua 66', '29');

INSERT INTO Endereco(id, cep, estado, bairro, rua, numero)
VALUES (125, '42473-252', 'Rio Grande do Norte', 'Grapefruit rosa', 'Rua 88', '64');

INSERT INTO Endereco(id, cep, estado, bairro, rua, numero)
VALUES (126, '62480-950', 'Roraima', 'Tangerina', 'Rua 88', '72');

INSERT INTO Endereco(id, cep, estado, bairro, rua, numero)
VALUES (127, '32491-612', 'Rio Grande do Sul', 'Guajirú', 'Rua 97', '98');

INSERT INTO Endereco(id, cep, estado, bairro, rua, numero)
VALUES (128, '42504-815', 'Bahia', 'Uva rubi', 'Rua 97', '26');

INSERT INTO Endereco(id, cep, estado, bairro, rua, numero)
VALUES (129, '52511-850', 'Amapá', 'Coco babaçu', 'Rua 25', '77');

INSERT INTO Endereco(id, cep, estado, bairro, rua, numero)
VALUES (130, '32525-693', 'Maranhão', 'Figo da índia amarelo', 'Rua 89', '93');

INSERT INTO Endereco(id, cep, estado, bairro, rua, numero)
VALUES (131, '72535-126', 'Tocantins', 'Jurubeba', 'Rua 60', '89');

INSERT INTO Endereco(id, cep, estado, bairro, rua, numero)
VALUES (132, '52540-285', 'Espírito Santo', 'Jambo branco', 'Rua 47', '75');

INSERT INTO Endereco(id, cep, estado, bairro, rua, numero)
VALUES (133, '72552-616', 'Espírito Santo', 'Pêssego', 'Rua 82', '37');

INSERT INTO Endereco(id, cep, estado, bairro, rua, numero)
VALUES (134, '02569-560', 'Amapá', 'Camu - Camu', 'Rua 30', '81');

INSERT INTO Endereco(id, cep, estado, bairro, rua, numero)
VALUES (135, '72576-367', 'Minas Gerais', 'Macaúba', 'Rua 45', '68');

INSERT INTO Endereco(id, cep, estado, bairro, rua, numero)
VALUES (136, '52580-956', 'Distrito Federal', 'Mamey', 'Rua 48', '46');

INSERT INTO Endereco(id, cep, estado, bairro, rua, numero)
VALUES (137, '32593-800', 'Distrito Federal', 'Butiá', 'Rua 76', '38');

INSERT INTO Endereco(id, cep, estado, bairro, rua, numero)
VALUES (138, '32600-308', 'Amazonas', 'Uxi', 'Rua 17', '26');

INSERT INTO Endereco(id, cep, estado, bairro, rua, numero)
VALUES (139, '32619-825', 'Santa Catarina', 'Nêspera', 'Rua 16', '82');

INSERT INTO Endereco(id, cep, estado, bairro, rua, numero)
VALUES (140, '22622-472', 'Rio Grande do Sul', 'Banana Ouro', 'Rua 28', '32');

INSERT INTO Endereco(id, cep, estado, bairro, rua, numero)
VALUES (141, '72638-829', 'Mato Grosso', 'Guabiroba', 'Rua 85', '10');

INSERT INTO Endereco(id, cep, estado, bairro, rua, numero)
VALUES (142, '62646-386', 'Paraná', 'Guajirú', 'Rua 22', '90');

INSERT INTO Endereco(id, cep, estado, bairro, rua, numero)
VALUES (143, '32656-383', 'Paraíba', 'Taperebá', 'Rua 59', '76');

INSERT INTO Endereco(id, cep, estado, bairro, rua, numero)
VALUES (144, '42660-675', 'Espírito Santo', 'Carnaúba', 'Rua 21', '11');

INSERT INTO Endereco(id, cep, estado, bairro, rua, numero)
VALUES (145, '32670-691', 'Pará', 'Cajá-manga', 'Rua 25', '27');

INSERT INTO Endereco(id, cep, estado, bairro, rua, numero)
VALUES (146, '22684-038', 'Bahia', 'Pinhão', 'Rua 20', '74');

INSERT INTO Endereco(id, cep, estado, bairro, rua, numero)
VALUES (147, '92694-401', 'Amazonas', 'Framboesa fresca', 'Rua 36', '80');

INSERT INTO Endereco(id, cep, estado, bairro, rua, numero)
VALUES (148, '82700-231', 'Pernambuco', 'Banana Passa', 'Rua 86', '59');

INSERT INTO Endereco(id, cep, estado, bairro, rua, numero)
VALUES (149, '12711-239', 'Distrito Federal', 'Atemóia', 'Rua 17', '38');

INSERT INTO Endereco(id, cep, estado, bairro, rua, numero)
VALUES (150, '72721-322', 'Bahia', 'Carnaúba', 'Rua 59', '18');

INSERT INTO Endereco(id, cep, estado, bairro, rua, numero)
VALUES (151, '72737-798', 'Amazonas', 'Limão siciliano', 'Rua 56', '52');

INSERT INTO Endereco(id, cep, estado, bairro, rua, numero)
VALUES (152, '92743-028', 'Pará', 'Macadâmia', 'Rua 58', '52');

INSERT INTO Endereco(id, cep, estado, bairro, rua, numero)
VALUES (153, '12759-201', 'Minas Gerais', 'Limão galego', 'Rua 78', '28');

INSERT INTO Endereco(id, cep, estado, bairro, rua, numero)
VALUES (154, '22764-415', 'Amapá', 'Juá', 'Rua 46', '87');

INSERT INTO Endereco(id, cep, estado, bairro, rua, numero)
VALUES (155, '42777-450', 'Paraná', 'Condessa', 'Rua 41', '47');

INSERT INTO Endereco(id, cep, estado, bairro, rua, numero)
VALUES (156, '02782-808', 'Mato Grosso do Sul', 'Mangostin', 'Rua 54', '27');

INSERT INTO Endereco(id, cep, estado, bairro, rua, numero)
VALUES (157, '72793-108', 'Sergipe', 'Romã', 'Rua 94', '18');

INSERT INTO Endereco(id, cep, estado, bairro, rua, numero)
VALUES (158, '92806-342', 'Santa Catarina', 'Jatobá', 'Rua 91', '99');

INSERT INTO Endereco(id, cep, estado, bairro, rua, numero)
VALUES (159, '52813-009', 'Distrito Federal', 'Guabiju', 'Rua 97', '38');

INSERT INTO Endereco(id, cep, estado, bairro, rua, numero)
VALUES (160, '52825-911', 'Tocantins', 'Pêra', 'Rua 99', '66');

INSERT INTO Endereco(id, cep, estado, bairro, rua, numero)
VALUES (161, '42832-919', 'Amazonas', 'Laranja', 'Rua 69', '73');

INSERT INTO Endereco(id, cep, estado, bairro, rua, numero)
VALUES (162, '92844-414', 'Sergipe', 'Taperebá', 'Rua 39', '32');

INSERT INTO Endereco(id, cep, estado, bairro, rua, numero)
VALUES (163, '12857-942', 'Distrito Federal', 'Cajá vermelho', 'Rua 85', '36');

INSERT INTO Endereco(id, cep, estado, bairro, rua, numero)
VALUES (164, '12868-498', 'Sergipe', 'Uva itália', 'Rua 75', '95');

INSERT INTO Endereco(id, cep, estado, bairro, rua, numero)
VALUES (165, '22871-141', 'Espírito Santo', 'Biriba', 'Rua 89', '49');

INSERT INTO Endereco(id, cep, estado, bairro, rua, numero)
VALUES (166, '62885-247', 'Alagoas', 'Uva niagara', 'Rua 18', '90');

INSERT INTO Endereco(id, cep, estado, bairro, rua, numero)
VALUES (167, '22895-845', 'Mato Grosso', 'Marmelo', 'Rua 68', '95');

INSERT INTO Endereco(id, cep, estado, bairro, rua, numero)
VALUES (168, '12907-130', 'Piauí', 'Jambo', 'Rua 40', '37');

INSERT INTO Endereco(id, cep, estado, bairro, rua, numero)
VALUES (169, '72918-217', 'Pará', 'Toranja', 'Rua 58', '75');

INSERT INTO Endereco(id, cep, estado, bairro, rua, numero)
VALUES (170, '72921-647', 'Bahia', 'Guaraná', 'Rua 89', '72');

INSERT INTO Endereco(id, cep, estado, bairro, rua, numero)
VALUES (171, '92933-530', 'Distrito Federal', 'Caqui paulista', 'Rua 36', '62');

INSERT INTO Endereco(id, cep, estado, bairro, rua, numero)
VALUES (172, '42941-661', 'Amazonas', 'Cidra', 'Rua 19', '26');

INSERT INTO Endereco(id, cep, estado, bairro, rua, numero)
VALUES (173, '32953-623', 'Espírito Santo', 'Sapucaia', 'Rua 33', '54');

INSERT INTO Endereco(id, cep, estado, bairro, rua, numero)
VALUES (174, '82967-836', 'Alagoas', 'Pequi', 'Rua 76', '63');

INSERT INTO Endereco(id, cep, estado, bairro, rua, numero)
VALUES (175, '62971-633', 'Santa Catarina', 'Tucumã', 'Rua 26', '13');

INSERT INTO Endereco(id, cep, estado, bairro, rua, numero)
VALUES (176, '82987-199', 'Mato Grosso do Sul', 'Glicosmis', 'Rua 77', '79');

INSERT INTO Endereco(id, cep, estado, bairro, rua, numero)
VALUES (177, '32996-689', 'Rondônia', 'Caqui', 'Rua 36', '25');

INSERT INTO Endereco(id, cep, estado, bairro, rua, numero)
VALUES (178, '43009-730', 'Mato Grosso', 'Uva niagara', 'Rua 70', '70');

INSERT INTO Endereco(id, cep, estado, bairro, rua, numero)
VALUES (179, '03017-167', 'Maranhão', 'Mamão formosa', 'Rua 20', '81');

INSERT INTO Endereco(id, cep, estado, bairro, rua, numero)
VALUES (180, '33021-767', 'Acre', 'Graviola', 'Rua 73', '54');

INSERT INTO Endereco(id, cep, estado, bairro, rua, numero)
VALUES (181, '53036-823', 'Acre', 'Castanha portuguesa', 'Rua 30', '48');

INSERT INTO Endereco(id, cep, estado, bairro, rua, numero)
VALUES (182, '13048-328', 'Pernambuco', 'Jaca', 'Rua 52', '76');

INSERT INTO Endereco(id, cep, estado, bairro, rua, numero)
VALUES (183, '43055-023', 'Rio Grande do Sul', 'Pêssego', 'Rua 44', '10');

INSERT INTO Endereco(id, cep, estado, bairro, rua, numero)
VALUES (184, '83062-129', 'Amapá', 'Noz Pecã', 'Rua 23', '74');

INSERT INTO Endereco(id, cep, estado, bairro, rua, numero)
VALUES (185, '53074-339', 'Rio Grande do Sul', 'Ilama', 'Rua 86', '64');

INSERT INTO Endereco(id, cep, estado, bairro, rua, numero)
VALUES (186, '03085-245', 'Piauí', 'Banana prata', 'Rua 23', '31');

INSERT INTO Endereco(id, cep, estado, bairro, rua, numero)
VALUES (187, '03098-482', 'Pernambuco', 'Murcote', 'Rua 85', '52');

INSERT INTO Endereco(id, cep, estado, bairro, rua, numero)
VALUES (188, '23109-660', 'Amapá', 'Uva japonesa', 'Rua 90', '12');

INSERT INTO Endereco(id, cep, estado, bairro, rua, numero)
VALUES (189, '03114-234', 'Maranhão', 'Tâmara', 'Rua 41', '71');

INSERT INTO Endereco(id, cep, estado, bairro, rua, numero)
VALUES (190, '23127-861', 'Maranhão', 'Juá', 'Rua 50', '97');

INSERT INTO Endereco(id, cep, estado, bairro, rua, numero)
VALUES (191, '33131-852', 'Tocantins', 'Macadâmia', 'Rua 31', '91');

INSERT INTO Endereco(id, cep, estado, bairro, rua, numero)
VALUES (192, '33143-435', 'Acre', 'Caqui chocolate', 'Rua 64', '76');

INSERT INTO Endereco(id, cep, estado, bairro, rua, numero)
VALUES (193, '13154-779', 'Espírito Santo', 'Cajá vermelho', 'Rua 20', '71');

INSERT INTO Endereco(id, cep, estado, bairro, rua, numero)
VALUES (194, '23160-056', 'Paraná', 'Melancia amarela', 'Rua 24', '67');

INSERT INTO Endereco(id, cep, estado, bairro, rua, numero)
VALUES (195, '93174-594', 'Santa Catarina', 'Cajá', 'Rua 92', '38');

INSERT INTO Endereco(id, cep, estado, bairro, rua, numero)
VALUES (196, '53189-690', 'Goiás', 'Fruta-pão', 'Rua 59', '58');

INSERT INTO Endereco(id, cep, estado, bairro, rua, numero)
VALUES (197, '93194-255', 'Distrito Federal', 'Biriba', 'Rua 69', '33');

INSERT INTO Endereco(id, cep, estado, bairro, rua, numero)
VALUES (198, '93203-461', 'Pernambuco', 'Sapucaia', 'Rua 30', '61');

INSERT INTO Endereco(id, cep, estado, bairro, rua, numero)
VALUES (199, '13211-528', 'Espírito Santo', 'Massala', 'Rua 16', '40');

INSERT INTO Endereco(id, cep, estado, bairro, rua, numero)
VALUES (200, '63223-322', 'Paraná', 'Babaçu', 'Rua 66', '76');

INSERT INTO Endereco(id, cep, estado, bairro, rua, numero)
VALUES (201, '03235-344', 'Minas Gerais', 'Rambutão', 'Rua 18', '19');

INSERT INTO Endereco(id, cep, estado, bairro, rua, numero)
VALUES (202, '63245-707', 'Goiás', 'Groselha vermelha', 'Rua 59', '16');

INSERT INTO Endereco(id, cep, estado, bairro, rua, numero)
VALUES (203, '13253-792', 'Pará', 'Abacaxi', 'Rua 52', '87');

INSERT INTO Endereco(id, cep, estado, bairro, rua, numero)
VALUES (204, '73268-951', 'Rio de Janeiro', 'Tucumã', 'Rua 43', '98');

INSERT INTO Endereco(id, cep, estado, bairro, rua, numero)
VALUES (205, '63277-347', 'Mato Grosso', 'Pêssego', 'Rua 61', '68');

INSERT INTO Endereco(id, cep, estado, bairro, rua, numero)
VALUES (206, '53284-696', 'Maranhão', 'Umbu', 'Rua 46', '42');

INSERT INTO Endereco(id, cep, estado, bairro, rua, numero)
VALUES (207, '23299-654', 'Pará', 'Tangerina Poncâ', 'Rua 45', '20');

INSERT INTO Endereco(id, cep, estado, bairro, rua, numero)
VALUES (208, '83302-659', 'Tocantins', 'Sapucaia', 'Rua 36', '72');

INSERT INTO Endereco(id, cep, estado, bairro, rua, numero)
VALUES (209, '43315-955', 'Mato Grosso', 'Framboesa', 'Rua 75', '71');

INSERT INTO Endereco(id, cep, estado, bairro, rua, numero)
VALUES (210, '13322-815', 'Espírito Santo', 'Caimito', 'Rua 88', '72');

INSERT INTO Endereco(id, cep, estado, bairro, rua, numero)
VALUES (211, '33336-987', 'Paraíba', 'Abacaxi', 'Rua 15', '51');

INSERT INTO Endereco(id, cep, estado, bairro, rua, numero)
VALUES (212, '23340-148', 'Paraná', 'Naranjilla', 'Rua 23', '32');

INSERT INTO Endereco(id, cep, estado, bairro, rua, numero)
VALUES (213, '13355-224', 'Pará', 'Mirtilo', 'Rua 71', '61');

INSERT INTO Endereco(id, cep, estado, bairro, rua, numero)
VALUES (214, '73362-545', 'Amazonas', 'Damasco', 'Rua 85', '15');

INSERT INTO Endereco(id, cep, estado, bairro, rua, numero)
VALUES (215, '83371-963', 'Roraima', 'Mangostin', 'Rua 72', '38');

INSERT INTO Endereco(id, cep, estado, bairro, rua, numero)
VALUES (216, '33387-427', 'Sergipe', 'Atemoya', 'Rua 43', '32');

INSERT INTO Endereco(id, cep, estado, bairro, rua, numero)
VALUES (217, '33396-807', 'Amazonas', 'Feijoa', 'Rua 25', '99');

INSERT INTO Endereco(id, cep, estado, bairro, rua, numero)
VALUES (218, '93404-867', 'Acre', 'Banana Ouro', 'Rua 68', '72');

INSERT INTO Endereco(id, cep, estado, bairro, rua, numero)
VALUES (219, '73415-563', 'Amazonas', 'Tâmara natural', 'Rua 96', '13');

INSERT INTO Endereco(id, cep, estado, bairro, rua, numero)
VALUES (220, '13420-447', 'Roraima', 'Jabuticaba branca', 'Rua 21', '21');

INSERT INTO Endereco(id, cep, estado, bairro, rua, numero)
VALUES (221, '53431-995', 'Bahia', 'Camapu', 'Rua 25', '40');

INSERT INTO Endereco(id, cep, estado, bairro, rua, numero)
VALUES (222, '83441-997', 'Maranhão', 'Calabura', 'Rua 63', '78');

INSERT INTO Endereco(id, cep, estado, bairro, rua, numero)
VALUES (223, '73455-596', 'Rio Grande do Sul', 'Marmelo', 'Rua 16', '27');

INSERT INTO Endereco(id, cep, estado, bairro, rua, numero)
VALUES (224, '53464-804', 'São Paulo', 'Grapefruit rosa', 'Rua 64', '77');

INSERT INTO Endereco(id, cep, estado, bairro, rua, numero)
VALUES (225, '23471-851', 'Alagoas', 'Abacaxi', 'Rua 96', '61');

INSERT INTO Endereco(id, cep, estado, bairro, rua, numero)
VALUES (226, '23482-487', 'Maranhão', 'Tangerina Poncâ', 'Rua 95', '66');

INSERT INTO Endereco(id, cep, estado, bairro, rua, numero)
VALUES (227, '33497-006', 'Paraná', 'Banana figo', 'Rua 74', '79');

INSERT INTO Endereco(id, cep, estado, bairro, rua, numero)
VALUES (228, '43501-470', 'Amapá', 'Caqui japonês', 'Rua 11', '93');

INSERT INTO Endereco(id, cep, estado, bairro, rua, numero)
VALUES (229, '93512-056', 'Mato Grosso do Sul', 'Nêspera', 'Rua 64', '42');

INSERT INTO Endereco(id, cep, estado, bairro, rua, numero)
VALUES (230, '93520-888', 'Bahia', 'Tangerina Poncâ', 'Rua 63', '88');

INSERT INTO Endereco(id, cep, estado, bairro, rua, numero)
VALUES (231, '93532-627', 'Pernambuco', 'Uva branca', 'Rua 31', '87');

INSERT INTO Endereco(id, cep, estado, bairro, rua, numero)
VALUES (232, '33545-868', 'Paraná', 'Tâmara', 'Rua 80', '47');

INSERT INTO Endereco(id, cep, estado, bairro, rua, numero)
VALUES (233, '73550-498', 'Amazonas', 'Pêra', 'Rua 80', '20');

INSERT INTO Endereco(id, cep, estado, bairro, rua, numero)
VALUES (234, '63569-942', 'Amazonas', 'Jujuba chinesa', 'Rua 94', '83');

INSERT INTO Endereco(id, cep, estado, bairro, rua, numero)
VALUES (235, '93574-498', 'Roraima', 'Marang', 'Rua 70', '39');

INSERT INTO Endereco(id, cep, estado, bairro, rua, numero)
VALUES (236, '33587-003', 'Paraná', 'Lucuma', 'Rua 77', '40');

INSERT INTO Endereco(id, cep, estado, bairro, rua, numero)
VALUES (237, '33597-109', 'Ceará', 'Café', 'Rua 17', '56');

INSERT INTO Endereco(id, cep, estado, bairro, rua, numero)
VALUES (238, '93605-239', 'Piauí', 'Dovyalis', 'Rua 13', '79');

INSERT INTO Endereco(id, cep, estado, bairro, rua, numero)
VALUES (239, '13618-756', 'Piauí', 'Caju', 'Rua 77', '41');

INSERT INTO Endereco(id, cep, estado, bairro, rua, numero)
VALUES (240, '93625-372', 'Minas Gerais', 'Melancia branca', 'Rua 36', '43');

INSERT INTO Endereco(id, cep, estado, bairro, rua, numero)
VALUES (241, '53633-781', 'Amapá', 'Manga bourbon', 'Rua 26', '27');

INSERT INTO Endereco(id, cep, estado, bairro, rua, numero)
VALUES (242, '93644-433', 'Maranhão', 'Calabaça', 'Rua 41', '43');

INSERT INTO Endereco(id, cep, estado, bairro, rua, numero)
VALUES (243, '83650-208', 'Pará', 'Banana dágua', 'Rua 18', '64');

INSERT INTO Endereco(id, cep, estado, bairro, rua, numero)
VALUES (244, '13661-435', 'Mato Grosso', 'Banana Maçã', 'Rua 40', '60');

INSERT INTO Endereco(id, cep, estado, bairro, rua, numero)
VALUES (245, '13676-728', 'Bahia', 'Limão tahiti', 'Rua 57', '16');

INSERT INTO Endereco(id, cep, estado, bairro, rua, numero)
VALUES (246, '03687-975', 'Maranhão', 'Cajá-manga', 'Rua 53', '26');

INSERT INTO Endereco(id, cep, estado, bairro, rua, numero)
VALUES (247, '63697-135', 'Rio Grande do Norte', 'Jambo amarelo', 'Rua 10', '68');

INSERT INTO Endereco(id, cep, estado, bairro, rua, numero)
VALUES (248, '33701-986', 'Espírito Santo', 'Maçã', 'Rua 72', '21');

INSERT INTO Endereco(id, cep, estado, bairro, rua, numero)
VALUES (249, '93718-414', 'Mato Grosso', 'Caimito', 'Rua 59', '37');

INSERT INTO Endereco(id, cep, estado, bairro, rua, numero)
VALUES (250, '53721-772', 'Paraná', 'Baru', 'Rua 34', '92');

INSERT INTO Endereco(id, cep, estado, bairro, rua, numero)
VALUES (251, '03738-140', 'Rondônia', 'Guaraná', 'Rua 72', '11');

INSERT INTO Endereco(id, cep, estado, bairro, rua, numero)
VALUES (252, '53740-455', 'Rondônia', 'Abiu', 'Rua 39', '86');

INSERT INTO Endereco(id, cep, estado, bairro, rua, numero)
VALUES (253, '63751-995', 'Tocantins', 'Kinkan', 'Rua 69', '65');

INSERT INTO Endereco(id, cep, estado, bairro, rua, numero)
VALUES (254, '73767-948', 'Roraima', 'Frutas do Cerrado', 'Rua 51', '14');

INSERT INTO Endereco(id, cep, estado, bairro, rua, numero)
VALUES (255, '83774-751', 'Bahia', 'Jenipapo', 'Rua 93', '30');

INSERT INTO Endereco(id, cep, estado, bairro, rua, numero)
VALUES (256, '03788-166', 'Rondônia', 'Juá', 'Rua 56', '78');

INSERT INTO Endereco(id, cep, estado, bairro, rua, numero)
VALUES (257, '33794-922', 'Amapá', 'Marmelo', 'Rua 95', '61');

INSERT INTO Endereco(id, cep, estado, bairro, rua, numero)
VALUES (258, '53805-810', 'Tocantins', 'Baru', 'Rua 85', '21');

INSERT INTO Endereco(id, cep, estado, bairro, rua, numero)
VALUES (259, '63819-910', 'Distrito Federal', 'Blueberry', 'Rua 94', '96');

INSERT INTO Endereco(id, cep, estado, bairro, rua, numero)
VALUES (260, '83824-033', 'Acre', 'Framboesa', 'Rua 82', '52');

INSERT INTO Endereco(id, cep, estado, bairro, rua, numero)
VALUES (261, '03832-766', 'Rio de Janeiro', 'Jambo branco', 'Rua 15', '53');

INSERT INTO Endereco(id, cep, estado, bairro, rua, numero)
VALUES (262, '73841-432', 'Ceará', 'Ameixa', 'Rua 80', '35');

INSERT INTO Endereco(id, cep, estado, bairro, rua, numero)
VALUES (263, '53855-362', 'Alagoas', 'Café', 'Rua 85', '83');

INSERT INTO Endereco(id, cep, estado, bairro, rua, numero)
VALUES (264, '53867-334', 'Rio de Janeiro', 'Taiúva', 'Rua 93', '71');

INSERT INTO Endereco(id, cep, estado, bairro, rua, numero)
VALUES (265, '93877-767', 'Tocantins', 'Maracujá', 'Rua 79', '26');

INSERT INTO Endereco(id, cep, estado, bairro, rua, numero)
VALUES (266, '93884-924', 'Paraíba', 'Granadilla', 'Rua 65', '66');

INSERT INTO Endereco(id, cep, estado, bairro, rua, numero)
VALUES (267, '93897-571', 'Rio Grande do Sul', 'Cajá-manga', 'Rua 30', '58');

INSERT INTO Endereco(id, cep, estado, bairro, rua, numero)
VALUES (268, '53902-680', 'Minas Gerais', 'Umbu', 'Rua 79', '52');

INSERT INTO Endereco(id, cep, estado, bairro, rua, numero)
VALUES (269, '93914-334', 'Bahia', 'Tangerina Poncâ', 'Rua 15', '54');

INSERT INTO Endereco(id, cep, estado, bairro, rua, numero)
VALUES (270, '43925-782', 'Sergipe', 'Groselha vermelha', 'Rua 77', '84');

INSERT INTO Endereco(id, cep, estado, bairro, rua, numero)
VALUES (271, '03934-587', 'Mato Grosso', 'Tamarilu', 'Rua 13', '41');

INSERT INTO Endereco(id, cep, estado, bairro, rua, numero)
VALUES (272, '73944-894', 'Roraima', 'Bacaba', 'Rua 35', '22');

INSERT INTO Endereco(id, cep, estado, bairro, rua, numero)
VALUES (273, '73955-595', 'Bahia', 'Cabeludinha', 'Rua 22', '77');

INSERT INTO Endereco(id, cep, estado, bairro, rua, numero)
VALUES (274, '83968-200', 'Goiás', 'Umari', 'Rua 47', '81');

INSERT INTO Endereco(id, cep, estado, bairro, rua, numero)
VALUES (275, '83974-008', 'Mato Grosso', 'Mirtilo', 'Rua 24', '22');

INSERT INTO Endereco(id, cep, estado, bairro, rua, numero)
VALUES (276, '43988-573', 'Ceará', 'Carambola', 'Rua 53', '97');

INSERT INTO Endereco(id, cep, estado, bairro, rua, numero)
VALUES (277, '03998-701', 'Pernambuco', 'Uva', 'Rua 95', '66');

INSERT INTO Endereco(id, cep, estado, bairro, rua, numero)
VALUES (278, '04004-656', 'Alagoas', 'Jaracatiá', 'Rua 80', '48');

INSERT INTO Endereco(id, cep, estado, bairro, rua, numero)
VALUES (279, '44018-028', 'Distrito Federal', 'Rambutão', 'Rua 63', '33');

INSERT INTO Endereco(id, cep, estado, bairro, rua, numero)
VALUES (280, '14028-453', 'Bahia', 'Tangerina Poncâ', 'Rua 28', '30');

INSERT INTO Endereco(id, cep, estado, bairro, rua, numero)
VALUES (281, '04037-778', 'Pernambuco', 'Pitomba', 'Rua 86', '11');

INSERT INTO Endereco(id, cep, estado, bairro, rua, numero)
VALUES (282, '14048-013', 'Maranhão', 'Guaraná', 'Rua 42', '61');

INSERT INTO Endereco(id, cep, estado, bairro, rua, numero)
VALUES (283, '34053-719', 'Amazonas', 'Uvalha', 'Rua 87', '11');

INSERT INTO Endereco(id, cep, estado, bairro, rua, numero)
VALUES (284, '24065-816', 'Piauí', 'Noz Pecã', 'Rua 64', '70');

INSERT INTO Endereco(id, cep, estado, bairro, rua, numero)
VALUES (285, '94071-945', 'Minas Gerais', 'Guaraná', 'Rua 29', '45');

INSERT INTO Endereco(id, cep, estado, bairro, rua, numero)
VALUES (286, '34085-603', 'Roraima', 'Pitanga', 'Rua 61', '30');

INSERT INTO Endereco(id, cep, estado, bairro, rua, numero)
VALUES (287, '64096-436', 'Rondônia', 'Physalis', 'Rua 70', '23');

INSERT INTO Endereco(id, cep, estado, bairro, rua, numero)
VALUES (288, '64101-399', 'Rio de Janeiro', 'Nêspera', 'Rua 50', '73');

INSERT INTO Endereco(id, cep, estado, bairro, rua, numero)
VALUES (289, '74112-870', 'Maranhão', 'Banana Ouro', 'Rua 95', '50');

INSERT INTO Endereco(id, cep, estado, bairro, rua, numero)
VALUES (290, '04129-471', 'Goiás', 'Figo da índia vermelho', 'Rua 30', '57');

INSERT INTO Endereco(id, cep, estado, bairro, rua, numero)
VALUES (291, '64137-440', 'Distrito Federal', 'Morango', 'Rua 96', '30');

INSERT INTO Endereco(id, cep, estado, bairro, rua, numero)
VALUES (292, '84145-496', 'Alagoas', 'Café', 'Rua 22', '81');

INSERT INTO Endereco(id, cep, estado, bairro, rua, numero)
VALUES (293, '24150-915', 'Santa Catarina', 'Cabeludinha', 'Rua 62', '17');

INSERT INTO Endereco(id, cep, estado, bairro, rua, numero)
VALUES (294, '94169-759', 'Rio de Janeiro', 'Atemoya', 'Rua 52', '67');

INSERT INTO Endereco(id, cep, estado, bairro, rua, numero)
VALUES (295, '34176-021', 'Santa Catarina', 'Mexerica', 'Rua 46', '38');

INSERT INTO Endereco(id, cep, estado, bairro, rua, numero)
VALUES (296, '64183-682', 'Goiás', 'Nêspera', 'Rua 91', '20');

INSERT INTO Endereco(id, cep, estado, bairro, rua, numero)
VALUES (297, '34196-581', 'Amapá', 'Morango', 'Rua 87', '48');

INSERT INTO Endereco(id, cep, estado, bairro, rua, numero)
VALUES (298, '84207-983', 'Piauí', 'Coco', 'Rua 80', '53');

INSERT INTO Endereco(id, cep, estado, bairro, rua, numero)
VALUES (299, '04218-874', 'Pará', 'Abricó', 'Rua 73', '17');

INSERT INTO Endereco(id, cep, estado, bairro, rua, numero)
VALUES (300, '54223-861', 'Acre', 'Groselha', 'Rua 48', '86');

INSERT INTO Endereco(id, cep, estado, bairro, rua, numero)
VALUES (301, '24235-752', 'Distrito Federal', 'Uva passa', 'Rua 41', '42');

INSERT INTO Endereco(id, cep, estado, bairro, rua, numero)
VALUES (302, '44241-342', 'Bahia', 'Umari', 'Rua 28', '94');

INSERT INTO Endereco(id, cep, estado, bairro, rua, numero)
VALUES (303, '64252-568', 'Bahia', 'Pulasan', 'Rua 77', '18');

INSERT INTO Endereco(id, cep, estado, bairro, rua, numero)
VALUES (304, '14267-621', 'Bahia', 'Piquiá', 'Rua 64', '57');

INSERT INTO Endereco(id, cep, estado, bairro, rua, numero)
VALUES (305, '04275-777', 'Bahia', 'Pitanga', 'Rua 42', '86');

INSERT INTO Endereco(id, cep, estado, bairro, rua, numero)
VALUES (306, '84289-839', 'Rio Grande do Sul', 'Jambo', 'Rua 75', '75');

INSERT INTO Endereco(id, cep, estado, bairro, rua, numero)
VALUES (307, '04291-251', 'Roraima', 'Mangaba', 'Rua 18', '10');

INSERT INTO Endereco(id, cep, estado, bairro, rua, numero)
VALUES (308, '84308-973', 'Amapá', 'Jaracatiá', 'Rua 34', '79');

INSERT INTO Endereco(id, cep, estado, bairro, rua, numero)
VALUES (309, '44317-993', 'Minas Gerais', 'Sapoti', 'Rua 22', '23');

INSERT INTO Endereco(id, cep, estado, bairro, rua, numero)
VALUES (310, '74326-687', 'Rondônia', 'Caju', 'Rua 21', '68');

INSERT INTO Endereco(id, cep, estado, bairro, rua, numero)
VALUES (311, '34333-475', 'Goiás', 'Mamão', 'Rua 78', '11');

INSERT INTO Endereco(id, cep, estado, bairro, rua, numero)
VALUES (312, '54345-093', 'Amazonas', 'Lucuma', 'Rua 21', '25');

INSERT INTO Endereco(id, cep, estado, bairro, rua, numero)
VALUES (313, '84354-998', 'Sergipe', 'Biriba', 'Rua 22', '91');

INSERT INTO Endereco(id, cep, estado, bairro, rua, numero)
VALUES (314, '04363-478', 'Minas Gerais', 'Muruci', 'Rua 10', '26');

INSERT INTO Endereco(id, cep, estado, bairro, rua, numero)
VALUES (315, '64370-427', 'Rio Grande do Norte', 'Melancia', 'Rua 16', '51');

INSERT INTO Endereco(id, cep, estado, bairro, rua, numero)
VALUES (316, '24389-174', 'Amazonas', 'Champedaque', 'Rua 54', '30');

INSERT INTO Endereco(id, cep, estado, bairro, rua, numero)
VALUES (317, '84390-483', 'Pará', 'Coco babaçu', 'Rua 17', '55');

INSERT INTO Endereco(id, cep, estado, bairro, rua, numero)
VALUES (318, '24400-910', 'Rondônia', 'Nectarina', 'Rua 56', '31');

INSERT INTO Endereco(id, cep, estado, bairro, rua, numero)
VALUES (319, '14412-192', 'Rio Grande do Sul', 'Ingá', 'Rua 69', '40');

INSERT INTO Endereco(id, cep, estado, bairro, rua, numero)
VALUES (320, '34426-488', 'Rio Grande do Norte', 'Longan', 'Rua 62', '91');

INSERT INTO Endereco(id, cep, estado, bairro, rua, numero)
VALUES (321, '14437-141', 'Paraná', 'Babaçu', 'Rua 32', '50');

INSERT INTO Endereco(id, cep, estado, bairro, rua, numero)
VALUES (322, '94448-147', 'Bahia', 'Ciriguela', 'Rua 71', '47');

INSERT INTO Endereco(id, cep, estado, bairro, rua, numero)
VALUES (323, '34455-552', 'Rio Grande do Sul', 'Banana', 'Rua 45', '81');

INSERT INTO Endereco(id, cep, estado, bairro, rua, numero)
VALUES (324, '74469-646', 'Espírito Santo', 'Avocadoe', 'Rua 47', '26');

INSERT INTO Endereco(id, cep, estado, bairro, rua, numero)
VALUES (325, '64474-423', 'Amazonas', 'Guabiroba', 'Rua 79', '99');

INSERT INTO Endereco(id, cep, estado, bairro, rua, numero)
VALUES (326, '64489-793', 'Roraima', 'Tamarilu', 'Rua 80', '68');

INSERT INTO Endereco(id, cep, estado, bairro, rua, numero)
VALUES (327, '74490-220', 'São Paulo', 'Lucuma', 'Rua 24', '18');

INSERT INTO Endereco(id, cep, estado, bairro, rua, numero)
VALUES (328, '74500-630', 'Amapá', 'Banana', 'Rua 48', '57');

INSERT INTO Endereco(id, cep, estado, bairro, rua, numero)
VALUES (329, '04510-497', 'Amazonas', 'Figo', 'Rua 95', '16');

INSERT INTO Endereco(id, cep, estado, bairro, rua, numero)
VALUES (330, '14522-283', 'Roraima', 'Carambola', 'Rua 11', '70');

INSERT INTO Endereco(id, cep, estado, bairro, rua, numero)
VALUES (331, '94532-124', 'Rio Grande do Norte', 'Tangerina', 'Rua 16', '46');

INSERT INTO Endereco(id, cep, estado, bairro, rua, numero)
VALUES (332, '14540-571', 'Amapá', 'Wampi', 'Rua 14', '54');

INSERT INTO Endereco(id, cep, estado, bairro, rua, numero)
VALUES (333, '84550-837', 'Tocantins', 'Guabiroba', 'Rua 30', '39');

INSERT INTO Endereco(id, cep, estado, bairro, rua, numero)
VALUES (334, '44566-115', 'São Paulo', 'Jambo branco', 'Rua 56', '64');

INSERT INTO Endereco(id, cep, estado, bairro, rua, numero)
VALUES (335, '84579-546', 'Goiás', 'Carissa', 'Rua 70', '26');

INSERT INTO Endereco(id, cep, estado, bairro, rua, numero)
VALUES (336, '94580-417', 'Pernambuco', 'Mangaba', 'Rua 71', '31');

INSERT INTO Endereco(id, cep, estado, bairro, rua, numero)
VALUES (337, '64597-119', 'Mato Grosso do Sul', 'Cereja', 'Rua 28', '75');

INSERT INTO Endereco(id, cep, estado, bairro, rua, numero)
VALUES (338, '94601-956', 'Tocantins', 'Banana da terra', 'Rua 12', '88');

INSERT INTO Endereco(id, cep, estado, bairro, rua, numero)
VALUES (339, '74613-030', 'Amapá', 'Jatobá', 'Rua 27', '95');

INSERT INTO Endereco(id, cep, estado, bairro, rua, numero)
VALUES (340, '24628-373', 'Espírito Santo', 'Limão tahiti', 'Rua 62', '78');

INSERT INTO Endereco(id, cep, estado, bairro, rua, numero)
VALUES (341, '24633-897', 'Rio Grande do Norte', 'Muruci', 'Rua 18', '86');

INSERT INTO Endereco(id, cep, estado, bairro, rua, numero)
VALUES (342, '04640-523', 'Paraíba', 'Glicosmis', 'Rua 43', '20');

INSERT INTO Endereco(id, cep, estado, bairro, rua, numero)
VALUES (343, '74654-499', 'Goiás', 'Murcote', 'Rua 57', '59');

INSERT INTO Endereco(id, cep, estado, bairro, rua, numero)
VALUES (344, '54660-362', 'Paraná', 'Jambo branco', 'Rua 40', '36');

INSERT INTO Endereco(id, cep, estado, bairro, rua, numero)
VALUES (345, '04675-954', 'Ceará', 'Pinha', 'Rua 55', '97');

INSERT INTO Endereco(id, cep, estado, bairro, rua, numero)
VALUES (346, '54687-124', 'Ceará', 'Figo da índia amarelo', 'Rua 53', '56');

INSERT INTO Endereco(id, cep, estado, bairro, rua, numero)
VALUES (347, '94693-582', 'Bahia', 'Buriti', 'Rua 87', '87');

INSERT INTO Endereco(id, cep, estado, bairro, rua, numero)
VALUES (348, '54705-979', 'Ceará', 'Laranja pêra', 'Rua 54', '25');

INSERT INTO Endereco(id, cep, estado, bairro, rua, numero)
VALUES (349, '74711-689', 'Roraima', 'Coco babaçu', 'Rua 10', '92');

INSERT INTO Endereco(id, cep, estado, bairro, rua, numero)
VALUES (350, '24723-498', 'Tocantins', 'Xixa', 'Rua 95', '48');

INSERT INTO Endereco(id, cep, estado, bairro, rua, numero)
VALUES (351, '74739-545', 'Rio Grande do Sul', 'Jambo amarelo', 'Rua 75', '77');

INSERT INTO Endereco(id, cep, estado, bairro, rua, numero)
VALUES (352, '24742-376', 'Pará', 'Mexerica', 'Rua 23', '67');

INSERT INTO Endereco(id, cep, estado, bairro, rua, numero)
VALUES (353, '54756-210', 'Rondônia', 'Tomate Arbóreo', 'Rua 49', '72');

INSERT INTO Endereco(id, cep, estado, bairro, rua, numero)
VALUES (354, '24761-957', 'Espírito Santo', 'Akee', 'Rua 17', '89');

INSERT INTO Endereco(id, cep, estado, bairro, rua, numero)
VALUES (355, '54779-516', 'Acre', 'Cidra', 'Rua 89', '73');

INSERT INTO Endereco(id, cep, estado, bairro, rua, numero)
VALUES (356, '24781-625', 'Pernambuco', 'Guaraná', 'Rua 63', '19');

INSERT INTO Endereco(id, cep, estado, bairro, rua, numero)
VALUES (357, '24792-330', 'Goiás', 'Banana Nanica', 'Rua 28', '78');

INSERT INTO Endereco(id, cep, estado, bairro, rua, numero)
VALUES (358, '34806-987', 'Distrito Federal', 'Manga haden', 'Rua 25', '59');

INSERT INTO Endereco(id, cep, estado, bairro, rua, numero)
VALUES (359, '74813-951', 'Amapá', 'Calamondin', 'Rua 26', '23');

INSERT INTO Endereco(id, cep, estado, bairro, rua, numero)
VALUES (360, '74822-097', 'Paraná', 'Calabaça', 'Rua 10', '40');

INSERT INTO Endereco(id, cep, estado, bairro, rua, numero)
VALUES (361, '54833-802', 'Rio de Janeiro', 'Romã', 'Rua 17', '83');

INSERT INTO Endereco(id, cep, estado, bairro, rua, numero)
VALUES (362, '54847-251', 'Mato Grosso do Sul', 'Uva japonesa', 'Rua 82', '59');

INSERT INTO Endereco(id, cep, estado, bairro, rua, numero)
VALUES (363, '24853-593', 'Acre', 'Umê', 'Rua 55', '92');

INSERT INTO Endereco(id, cep, estado, bairro, rua, numero)
VALUES (364, '34862-267', 'Rio Grande do Norte', 'Jambo amarelo', 'Rua 55', '44');

INSERT INTO Endereco(id, cep, estado, bairro, rua, numero)
VALUES (365, '44873-282', 'Paraíba', 'Banana prata', 'Rua 26', '69');

INSERT INTO Endereco(id, cep, estado, bairro, rua, numero)
VALUES (366, '34889-796', 'São Paulo', 'Manga tommy', 'Rua 77', '85');

INSERT INTO Endereco(id, cep, estado, bairro, rua, numero)
VALUES (367, '74894-467', 'Bahia', 'Caraguata', 'Rua 11', '76');

INSERT INTO Endereco(id, cep, estado, bairro, rua, numero)
VALUES (368, '64908-206', 'Maranhão', 'Jenipapo', 'Rua 42', '48');

INSERT INTO Endereco(id, cep, estado, bairro, rua, numero)
VALUES (369, '74916-579', 'Santa Catarina', 'Muruci', 'Rua 21', '35');

INSERT INTO Endereco(id, cep, estado, bairro, rua, numero)
VALUES (370, '24926-294', 'Alagoas', 'Banana dágua', 'Rua 85', '59');

INSERT INTO Endereco(id, cep, estado, bairro, rua, numero)
VALUES (371, '34930-572', 'Pernambuco', 'Avocadoe', 'Rua 93', '17');

INSERT INTO Endereco(id, cep, estado, bairro, rua, numero)
VALUES (372, '94945-731', 'Piauí', 'Frutas do Cerrado', 'Rua 11', '38');

INSERT INTO Endereco(id, cep, estado, bairro, rua, numero)
VALUES (373, '04959-160', 'Santa Catarina', 'Cubiu', 'Rua 53', '45');

INSERT INTO Endereco(id, cep, estado, bairro, rua, numero)
VALUES (374, '34963-393', 'Distrito Federal', 'Groselha', 'Rua 14', '21');

INSERT INTO Endereco(id, cep, estado, bairro, rua, numero)
VALUES (375, '44975-442', 'Bahia', 'Mabolo', 'Rua 59', '62');

INSERT INTO Endereco(id, cep, estado, bairro, rua, numero)
VALUES (376, '14989-506', 'Pernambuco', 'Banana Ouro', 'Rua 18', '30');

INSERT INTO Endereco(id, cep, estado, bairro, rua, numero)
VALUES (377, '84990-986', 'Espírito Santo', 'Nectarina', 'Rua 87', '49');

INSERT INTO Endereco(id, cep, estado, bairro, rua, numero)
VALUES (378, '45006-965', 'Goiás', 'Banana figo', 'Rua 26', '53');

INSERT INTO Endereco(id, cep, estado, bairro, rua, numero)
VALUES (379, '55018-867', 'Piauí', 'Marang', 'Rua 13', '27');

INSERT INTO Endereco(id, cep, estado, bairro, rua, numero)
VALUES (380, '85020-307', 'Tocantins', 'Pulasan', 'Rua 64', '92');

INSERT INTO Endereco(id, cep, estado, bairro, rua, numero)
VALUES (381, '95037-488', 'Ceará', 'Nectarina', 'Rua 27', '19');

INSERT INTO Endereco(id, cep, estado, bairro, rua, numero)
VALUES (382, '55046-460', 'Minas Gerais', 'Cacau', 'Rua 76', '88');

INSERT INTO Endereco(id, cep, estado, bairro, rua, numero)
VALUES (383, '35058-328', 'Piauí', 'Uva', 'Rua 13', '23');

INSERT INTO Endereco(id, cep, estado, bairro, rua, numero)
VALUES (384, '35069-695', 'São Paulo', 'Cubiu', 'Rua 15', '48');

INSERT INTO Endereco(id, cep, estado, bairro, rua, numero)
VALUES (385, '95072-439', 'Minas Gerais', 'Taiúva', 'Rua 18', '23');

INSERT INTO Endereco(id, cep, estado, bairro, rua, numero)
VALUES (386, '65089-767', 'Mato Grosso', 'Maracujá', 'Rua 43', '53');

INSERT INTO Endereco(id, cep, estado, bairro, rua, numero)
VALUES (387, '45090-022', 'Rio de Janeiro', 'Biriba', 'Rua 53', '53');

INSERT INTO Endereco(id, cep, estado, bairro, rua, numero)
VALUES (388, '45103-127', 'Tocantins', 'Romã', 'Rua 95', '99');

INSERT INTO Endereco(id, cep, estado, bairro, rua, numero)
VALUES (389, '55111-686', 'Rondônia', 'Limão tahiti', 'Rua 16', '36');

INSERT INTO Endereco(id, cep, estado, bairro, rua, numero)
VALUES (390, '45123-720', 'Amapá', 'Banana da terra', 'Rua 94', '37');

INSERT INTO Endereco(id, cep, estado, bairro, rua, numero)
VALUES (391, '95136-888', 'Amazonas', 'Mutamba', 'Rua 17', '34');

INSERT INTO Endereco(id, cep, estado, bairro, rua, numero)
VALUES (392, '15141-340', 'Roraima', 'Cabeludinha', 'Rua 74', '54');

INSERT INTO Endereco(id, cep, estado, bairro, rua, numero)
VALUES (393, '75156-105', 'Amapá', 'Uva branca', 'Rua 31', '66');

INSERT INTO Endereco(id, cep, estado, bairro, rua, numero)
VALUES (394, '55162-813', 'Minas Gerais', 'Jambo rosa', 'Rua 57', '86');

INSERT INTO Endereco(id, cep, estado, bairro, rua, numero)
VALUES (395, '85179-594', 'Pará', 'Toranja', 'Rua 66', '69');

INSERT INTO Endereco(id, cep, estado, bairro, rua, numero)
VALUES (396, '45187-447', 'Tocantins', 'Limão galego', 'Rua 55', '12');

INSERT INTO Endereco(id, cep, estado, bairro, rua, numero)
VALUES (397, '85199-951', 'Bahia', 'Figo da índia vermelho', 'Rua 96', '51');

INSERT INTO Endereco(id, cep, estado, bairro, rua, numero)
VALUES (398, '85200-935', 'Rio de Janeiro', 'Jatobá', 'Rua 11', '53');

INSERT INTO Endereco(id, cep, estado, bairro, rua, numero)
VALUES (399, '55210-949', 'Bahia', 'Frutas do Cerrado', 'Rua 67', '74');

INSERT INTO Endereco(id, cep, estado, bairro, rua, numero)
VALUES (400, '45227-186', 'Piauí', 'Tâmara natural', 'Rua 99', '46');

-- Popula a tabela Contato.

INSERT INTO Contato(id, Endereco_id) VALUES (1, 1);
INSERT INTO Contato(id, Endereco_id) VALUES (2, 2);
INSERT INTO Contato(id, Endereco_id) VALUES (3, 3);
INSERT INTO Contato(id, Endereco_id) VALUES (4, 4);
INSERT INTO Contato(id, Endereco_id) VALUES (5, 5);
INSERT INTO Contato(id, Endereco_id) VALUES (6, 6);
INSERT INTO Contato(id, Endereco_id) VALUES (7, 7);
INSERT INTO Contato(id, Endereco_id) VALUES (8, 8);
INSERT INTO Contato(id, Endereco_id) VALUES (9, 9);
INSERT INTO Contato(id, Endereco_id) VALUES (10, 10);
INSERT INTO Contato(id, Endereco_id) VALUES (11, 11);
INSERT INTO Contato(id, Endereco_id) VALUES (12, 12);
INSERT INTO Contato(id, Endereco_id) VALUES (13, 13);
INSERT INTO Contato(id, Endereco_id) VALUES (14, 14);
INSERT INTO Contato(id, Endereco_id) VALUES (15, 15);
INSERT INTO Contato(id, Endereco_id) VALUES (16, 16);
INSERT INTO Contato(id, Endereco_id) VALUES (17, 17);
INSERT INTO Contato(id, Endereco_id) VALUES (18, 18);
INSERT INTO Contato(id, Endereco_id) VALUES (19, 19);
INSERT INTO Contato(id, Endereco_id) VALUES (20, 20);
INSERT INTO Contato(id, Endereco_id) VALUES (21, 21);
INSERT INTO Contato(id, Endereco_id) VALUES (22, 22);
INSERT INTO Contato(id, Endereco_id) VALUES (23, 23);
INSERT INTO Contato(id, Endereco_id) VALUES (24, 24);
INSERT INTO Contato(id, Endereco_id) VALUES (25, 25);
INSERT INTO Contato(id, Endereco_id) VALUES (26, 26);
INSERT INTO Contato(id, Endereco_id) VALUES (27, 27);
INSERT INTO Contato(id, Endereco_id) VALUES (28, 28);
INSERT INTO Contato(id, Endereco_id) VALUES (29, 29);
INSERT INTO Contato(id, Endereco_id) VALUES (30, 30);
INSERT INTO Contato(id, Endereco_id) VALUES (31, 31);
INSERT INTO Contato(id, Endereco_id) VALUES (32, 32);
INSERT INTO Contato(id, Endereco_id) VALUES (33, 33);
INSERT INTO Contato(id, Endereco_id) VALUES (34, 34);
INSERT INTO Contato(id, Endereco_id) VALUES (35, 35);
INSERT INTO Contato(id, Endereco_id) VALUES (36, 36);
INSERT INTO Contato(id, Endereco_id) VALUES (37, 37);
INSERT INTO Contato(id, Endereco_id) VALUES (38, 38);
INSERT INTO Contato(id, Endereco_id) VALUES (39, 39);
INSERT INTO Contato(id, Endereco_id) VALUES (40, 40);
INSERT INTO Contato(id, Endereco_id) VALUES (41, 41);
INSERT INTO Contato(id, Endereco_id) VALUES (42, 42);
INSERT INTO Contato(id, Endereco_id) VALUES (43, 43);
INSERT INTO Contato(id, Endereco_id) VALUES (44, 44);
INSERT INTO Contato(id, Endereco_id) VALUES (45, 45);
INSERT INTO Contato(id, Endereco_id) VALUES (46, 46);
INSERT INTO Contato(id, Endereco_id) VALUES (47, 47);
INSERT INTO Contato(id, Endereco_id) VALUES (48, 48);
INSERT INTO Contato(id, Endereco_id) VALUES (49, 49);
INSERT INTO Contato(id, Endereco_id) VALUES (50, 50);
INSERT INTO Contato(id, Endereco_id) VALUES (51, 51);
INSERT INTO Contato(id, Endereco_id) VALUES (52, 52);
INSERT INTO Contato(id, Endereco_id) VALUES (53, 53);
INSERT INTO Contato(id, Endereco_id) VALUES (54, 54);
INSERT INTO Contato(id, Endereco_id) VALUES (55, 55);
INSERT INTO Contato(id, Endereco_id) VALUES (56, 56);
INSERT INTO Contato(id, Endereco_id) VALUES (57, 57);
INSERT INTO Contato(id, Endereco_id) VALUES (58, 58);
INSERT INTO Contato(id, Endereco_id) VALUES (59, 59);
INSERT INTO Contato(id, Endereco_id) VALUES (60, 60);
INSERT INTO Contato(id, Endereco_id) VALUES (61, 61);
INSERT INTO Contato(id, Endereco_id) VALUES (62, 62);
INSERT INTO Contato(id, Endereco_id) VALUES (63, 63);
INSERT INTO Contato(id, Endereco_id) VALUES (64, 64);
INSERT INTO Contato(id, Endereco_id) VALUES (65, 65);
INSERT INTO Contato(id, Endereco_id) VALUES (66, 66);
INSERT INTO Contato(id, Endereco_id) VALUES (67, 67);
INSERT INTO Contato(id, Endereco_id) VALUES (68, 68);
INSERT INTO Contato(id, Endereco_id) VALUES (69, 69);
INSERT INTO Contato(id, Endereco_id) VALUES (70, 70);
INSERT INTO Contato(id, Endereco_id) VALUES (71, 71);
INSERT INTO Contato(id, Endereco_id) VALUES (72, 72);
INSERT INTO Contato(id, Endereco_id) VALUES (73, 73);
INSERT INTO Contato(id, Endereco_id) VALUES (74, 74);
INSERT INTO Contato(id, Endereco_id) VALUES (75, 75);
INSERT INTO Contato(id, Endereco_id) VALUES (76, 76);
INSERT INTO Contato(id, Endereco_id) VALUES (77, 77);
INSERT INTO Contato(id, Endereco_id) VALUES (78, 78);
INSERT INTO Contato(id, Endereco_id) VALUES (79, 79);
INSERT INTO Contato(id, Endereco_id) VALUES (80, 80);
INSERT INTO Contato(id, Endereco_id) VALUES (81, 81);
INSERT INTO Contato(id, Endereco_id) VALUES (82, 82);
INSERT INTO Contato(id, Endereco_id) VALUES (83, 83);
INSERT INTO Contato(id, Endereco_id) VALUES (84, 84);
INSERT INTO Contato(id, Endereco_id) VALUES (85, 85);
INSERT INTO Contato(id, Endereco_id) VALUES (86, 86);
INSERT INTO Contato(id, Endereco_id) VALUES (87, 87);
INSERT INTO Contato(id, Endereco_id) VALUES (88, 88);
INSERT INTO Contato(id, Endereco_id) VALUES (89, 89);
INSERT INTO Contato(id, Endereco_id) VALUES (90, 90);
INSERT INTO Contato(id, Endereco_id) VALUES (91, 91);
INSERT INTO Contato(id, Endereco_id) VALUES (92, 92);
INSERT INTO Contato(id, Endereco_id) VALUES (93, 93);
INSERT INTO Contato(id, Endereco_id) VALUES (94, 94);
INSERT INTO Contato(id, Endereco_id) VALUES (95, 95);
INSERT INTO Contato(id, Endereco_id) VALUES (96, 96);
INSERT INTO Contato(id, Endereco_id) VALUES (97, 97);
INSERT INTO Contato(id, Endereco_id) VALUES (98, 98);
INSERT INTO Contato(id, Endereco_id) VALUES (99, 99);
INSERT INTO Contato(id, Endereco_id) VALUES (100, 100);
INSERT INTO Contato(id, Endereco_id) VALUES (101, 101);
INSERT INTO Contato(id, Endereco_id) VALUES (102, 102);
INSERT INTO Contato(id, Endereco_id) VALUES (103, 103);
INSERT INTO Contato(id, Endereco_id) VALUES (104, 104);
INSERT INTO Contato(id, Endereco_id) VALUES (105, 105);
INSERT INTO Contato(id, Endereco_id) VALUES (106, 106);
INSERT INTO Contato(id, Endereco_id) VALUES (107, 107);
INSERT INTO Contato(id, Endereco_id) VALUES (108, 108);
INSERT INTO Contato(id, Endereco_id) VALUES (109, 109);
INSERT INTO Contato(id, Endereco_id) VALUES (110, 110);
INSERT INTO Contato(id, Endereco_id) VALUES (111, 111);
INSERT INTO Contato(id, Endereco_id) VALUES (112, 112);
INSERT INTO Contato(id, Endereco_id) VALUES (113, 113);
INSERT INTO Contato(id, Endereco_id) VALUES (114, 114);
INSERT INTO Contato(id, Endereco_id) VALUES (115, 115);
INSERT INTO Contato(id, Endereco_id) VALUES (116, 116);
INSERT INTO Contato(id, Endereco_id) VALUES (117, 117);
INSERT INTO Contato(id, Endereco_id) VALUES (118, 118);
INSERT INTO Contato(id, Endereco_id) VALUES (119, 119);
INSERT INTO Contato(id, Endereco_id) VALUES (120, 120);
INSERT INTO Contato(id, Endereco_id) VALUES (121, 121);
INSERT INTO Contato(id, Endereco_id) VALUES (122, 122);
INSERT INTO Contato(id, Endereco_id) VALUES (123, 123);
INSERT INTO Contato(id, Endereco_id) VALUES (124, 124);
INSERT INTO Contato(id, Endereco_id) VALUES (125, 125);
INSERT INTO Contato(id, Endereco_id) VALUES (126, 126);
INSERT INTO Contato(id, Endereco_id) VALUES (127, 127);
INSERT INTO Contato(id, Endereco_id) VALUES (128, 128);
INSERT INTO Contato(id, Endereco_id) VALUES (129, 129);
INSERT INTO Contato(id, Endereco_id) VALUES (130, 130);
INSERT INTO Contato(id, Endereco_id) VALUES (131, 131);
INSERT INTO Contato(id, Endereco_id) VALUES (132, 132);
INSERT INTO Contato(id, Endereco_id) VALUES (133, 133);
INSERT INTO Contato(id, Endereco_id) VALUES (134, 134);
INSERT INTO Contato(id, Endereco_id) VALUES (135, 135);
INSERT INTO Contato(id, Endereco_id) VALUES (136, 136);
INSERT INTO Contato(id, Endereco_id) VALUES (137, 137);
INSERT INTO Contato(id, Endereco_id) VALUES (138, 138);
INSERT INTO Contato(id, Endereco_id) VALUES (139, 139);
INSERT INTO Contato(id, Endereco_id) VALUES (140, 140);
INSERT INTO Contato(id, Endereco_id) VALUES (141, 141);
INSERT INTO Contato(id, Endereco_id) VALUES (142, 142);
INSERT INTO Contato(id, Endereco_id) VALUES (143, 143);
INSERT INTO Contato(id, Endereco_id) VALUES (144, 144);
INSERT INTO Contato(id, Endereco_id) VALUES (145, 145);
INSERT INTO Contato(id, Endereco_id) VALUES (146, 146);
INSERT INTO Contato(id, Endereco_id) VALUES (147, 147);
INSERT INTO Contato(id, Endereco_id) VALUES (148, 148);
INSERT INTO Contato(id, Endereco_id) VALUES (149, 149);
INSERT INTO Contato(id, Endereco_id) VALUES (150, 150);
INSERT INTO Contato(id, Endereco_id) VALUES (151, 151);
INSERT INTO Contato(id, Endereco_id) VALUES (152, 152);
INSERT INTO Contato(id, Endereco_id) VALUES (153, 153);
INSERT INTO Contato(id, Endereco_id) VALUES (154, 154);
INSERT INTO Contato(id, Endereco_id) VALUES (155, 155);
INSERT INTO Contato(id, Endereco_id) VALUES (156, 156);
INSERT INTO Contato(id, Endereco_id) VALUES (157, 157);
INSERT INTO Contato(id, Endereco_id) VALUES (158, 158);
INSERT INTO Contato(id, Endereco_id) VALUES (159, 159);
INSERT INTO Contato(id, Endereco_id) VALUES (160, 160);
INSERT INTO Contato(id, Endereco_id) VALUES (161, 161);
INSERT INTO Contato(id, Endereco_id) VALUES (162, 162);
INSERT INTO Contato(id, Endereco_id) VALUES (163, 163);
INSERT INTO Contato(id, Endereco_id) VALUES (164, 164);
INSERT INTO Contato(id, Endereco_id) VALUES (165, 165);
INSERT INTO Contato(id, Endereco_id) VALUES (166, 166);
INSERT INTO Contato(id, Endereco_id) VALUES (167, 167);
INSERT INTO Contato(id, Endereco_id) VALUES (168, 168);
INSERT INTO Contato(id, Endereco_id) VALUES (169, 169);
INSERT INTO Contato(id, Endereco_id) VALUES (170, 170);
INSERT INTO Contato(id, Endereco_id) VALUES (171, 171);
INSERT INTO Contato(id, Endereco_id) VALUES (172, 172);
INSERT INTO Contato(id, Endereco_id) VALUES (173, 173);
INSERT INTO Contato(id, Endereco_id) VALUES (174, 174);
INSERT INTO Contato(id, Endereco_id) VALUES (175, 175);
INSERT INTO Contato(id, Endereco_id) VALUES (176, 176);
INSERT INTO Contato(id, Endereco_id) VALUES (177, 177);
INSERT INTO Contato(id, Endereco_id) VALUES (178, 178);
INSERT INTO Contato(id, Endereco_id) VALUES (179, 179);
INSERT INTO Contato(id, Endereco_id) VALUES (180, 180);
INSERT INTO Contato(id, Endereco_id) VALUES (181, 181);
INSERT INTO Contato(id, Endereco_id) VALUES (182, 182);
INSERT INTO Contato(id, Endereco_id) VALUES (183, 183);
INSERT INTO Contato(id, Endereco_id) VALUES (184, 184);
INSERT INTO Contato(id, Endereco_id) VALUES (185, 185);
INSERT INTO Contato(id, Endereco_id) VALUES (186, 186);
INSERT INTO Contato(id, Endereco_id) VALUES (187, 187);
INSERT INTO Contato(id, Endereco_id) VALUES (188, 188);
INSERT INTO Contato(id, Endereco_id) VALUES (189, 189);
INSERT INTO Contato(id, Endereco_id) VALUES (190, 190);
INSERT INTO Contato(id, Endereco_id) VALUES (191, 191);
INSERT INTO Contato(id, Endereco_id) VALUES (192, 192);
INSERT INTO Contato(id, Endereco_id) VALUES (193, 193);
INSERT INTO Contato(id, Endereco_id) VALUES (194, 194);
INSERT INTO Contato(id, Endereco_id) VALUES (195, 195);
INSERT INTO Contato(id, Endereco_id) VALUES (196, 196);
INSERT INTO Contato(id, Endereco_id) VALUES (197, 197);
INSERT INTO Contato(id, Endereco_id) VALUES (198, 198);
INSERT INTO Contato(id, Endereco_id) VALUES (199, 199);
INSERT INTO Contato(id, Endereco_id) VALUES (200, 200);

-- Popula a tabela Telefone.

INSERT INTO Telefone(id, numero, Contato_id)
VALUES (1, '(056) 3731-5754', 1);

INSERT INTO Telefone(id, numero, Contato_id)
VALUES (2, '(035) 3413-2178', 2);

INSERT INTO Telefone(id, numero, Contato_id)
VALUES (3, '(094) 3880-7888', 3);

INSERT INTO Telefone(id, numero, Contato_id)
VALUES (4, '(096) 3232-0781', 4);

INSERT INTO Telefone(id, numero, Contato_id)
VALUES (5, '(075) 3831-1391', 5);

INSERT INTO Telefone(id, numero, Contato_id)
VALUES (6, '(085) 3364-7666', 6);

INSERT INTO Telefone(id, numero, Contato_id)
VALUES (7, '(075) 3486-5185', 7);

INSERT INTO Telefone(id, numero, Contato_id)
VALUES (8, '(064) 3551-0291', 8);

INSERT INTO Telefone(id, numero, Contato_id)
VALUES (9, '(067) 3634-7366', 9);

INSERT INTO Telefone(id, numero, Contato_id)
VALUES (10, '(013) 3196-1424', 10);

INSERT INTO Telefone(id, numero, Contato_id)
VALUES (11, '(087) 3105-0925', 11);

INSERT INTO Telefone(id, numero, Contato_id)
VALUES (12, '(086) 3712-0983', 12);

INSERT INTO Telefone(id, numero, Contato_id)
VALUES (13, '(042) 3687-5928', 13);

INSERT INTO Telefone(id, numero, Contato_id)
VALUES (14, '(083) 3387-2828', 14);

INSERT INTO Telefone(id, numero, Contato_id)
VALUES (15, '(042) 3925-2326', 15);

INSERT INTO Telefone(id, numero, Contato_id)
VALUES (16, '(071) 3489-3513', 16);

INSERT INTO Telefone(id, numero, Contato_id)
VALUES (17, '(017) 3421-3329', 17);

INSERT INTO Telefone(id, numero, Contato_id)
VALUES (18, '(031) 3235-5935', 18);

INSERT INTO Telefone(id, numero, Contato_id)
VALUES (19, '(023) 3142-8687', 19);

INSERT INTO Telefone(id, numero, Contato_id)
VALUES (20, '(048) 3697-4304', 20);

INSERT INTO Telefone(id, numero, Contato_id)
VALUES (21, '(073) 3201-0991', 21);

INSERT INTO Telefone(id, numero, Contato_id)
VALUES (22, '(088) 3803-3518', 22);

INSERT INTO Telefone(id, numero, Contato_id)
VALUES (23, '(081) 3405-6248', 23);

INSERT INTO Telefone(id, numero, Contato_id)
VALUES (24, '(019) 3842-5084', 24);

INSERT INTO Telefone(id, numero, Contato_id)
VALUES (25, '(073) 3738-3533', 25);

INSERT INTO Telefone(id, numero, Contato_id)
VALUES (26, '(065) 3867-4240', 26);

INSERT INTO Telefone(id, numero, Contato_id)
VALUES (27, '(097) 3945-3986', 27);

INSERT INTO Telefone(id, numero, Contato_id)
VALUES (28, '(092) 3888-5739', 28);

INSERT INTO Telefone(id, numero, Contato_id)
VALUES (29, '(094) 3223-8602', 29);

INSERT INTO Telefone(id, numero, Contato_id)
VALUES (30, '(024) 3648-3781', 30);

INSERT INTO Telefone(id, numero, Contato_id)
VALUES (31, '(063) 3658-0763', 31);

INSERT INTO Telefone(id, numero, Contato_id)
VALUES (32, '(046) 3494-6681', 32);

INSERT INTO Telefone(id, numero, Contato_id)
VALUES (33, '(079) 3266-4135', 33);

INSERT INTO Telefone(id, numero, Contato_id)
VALUES (34, '(035) 3151-7581', 34);

INSERT INTO Telefone(id, numero, Contato_id)
VALUES (35, '(036) 3547-6583', 35);

INSERT INTO Telefone(id, numero, Contato_id)
VALUES (36, '(033) 3835-3872', 36);

INSERT INTO Telefone(id, numero, Contato_id)
VALUES (37, '(046) 3188-6763', 37);

INSERT INTO Telefone(id, numero, Contato_id)
VALUES (38, '(078) 3898-6928', 38);

INSERT INTO Telefone(id, numero, Contato_id)
VALUES (39, '(077) 3007-4915', 39);

INSERT INTO Telefone(id, numero, Contato_id)
VALUES (40, '(032) 3756-6188', 40);

INSERT INTO Telefone(id, numero, Contato_id)
VALUES (41, '(014) 3843-9805', 41);

INSERT INTO Telefone(id, numero, Contato_id)
VALUES (42, '(075) 3125-1335', 42);

INSERT INTO Telefone(id, numero, Contato_id)
VALUES (43, '(016) 3380-8913', 43);

INSERT INTO Telefone(id, numero, Contato_id)
VALUES (44, '(018) 3597-1705', 44);

INSERT INTO Telefone(id, numero, Contato_id)
VALUES (45, '(062) 3819-6404', 45);

INSERT INTO Telefone(id, numero, Contato_id)
VALUES (46, '(036) 3840-7002', 46);

INSERT INTO Telefone(id, numero, Contato_id)
VALUES (47, '(037) 3687-2071', 47);

INSERT INTO Telefone(id, numero, Contato_id)
VALUES (48, '(089) 3939-3818', 48);

INSERT INTO Telefone(id, numero, Contato_id)
VALUES (49, '(078) 3946-8603', 49);

INSERT INTO Telefone(id, numero, Contato_id)
VALUES (50, '(062) 3833-8036', 50);

INSERT INTO Telefone(id, numero, Contato_id)
VALUES (51, '(031) 3818-1053', 51);

INSERT INTO Telefone(id, numero, Contato_id)
VALUES (52, '(057) 3079-2207', 52);

INSERT INTO Telefone(id, numero, Contato_id)
VALUES (53, '(023) 3258-4080', 53);

INSERT INTO Telefone(id, numero, Contato_id)
VALUES (54, '(078) 3665-0164', 54);

INSERT INTO Telefone(id, numero, Contato_id)
VALUES (55, '(062) 3295-1955', 55);

INSERT INTO Telefone(id, numero, Contato_id)
VALUES (56, '(038) 3201-3065', 56);

INSERT INTO Telefone(id, numero, Contato_id)
VALUES (57, '(036) 3931-1791', 57);

INSERT INTO Telefone(id, numero, Contato_id)
VALUES (58, '(017) 3762-4107', 58);

INSERT INTO Telefone(id, numero, Contato_id)
VALUES (59, '(025) 3761-9907', 59);

INSERT INTO Telefone(id, numero, Contato_id)
VALUES (60, '(079) 3674-2143', 60);

INSERT INTO Telefone(id, numero, Contato_id)
VALUES (61, '(095) 3025-6581', 61);

INSERT INTO Telefone(id, numero, Contato_id)
VALUES (62, '(065) 3465-5081', 62);

INSERT INTO Telefone(id, numero, Contato_id)
VALUES (63, '(059) 3880-8291', 63);

INSERT INTO Telefone(id, numero, Contato_id)
VALUES (64, '(043) 3347-0054', 64);

INSERT INTO Telefone(id, numero, Contato_id)
VALUES (65, '(044) 3900-7714', 65);

INSERT INTO Telefone(id, numero, Contato_id)
VALUES (66, '(057) 3065-3161', 66);

INSERT INTO Telefone(id, numero, Contato_id)
VALUES (67, '(032) 3716-9899', 67);

INSERT INTO Telefone(id, numero, Contato_id)
VALUES (68, '(069) 3272-7483', 68);

INSERT INTO Telefone(id, numero, Contato_id)
VALUES (69, '(096) 3910-3133', 69);

INSERT INTO Telefone(id, numero, Contato_id)
VALUES (70, '(057) 3516-6504', 70);

INSERT INTO Telefone(id, numero, Contato_id)
VALUES (71, '(068) 3100-4911', 71);

INSERT INTO Telefone(id, numero, Contato_id)
VALUES (72, '(052) 3709-5549', 72);

INSERT INTO Telefone(id, numero, Contato_id)
VALUES (73, '(032) 3714-4808', 73);

INSERT INTO Telefone(id, numero, Contato_id)
VALUES (74, '(043) 3903-7509', 74);

INSERT INTO Telefone(id, numero, Contato_id)
VALUES (75, '(071) 3737-3829', 75);

INSERT INTO Telefone(id, numero, Contato_id)
VALUES (76, '(027) 3915-4941', 76);

INSERT INTO Telefone(id, numero, Contato_id)
VALUES (77, '(068) 3971-9862', 77);

INSERT INTO Telefone(id, numero, Contato_id)
VALUES (78, '(072) 3675-9180', 78);

INSERT INTO Telefone(id, numero, Contato_id)
VALUES (79, '(048) 3899-0453', 79);

INSERT INTO Telefone(id, numero, Contato_id)
VALUES (80, '(061) 3955-7644', 80);

INSERT INTO Telefone(id, numero, Contato_id)
VALUES (81, '(055) 3416-0058', 81);

INSERT INTO Telefone(id, numero, Contato_id)
VALUES (82, '(019) 3222-9894', 82);

INSERT INTO Telefone(id, numero, Contato_id)
VALUES (83, '(085) 3523-3496', 83);

INSERT INTO Telefone(id, numero, Contato_id)
VALUES (84, '(017) 3859-3668', 84);

INSERT INTO Telefone(id, numero, Contato_id)
VALUES (85, '(054) 3446-3612', 85);

INSERT INTO Telefone(id, numero, Contato_id)
VALUES (86, '(079) 3699-1502', 86);

INSERT INTO Telefone(id, numero, Contato_id)
VALUES (87, '(075) 3511-4072', 87);

INSERT INTO Telefone(id, numero, Contato_id)
VALUES (88, '(074) 3251-2503', 88);

INSERT INTO Telefone(id, numero, Contato_id)
VALUES (89, '(033) 3379-9219', 89);

INSERT INTO Telefone(id, numero, Contato_id)
VALUES (90, '(067) 3738-4916', 90);

INSERT INTO Telefone(id, numero, Contato_id)
VALUES (91, '(029) 3122-9413', 91);

INSERT INTO Telefone(id, numero, Contato_id)
VALUES (92, '(072) 3852-7654', 92);

INSERT INTO Telefone(id, numero, Contato_id)
VALUES (93, '(085) 3340-8995', 93);

INSERT INTO Telefone(id, numero, Contato_id)
VALUES (94, '(079) 3829-2635', 94);

INSERT INTO Telefone(id, numero, Contato_id)
VALUES (95, '(029) 3051-7583', 95);

INSERT INTO Telefone(id, numero, Contato_id)
VALUES (96, '(072) 3139-8765', 96);

INSERT INTO Telefone(id, numero, Contato_id)
VALUES (97, '(032) 3221-7624', 97);

INSERT INTO Telefone(id, numero, Contato_id)
VALUES (98, '(052) 3278-9489', 98);

INSERT INTO Telefone(id, numero, Contato_id)
VALUES (99, '(079) 3367-7016', 99);

INSERT INTO Telefone(id, numero, Contato_id)
VALUES (100, '(029) 3316-4822', 100);

INSERT INTO Telefone(id, numero, Contato_id)
VALUES (101, '(032) 3340-8444', 101);

INSERT INTO Telefone(id, numero, Contato_id)
VALUES (102, '(072) 3656-9791', 102);

INSERT INTO Telefone(id, numero, Contato_id)
VALUES (103, '(092) 3590-8419', 103);

INSERT INTO Telefone(id, numero, Contato_id)
VALUES (104, '(081) 3976-9132', 104);

INSERT INTO Telefone(id, numero, Contato_id)
VALUES (105, '(016) 3137-2048', 105);

INSERT INTO Telefone(id, numero, Contato_id)
VALUES (106, '(091) 3220-2217', 106);

INSERT INTO Telefone(id, numero, Contato_id)
VALUES (107, '(067) 3942-8260', 107);

INSERT INTO Telefone(id, numero, Contato_id)
VALUES (108, '(015) 3864-6870', 108);

INSERT INTO Telefone(id, numero, Contato_id)
VALUES (109, '(026) 3770-8344', 109);

INSERT INTO Telefone(id, numero, Contato_id)
VALUES (110, '(094) 3901-9898', 110);

INSERT INTO Telefone(id, numero, Contato_id)
VALUES (111, '(088) 3020-8523', 111);

INSERT INTO Telefone(id, numero, Contato_id)
VALUES (112, '(043) 3879-4725', 112);

INSERT INTO Telefone(id, numero, Contato_id)
VALUES (113, '(089) 3783-2077', 113);

INSERT INTO Telefone(id, numero, Contato_id)
VALUES (114, '(099) 3188-7853', 114);

INSERT INTO Telefone(id, numero, Contato_id)
VALUES (115, '(042) 3075-6200', 115);

INSERT INTO Telefone(id, numero, Contato_id)
VALUES (116, '(041) 3195-2693', 116);

INSERT INTO Telefone(id, numero, Contato_id)
VALUES (117, '(099) 3504-3208', 117);

INSERT INTO Telefone(id, numero, Contato_id)
VALUES (118, '(032) 3968-4349', 118);

INSERT INTO Telefone(id, numero, Contato_id)
VALUES (119, '(027) 3601-5433', 119);

INSERT INTO Telefone(id, numero, Contato_id)
VALUES (120, '(077) 3011-3287', 120);

INSERT INTO Telefone(id, numero, Contato_id)
VALUES (121, '(017) 3059-1716', 121);

INSERT INTO Telefone(id, numero, Contato_id)
VALUES (122, '(024) 3800-0920', 122);

INSERT INTO Telefone(id, numero, Contato_id)
VALUES (123, '(077) 3655-0143', 123);

INSERT INTO Telefone(id, numero, Contato_id)
VALUES (124, '(021) 3941-9269', 124);

INSERT INTO Telefone(id, numero, Contato_id)
VALUES (125, '(098) 3641-3559', 125);

INSERT INTO Telefone(id, numero, Contato_id)
VALUES (126, '(099) 3865-9756', 126);

INSERT INTO Telefone(id, numero, Contato_id)
VALUES (127, '(065) 3647-1778', 127);

INSERT INTO Telefone(id, numero, Contato_id)
VALUES (128, '(061) 3729-3107', 128);

INSERT INTO Telefone(id, numero, Contato_id)
VALUES (129, '(024) 3353-0025', 129);

INSERT INTO Telefone(id, numero, Contato_id)
VALUES (130, '(099) 3044-8453', 130);

INSERT INTO Telefone(id, numero, Contato_id)
VALUES (131, '(037) 3051-3207', 131);

INSERT INTO Telefone(id, numero, Contato_id)
VALUES (132, '(077) 3994-6122', 132);

INSERT INTO Telefone(id, numero, Contato_id)
VALUES (133, '(019) 3441-2531', 133);

INSERT INTO Telefone(id, numero, Contato_id)
VALUES (134, '(068) 3221-8031', 134);

INSERT INTO Telefone(id, numero, Contato_id)
VALUES (135, '(096) 3563-6652', 135);

INSERT INTO Telefone(id, numero, Contato_id)
VALUES (136, '(055) 3364-7346', 136);

INSERT INTO Telefone(id, numero, Contato_id)
VALUES (137, '(039) 3012-0943', 137);

INSERT INTO Telefone(id, numero, Contato_id)
VALUES (138, '(098) 3961-6190', 138);

INSERT INTO Telefone(id, numero, Contato_id)
VALUES (139, '(088) 3943-8812', 139);

INSERT INTO Telefone(id, numero, Contato_id)
VALUES (140, '(015) 3121-4917', 140);

INSERT INTO Telefone(id, numero, Contato_id)
VALUES (141, '(018) 3235-1442', 141);

INSERT INTO Telefone(id, numero, Contato_id)
VALUES (142, '(057) 3168-2062', 142);

INSERT INTO Telefone(id, numero, Contato_id)
VALUES (143, '(047) 3331-8486', 143);

INSERT INTO Telefone(id, numero, Contato_id)
VALUES (144, '(035) 3173-8780', 144);

INSERT INTO Telefone(id, numero, Contato_id)
VALUES (145, '(063) 3403-8017', 145);

INSERT INTO Telefone(id, numero, Contato_id)
VALUES (146, '(014) 3854-9464', 146);

INSERT INTO Telefone(id, numero, Contato_id)
VALUES (147, '(065) 3132-3412', 147);

INSERT INTO Telefone(id, numero, Contato_id)
VALUES (148, '(044) 3930-6726', 148);

INSERT INTO Telefone(id, numero, Contato_id)
VALUES (149, '(086) 3625-6919', 149);

INSERT INTO Telefone(id, numero, Contato_id)
VALUES (150, '(045) 3631-4989', 150);

INSERT INTO Telefone(id, numero, Contato_id)
VALUES (151, '(097) 3228-3908', 151);

INSERT INTO Telefone(id, numero, Contato_id)
VALUES (152, '(097) 3595-6300', 152);

INSERT INTO Telefone(id, numero, Contato_id)
VALUES (153, '(013) 3037-9202', 153);

INSERT INTO Telefone(id, numero, Contato_id)
VALUES (154, '(058) 3806-4360', 154);

INSERT INTO Telefone(id, numero, Contato_id)
VALUES (155, '(013) 3892-1895', 155);

INSERT INTO Telefone(id, numero, Contato_id)
VALUES (156, '(057) 3834-6784', 156);

INSERT INTO Telefone(id, numero, Contato_id)
VALUES (157, '(074) 3287-7814', 157);

INSERT INTO Telefone(id, numero, Contato_id)
VALUES (158, '(072) 3332-9949', 158);

INSERT INTO Telefone(id, numero, Contato_id)
VALUES (159, '(091) 3067-5299', 159);

INSERT INTO Telefone(id, numero, Contato_id)
VALUES (160, '(077) 3884-2075', 160);

INSERT INTO Telefone(id, numero, Contato_id)
VALUES (161, '(061) 3173-2751', 161);

INSERT INTO Telefone(id, numero, Contato_id)
VALUES (162, '(069) 3413-2936', 162);

INSERT INTO Telefone(id, numero, Contato_id)
VALUES (163, '(058) 3814-2053', 163);

INSERT INTO Telefone(id, numero, Contato_id)
VALUES (164, '(069) 3307-3560', 164);

INSERT INTO Telefone(id, numero, Contato_id)
VALUES (165, '(062) 3900-3447', 165);

INSERT INTO Telefone(id, numero, Contato_id)
VALUES (166, '(093) 3376-0551', 166);

INSERT INTO Telefone(id, numero, Contato_id)
VALUES (167, '(021) 3456-7113', 167);

INSERT INTO Telefone(id, numero, Contato_id)
VALUES (168, '(029) 3031-4431', 168);

INSERT INTO Telefone(id, numero, Contato_id)
VALUES (169, '(065) 3952-7091', 169);

INSERT INTO Telefone(id, numero, Contato_id)
VALUES (170, '(049) 3500-1013', 170);

INSERT INTO Telefone(id, numero, Contato_id)
VALUES (171, '(072) 3944-1375', 171);

INSERT INTO Telefone(id, numero, Contato_id)
VALUES (172, '(026) 3564-4385', 172);

INSERT INTO Telefone(id, numero, Contato_id)
VALUES (173, '(048) 3895-5966', 173);

INSERT INTO Telefone(id, numero, Contato_id)
VALUES (174, '(089) 3164-8081', 174);

INSERT INTO Telefone(id, numero, Contato_id)
VALUES (175, '(091) 3319-9669', 175);

INSERT INTO Telefone(id, numero, Contato_id)
VALUES (176, '(063) 3012-4844', 176);

INSERT INTO Telefone(id, numero, Contato_id)
VALUES (177, '(057) 3335-3553', 177);

INSERT INTO Telefone(id, numero, Contato_id)
VALUES (178, '(097) 3121-0051', 178);

INSERT INTO Telefone(id, numero, Contato_id)
VALUES (179, '(048) 3434-7099', 179);

INSERT INTO Telefone(id, numero, Contato_id)
VALUES (180, '(011) 3317-3874', 180);

INSERT INTO Telefone(id, numero, Contato_id)
VALUES (181, '(046) 3043-4252', 181);

INSERT INTO Telefone(id, numero, Contato_id)
VALUES (182, '(075) 3619-1431', 182);

INSERT INTO Telefone(id, numero, Contato_id)
VALUES (183, '(067) 3221-5294', 183);

INSERT INTO Telefone(id, numero, Contato_id)
VALUES (184, '(033) 3643-9804', 184);

INSERT INTO Telefone(id, numero, Contato_id)
VALUES (185, '(022) 3352-3767', 185);

INSERT INTO Telefone(id, numero, Contato_id)
VALUES (186, '(056) 3011-6303', 186);

INSERT INTO Telefone(id, numero, Contato_id)
VALUES (187, '(043) 3336-8075', 187);

INSERT INTO Telefone(id, numero, Contato_id)
VALUES (188, '(045) 3799-4600', 188);

INSERT INTO Telefone(id, numero, Contato_id)
VALUES (189, '(062) 3210-8212', 189);

INSERT INTO Telefone(id, numero, Contato_id)
VALUES (190, '(073) 3528-6353', 190);

INSERT INTO Telefone(id, numero, Contato_id)
VALUES (191, '(036) 3717-3557', 191);

INSERT INTO Telefone(id, numero, Contato_id)
VALUES (192, '(046) 3943-7950', 192);

INSERT INTO Telefone(id, numero, Contato_id)
VALUES (193, '(021) 3174-0052', 193);

INSERT INTO Telefone(id, numero, Contato_id)
VALUES (194, '(019) 3471-4261', 194);

INSERT INTO Telefone(id, numero, Contato_id)
VALUES (195, '(026) 3989-5665', 195);

INSERT INTO Telefone(id, numero, Contato_id)
VALUES (196, '(014) 3968-2571', 196);

INSERT INTO Telefone(id, numero, Contato_id)
VALUES (197, '(072) 3625-8871', 197);

INSERT INTO Telefone(id, numero, Contato_id)
VALUES (198, '(071) 3377-4464', 198);

INSERT INTO Telefone(id, numero, Contato_id)
VALUES (199, '(052) 3755-3809', 199);

INSERT INTO Telefone(id, numero, Contato_id)
VALUES (200, '(059) 3989-0736', 200);

-- Popula a tabela Motorista.

INSERT INTO Motorista(id, nome, cpf, rg, cnh, disponibilidade, Contato_id, Veiculo_id)
VALUES (1, 'Rashad Romer', '073.233.575-31', '4023215', '82921535721', false, 1, 1);

INSERT INTO Motorista(id, nome, cpf, rg, cnh, disponibilidade, Contato_id, Veiculo_id)
VALUES (2, 'Teresa Tant', '522.234.143-28', '6583228', '10731543091', false, 2, 2);

INSERT INTO Motorista(id, nome, cpf, rg, cnh, disponibilidade, Contato_id, Veiculo_id)
VALUES (3, 'Kyoko Korn', '889.235.372-25', '3463230', '77971554187', true, 3, 3);

INSERT INTO Motorista(id, nome, cpf, rg, cnh, disponibilidade, Contato_id, Veiculo_id)
VALUES (4, 'Latonya Leaman', '561.236.239-55', '5453246', '51791560899', true, 4, 4);

INSERT INTO Motorista(id, nome, cpf, rg, cnh, disponibilidade, Contato_id, Veiculo_id)
VALUES (5, 'Luigi Lamay', '958.237.301-43', '6683254', '41671578933', false, 5, 5);

INSERT INTO Motorista(id, nome, cpf, rg, cnh, disponibilidade, Contato_id, Veiculo_id)
VALUES (6, 'Suzanne Scola', '155.238.329-77', '3153260', '93111588603', true, 6, 6);

INSERT INTO Motorista(id, nome, cpf, rg, cnh, disponibilidade, Contato_id, Veiculo_id)
VALUES (7, 'Tabitha Tunnell', '215.239.459-42', '8563271', '49691590181', false, 7, 7);

INSERT INTO Motorista(id, nome, cpf, rg, cnh, disponibilidade, Contato_id, Veiculo_id)
VALUES (8, 'Lonny Lacasse', '777.240.200-86', '2983284', '71361604928', false, 8, 8);

INSERT INTO Motorista(id, nome, cpf, rg, cnh, disponibilidade, Contato_id, Veiculo_id)
VALUES (9, 'Tangela Trowbridge', '190.241.417-35', '4343299', '13081615647', true, 9, 9);

INSERT INTO Motorista(id, nome, cpf, rg, cnh, disponibilidade, Contato_id, Veiculo_id)
VALUES (10, 'Theressa Tarkington', '658.242.815-94', '3373300', '70031628204', false, 10, 10);

INSERT INTO Motorista(id, nome, cpf, rg, cnh, disponibilidade, Contato_id, Veiculo_id)
VALUES (11, 'Bettye Beaubien', '623.243.620-18', '8873310', '19591630720', true, 11, 11);

INSERT INTO Motorista(id, nome, cpf, rg, cnh, disponibilidade, Contato_id, Veiculo_id)
VALUES (12, 'Sung Southall', '237.244.109-52', '7773323', '91531643356', true, 12, 12);

INSERT INTO Motorista(id, nome, cpf, rg, cnh, disponibilidade, Contato_id, Veiculo_id)
VALUES (13, 'Leighann Logan', '931.245.496-08', '3423338', '01961651918', false, 13, 13);

INSERT INTO Motorista(id, nome, cpf, rg, cnh, disponibilidade, Contato_id, Veiculo_id)
VALUES (14, 'Avery Almanzar', '344.246.166-52', '0003340', '19871665805', true, 14, 14);

INSERT INTO Motorista(id, nome, cpf, rg, cnh, disponibilidade, Contato_id, Veiculo_id)
VALUES (15, 'Horace Huber', '360.247.590-25', '3593358', '04101674325', true, 15, 15);

INSERT INTO Motorista(id, nome, cpf, rg, cnh, disponibilidade, Contato_id, Veiculo_id)
VALUES (16, 'Candace Calderone', '583.248.698-46', '7813362', '93321683045', true, 16, 16);

INSERT INTO Motorista(id, nome, cpf, rg, cnh, disponibilidade, Contato_id, Veiculo_id)
VALUES (17, 'Selma Siegler', '168.249.745-68', '2153373', '71251690553', false, 17, 17);

INSERT INTO Motorista(id, nome, cpf, rg, cnh, disponibilidade, Contato_id, Veiculo_id)
VALUES (18, 'Ok Oyler', '313.250.311-98', '6343382', '85761709734', false, 18, 18);

INSERT INTO Motorista(id, nome, cpf, rg, cnh, disponibilidade, Contato_id, Veiculo_id)
VALUES (19, 'Rex Raynes', '506.251.830-82', '8043398', '13001714318', false, 19, 19);

INSERT INTO Motorista(id, nome, cpf, rg, cnh, disponibilidade, Contato_id, Veiculo_id)
VALUES (20, 'Mariela Mccorkle', '319.252.949-00', '2443404', '94671727812', true, 20, 20);

INSERT INTO Motorista(id, nome, cpf, rg, cnh, disponibilidade, Contato_id, Veiculo_id)
VALUES (21, 'Andres Auman', '986.253.951-93', '0153418', '11991739145', false, 21, 21);

INSERT INTO Motorista(id, nome, cpf, rg, cnh, disponibilidade, Contato_id, Veiculo_id)
VALUES (22, 'Vera Vannote', '071.254.847-03', '6683429', '99421741586', false, 22, 22);

INSERT INTO Motorista(id, nome, cpf, rg, cnh, disponibilidade, Contato_id, Veiculo_id)
VALUES (23, 'Cristine Condie', '836.255.966-61', '9673432', '68701758964', true, 23, 23);

INSERT INTO Motorista(id, nome, cpf, rg, cnh, disponibilidade, Contato_id, Veiculo_id)
VALUES (24, 'Andree Audet', '355.256.599-48', '3023442', '90901767730', false, 24, 24);

INSERT INTO Motorista(id, nome, cpf, rg, cnh, disponibilidade, Contato_id, Veiculo_id)
VALUES (25, 'Samual Sparacino', '965.257.668-38', '3223450', '92211774417', true, 25, 25);

INSERT INTO Motorista(id, nome, cpf, rg, cnh, disponibilidade, Contato_id, Veiculo_id)
VALUES (26, 'Rosalba Riehl', '193.258.355-81', '9573468', '59861789732', true, 26, 26);

INSERT INTO Motorista(id, nome, cpf, rg, cnh, disponibilidade, Contato_id, Veiculo_id)
VALUES (27, 'Blair Becerra', '171.259.902-52', '0533478', '39041791646', true, 27, 27);

INSERT INTO Motorista(id, nome, cpf, rg, cnh, disponibilidade, Contato_id, Veiculo_id)
VALUES (28, 'Ilene Iman', '646.260.146-71', '9263486', '44491809608', true, 28, 28);

INSERT INTO Motorista(id, nome, cpf, rg, cnh, disponibilidade, Contato_id, Veiculo_id)
VALUES (29, 'Sherley Stuber', '279.261.902-46', '8233495', '39001818966', false, 29, 29);

INSERT INTO Motorista(id, nome, cpf, rg, cnh, disponibilidade, Contato_id, Veiculo_id)
VALUES (30, 'Leslee Lafler', '262.262.721-67', '0723500', '37031822968', true, 30, 30);

INSERT INTO Motorista(id, nome, cpf, rg, cnh, disponibilidade, Contato_id, Veiculo_id)
VALUES (31, 'Lavonne Leverette', '693.263.692-71', '4553519', '25411835906', false, 31, 31);

INSERT INTO Motorista(id, nome, cpf, rg, cnh, disponibilidade, Contato_id, Veiculo_id)
VALUES (32, 'Chantal Chubb', '215.264.780-65', '7583529', '85731846602', true, 32, 32);

INSERT INTO Motorista(id, nome, cpf, rg, cnh, disponibilidade, Contato_id, Veiculo_id)
VALUES (33, 'Ozie Ottley', '885.265.866-61', '3263536', '42421855795', false, 33, 33);

INSERT INTO Motorista(id, nome, cpf, rg, cnh, disponibilidade, Contato_id, Veiculo_id)
VALUES (34, 'Judie Jaycox', '424.266.789-08', '9353541', '97131863962', false, 34, 34);

INSERT INTO Motorista(id, nome, cpf, rg, cnh, disponibilidade, Contato_id, Veiculo_id)
VALUES (35, 'Faye Fluellen', '500.267.256-60', '3183556', '78051872514', false, 35, 35);

INSERT INTO Motorista(id, nome, cpf, rg, cnh, disponibilidade, Contato_id, Veiculo_id)
VALUES (36, 'Shakia Snelson', '876.268.345-40', '3693561', '61691889011', false, 36, 36);

INSERT INTO Motorista(id, nome, cpf, rg, cnh, disponibilidade, Contato_id, Veiculo_id)
VALUES (37, 'Louisa Lathan', '438.269.021-07', '8533577', '24331896585', false, 37, 37);

INSERT INTO Motorista(id, nome, cpf, rg, cnh, disponibilidade, Contato_id, Veiculo_id)
VALUES (38, 'Dexter Dana', '942.270.851-80', '1413581', '67671902525', false, 38, 38);

INSERT INTO Motorista(id, nome, cpf, rg, cnh, disponibilidade, Contato_id, Veiculo_id)
VALUES (39, 'Ray Ridder', '185.271.316-08', '6033599', '49601911679', false, 39, 39);

INSERT INTO Motorista(id, nome, cpf, rg, cnh, disponibilidade, Contato_id, Veiculo_id)
VALUES (40, 'Kenny Kosak', '066.272.829-64', '2133608', '44771925504', true, 40, 40);

INSERT INTO Motorista(id, nome, cpf, rg, cnh, disponibilidade, Contato_id, Veiculo_id)
VALUES (41, 'Eliz Elie', '610.273.780-83', '7443610', '66711932407', true, 41, 41);

INSERT INTO Motorista(id, nome, cpf, rg, cnh, disponibilidade, Contato_id, Veiculo_id)
VALUES (42, 'Nichole Newingham', '658.274.148-75', '4543625', '27481942179', false, 42, 42);

INSERT INTO Motorista(id, nome, cpf, rg, cnh, disponibilidade, Contato_id, Veiculo_id)
VALUES (43, 'Saul Soto', '022.275.135-88', '3633632', '42931958145', true, 43, 43);

INSERT INTO Motorista(id, nome, cpf, rg, cnh, disponibilidade, Contato_id, Veiculo_id)
VALUES (44, 'Julissa Jone', '112.276.874-31', '7463642', '87471963133', true, 44, 44);

INSERT INTO Motorista(id, nome, cpf, rg, cnh, disponibilidade, Contato_id, Veiculo_id)
VALUES (45, 'Abram Applin', '980.277.632-24', '5503659', '62701973086', true, 45, 45);

INSERT INTO Motorista(id, nome, cpf, rg, cnh, disponibilidade, Contato_id, Veiculo_id)
VALUES (46, 'Rosenda Rossman', '412.278.778-14', '8263660', '34511988058', false, 46, 46);

INSERT INTO Motorista(id, nome, cpf, rg, cnh, disponibilidade, Contato_id, Veiculo_id)
VALUES (47, 'Nidia Nembhard', '229.279.466-46', '0473670', '38491996445', false, 47, 47);

INSERT INTO Motorista(id, nome, cpf, rg, cnh, disponibilidade, Contato_id, Veiculo_id)
VALUES (48, 'Patty Preece', '201.280.276-95', '6663685', '53892009253', false, 48, 48);

INSERT INTO Motorista(id, nome, cpf, rg, cnh, disponibilidade, Contato_id, Veiculo_id)
VALUES (49, 'Berenice Butt', '400.281.539-81', '5243698', '48682016211', true, 49, 49);

INSERT INTO Motorista(id, nome, cpf, rg, cnh, disponibilidade, Contato_id, Veiculo_id)
VALUES (50, 'Ashlee Andreas', '642.282.082-09', '1993701', '95132026668', false, 50, 50);

INSERT INTO Motorista(id, nome, cpf, rg, cnh, disponibilidade, Contato_id, Veiculo_id)
VALUES (51, 'Marisela Morrow', '100.283.281-62', '1963716', '87292032194', true, 51, 51);

INSERT INTO Motorista(id, nome, cpf, rg, cnh, disponibilidade, Contato_id, Veiculo_id)
VALUES (52, 'Katheleen Kenan', '861.284.438-92', '6863726', '06902044899', false, 52, 52);

INSERT INTO Motorista(id, nome, cpf, rg, cnh, disponibilidade, Contato_id, Veiculo_id)
VALUES (53, 'Scarlett Schiavo', '848.285.177-80', '4483734', '79582057150', false, 53, 53);

INSERT INTO Motorista(id, nome, cpf, rg, cnh, disponibilidade, Contato_id, Veiculo_id)
VALUES (54, 'Collin Cuneo', '663.286.440-46', '1223743', '95822064491', true, 54, 54);

INSERT INTO Motorista(id, nome, cpf, rg, cnh, disponibilidade, Contato_id, Veiculo_id)
VALUES (55, 'Sharika Severs', '688.287.183-77', '4313755', '07492079495', true, 55, 55);

INSERT INTO Motorista(id, nome, cpf, rg, cnh, disponibilidade, Contato_id, Veiculo_id)
VALUES (56, 'Ardelle Arrieta', '769.288.325-09', '1893769', '24852083945', true, 56, 56);

INSERT INTO Motorista(id, nome, cpf, rg, cnh, disponibilidade, Contato_id, Veiculo_id)
VALUES (57, 'Gaynelle Geraghty', '621.289.980-99', '7113779', '71282095280', false, 57, 57);

INSERT INTO Motorista(id, nome, cpf, rg, cnh, disponibilidade, Contato_id, Veiculo_id)
VALUES (58, 'Noemi Nuzzo', '303.290.549-97', '5753780', '20912100424', true, 58, 58);

INSERT INTO Motorista(id, nome, cpf, rg, cnh, disponibilidade, Contato_id, Veiculo_id)
VALUES (59, 'Willis Wilkens', '464.291.239-19', '0673799', '29092113208', false, 59, 59);

INSERT INTO Motorista(id, nome, cpf, rg, cnh, disponibilidade, Contato_id, Veiculo_id)
VALUES (60, 'Nisha Neilson', '469.292.315-33', '4183800', '46262124661', false, 60, 60);

INSERT INTO Motorista(id, nome, cpf, rg, cnh, disponibilidade, Contato_id, Veiculo_id)
VALUES (61, 'Trula Toomey', '667.293.657-84', '7673816', '60602132189', true, 61, 61);

INSERT INTO Motorista(id, nome, cpf, rg, cnh, disponibilidade, Contato_id, Veiculo_id)
VALUES (62, 'Jonie Johnstone', '341.294.134-31', '8223829', '16442147777', false, 62, 62);

INSERT INTO Motorista(id, nome, cpf, rg, cnh, disponibilidade, Contato_id, Veiculo_id)
VALUES (63, 'Tod Traughber', '593.295.157-43', '1773835', '00992155881', true, 63, 63);

INSERT INTO Motorista(id, nome, cpf, rg, cnh, disponibilidade, Contato_id, Veiculo_id)
VALUES (64, 'Nidia Null', '847.296.465-62', '6333848', '77852163143', false, 64, 64);

INSERT INTO Motorista(id, nome, cpf, rg, cnh, disponibilidade, Contato_id, Veiculo_id)
VALUES (65, 'Mamie Mccumber', '170.297.293-09', '4683852', '89122172597', true, 65, 65);

INSERT INTO Motorista(id, nome, cpf, rg, cnh, disponibilidade, Contato_id, Veiculo_id)
VALUES (66, 'Becky Babcock', '561.298.795-06', '9043867', '57892187830', true, 66, 66);

INSERT INTO Motorista(id, nome, cpf, rg, cnh, disponibilidade, Contato_id, Veiculo_id)
VALUES (67, 'Yvone Yaple', '397.299.932-50', '7843879', '53422190372', false, 67, 67);

INSERT INTO Motorista(id, nome, cpf, rg, cnh, disponibilidade, Contato_id, Veiculo_id)
VALUES (68, 'Bee Breck', '397.300.995-21', '1033886', '89692205494', false, 68, 68);

INSERT INTO Motorista(id, nome, cpf, rg, cnh, disponibilidade, Contato_id, Veiculo_id)
VALUES (69, 'Ara Alves', '707.301.821-16', '4043894', '39752216385', false, 69, 69);

INSERT INTO Motorista(id, nome, cpf, rg, cnh, disponibilidade, Contato_id, Veiculo_id)
VALUES (70, 'May Mongillo', '878.302.502-75', '0803901', '11932229872', false, 70, 70);

INSERT INTO Motorista(id, nome, cpf, rg, cnh, disponibilidade, Contato_id, Veiculo_id)
VALUES (71, 'Angel Altizer', '364.303.637-20', '9243911', '31702238474', true, 71, 71);

INSERT INTO Motorista(id, nome, cpf, rg, cnh, disponibilidade, Contato_id, Veiculo_id)
VALUES (72, 'Bo Bledsoe', '208.304.465-69', '9153925', '79542245133', true, 72, 72);

INSERT INTO Motorista(id, nome, cpf, rg, cnh, disponibilidade, Contato_id, Veiculo_id)
VALUES (73, 'Andre Avis', '557.305.589-70', '5563932', '14682258195', false, 73, 73);

INSERT INTO Motorista(id, nome, cpf, rg, cnh, disponibilidade, Contato_id, Veiculo_id)
VALUES (74, 'Lanny Lennon', '889.306.711-90', '5743948', '46642260344', false, 74, 74);

INSERT INTO Motorista(id, nome, cpf, rg, cnh, disponibilidade, Contato_id, Veiculo_id)
VALUES (75, 'Carla Cogdill', '690.307.030-55', '0923958', '47372271782', true, 75, 75);

INSERT INTO Motorista(id, nome, cpf, rg, cnh, disponibilidade, Contato_id, Veiculo_id)
VALUES (76, 'Donna Dobbin', '749.308.427-59', '5793967', '07192286428', false, 76, 76);

INSERT INTO Motorista(id, nome, cpf, rg, cnh, disponibilidade, Contato_id, Veiculo_id)
VALUES (77, 'Troy Turman', '297.309.518-85', '0923972', '23592292261', false, 77, 77);

INSERT INTO Motorista(id, nome, cpf, rg, cnh, disponibilidade, Contato_id, Veiculo_id)
VALUES (78, 'Mozella Mcneil', '490.310.462-20', '7053985', '56182308910', false, 78, 78);

INSERT INTO Motorista(id, nome, cpf, rg, cnh, disponibilidade, Contato_id, Veiculo_id)
VALUES (79, 'Jennell Jarrett', '994.311.614-13', '1013997', '26952311160', true, 79, 79);

INSERT INTO Motorista(id, nome, cpf, rg, cnh, disponibilidade, Contato_id, Veiculo_id)
VALUES (80, 'Tasha Tu', '505.312.635-45', '9284004', '22522321592', true, 80, 80);

INSERT INTO Motorista(id, nome, cpf, rg, cnh, disponibilidade, Contato_id, Veiculo_id)
VALUES (81, 'Reena Releford', '932.313.447-51', '6714018', '50202336539', false, 81, 81);

INSERT INTO Motorista(id, nome, cpf, rg, cnh, disponibilidade, Contato_id, Veiculo_id)
VALUES (82, 'Carin Crabill', '139.314.154-37', '9254022', '24142344162', false, 82, 82);

INSERT INTO Motorista(id, nome, cpf, rg, cnh, disponibilidade, Contato_id, Veiculo_id)
VALUES (83, 'Ernestine Eberhardt', '864.315.255-96', '0544039', '91962354864', true, 83, 83);

INSERT INTO Motorista(id, nome, cpf, rg, cnh, disponibilidade, Contato_id, Veiculo_id)
VALUES (84, 'Berenice Benshoof', '850.316.030-66', '6314043', '58262360452', true, 84, 84);

INSERT INTO Motorista(id, nome, cpf, rg, cnh, disponibilidade, Contato_id, Veiculo_id)
VALUES (85, 'Sharleen Spengler', '377.317.217-77', '9564053', '02182377804', false, 85, 85);

INSERT INTO Motorista(id, nome, cpf, rg, cnh, disponibilidade, Contato_id, Veiculo_id)
VALUES (86, 'Ruth Routt', '123.318.999-15', '2724067', '87832387778', true, 86, 86);

INSERT INTO Motorista(id, nome, cpf, rg, cnh, disponibilidade, Contato_id, Veiculo_id)
VALUES (87, 'Marivel Mangum', '850.319.476-81', '9164073', '81442395143', false, 87, 87);

INSERT INTO Motorista(id, nome, cpf, rg, cnh, disponibilidade, Contato_id, Veiculo_id)
VALUES (88, 'Bobby Burchard', '161.320.775-27', '9064083', '02142400891', false, 88, 88);

INSERT INTO Motorista(id, nome, cpf, rg, cnh, disponibilidade, Contato_id, Veiculo_id)
VALUES (89, 'Candance Ceniceros', '523.321.426-28', '2374092', '07352411231', false, 89, 89);

INSERT INTO Motorista(id, nome, cpf, rg, cnh, disponibilidade, Contato_id, Veiculo_id)
VALUES (90, 'Jamee Jaillet', '088.322.548-17', '5384103', '31522425516', false, 90, 90);

INSERT INTO Motorista(id, nome, cpf, rg, cnh, disponibilidade, Contato_id, Veiculo_id)
VALUES (91, 'Anh Arens', '555.323.276-33', '0084111', '04302435202', true, 91, 91);

INSERT INTO Motorista(id, nome, cpf, rg, cnh, disponibilidade, Contato_id, Veiculo_id)
VALUES (92, 'Arvilla Amore', '760.324.328-35', '1094122', '54272446707', true, 92, 92);

INSERT INTO Motorista(id, nome, cpf, rg, cnh, disponibilidade, Contato_id, Veiculo_id)
VALUES (93, 'Sierra Suess', '195.325.543-20', '4384138', '53732450230', true, 93, 93);

INSERT INTO Motorista(id, nome, cpf, rg, cnh, disponibilidade, Contato_id, Veiculo_id)
VALUES (94, 'Arthur Armagost', '856.326.678-89', '5604149', '45282460991', true, 94, 94);

INSERT INTO Motorista(id, nome, cpf, rg, cnh, disponibilidade, Contato_id, Veiculo_id)
VALUES (95, 'Cami Chaplin', '937.327.994-03', '8774156', '80372474930', false, 95, 95);

INSERT INTO Motorista(id, nome, cpf, rg, cnh, disponibilidade, Contato_id, Veiculo_id)
VALUES (96, 'Joi Jarrell', '659.328.758-63', '2584166', '14312485777', true, 96, 96);

INSERT INTO Motorista(id, nome, cpf, rg, cnh, disponibilidade, Contato_id, Veiculo_id)
VALUES (97, 'Claudie Curtsinger', '897.329.488-72', '0454170', '47842494272', true, 97, 97);

INSERT INTO Motorista(id, nome, cpf, rg, cnh, disponibilidade, Contato_id, Veiculo_id)
VALUES (98, 'Luisa Leinen', '158.330.523-53', '4994181', '90582505960', false, 98, 98);

INSERT INTO Motorista(id, nome, cpf, rg, cnh, disponibilidade, Contato_id, Veiculo_id)
VALUES (99, 'Kendra Kitzman', '977.331.948-80', '3794197', '11972518177', true, 99, 99);

INSERT INTO Motorista(id, nome, cpf, rg, cnh, disponibilidade, Contato_id, Veiculo_id)
VALUES (100, 'Lucille Lirette', '068.332.763-73', '8534203', '59742524246', false, 100, 100);

-- Popula a tabela Empresa.

INSERT INTO Empresa(id, nome, cnpj, Contato_id)
VALUES (1, 'Petrobras', '17.247.654/0001-57', 101);

INSERT INTO Empresa(id, nome, cnpj, Contato_id)
VALUES (2, 'BR Distribuidora', '08.248.939/0002-64', 102);

INSERT INTO Empresa(id, nome, cnpj, Contato_id)
VALUES (3, 'Vale', '05.249.211/0001-70', 103);

INSERT INTO Empresa(id, nome, cnpj, Contato_id)
VALUES (4, 'Ipiranga Produtos', '34.250.679/0001-56', 104);

INSERT INTO Empresa(id, nome, cnpj, Contato_id)
VALUES (5, 'Raízen', '15.251.196/0001-98', 105);

INSERT INTO Empresa(id, nome, cnpj, Contato_id)
VALUES (6, 'Fiat', '83.252.385/0002-58', 106);

INSERT INTO Empresa(id, nome, cnpj, Contato_id)
VALUES (7, 'Volkswagen', '89.253.584/0001-61', 107);

INSERT INTO Empresa(id, nome, cnpj, Contato_id)
VALUES (8, 'Vivo', '86.254.936/0002-99', 108);

INSERT INTO Empresa(id, nome, cnpj, Contato_id)
VALUES (9, 'Bunge Alimentos', '71.255.642/0001-84', 109);

INSERT INTO Empresa(id, nome, cnpj, Contato_id)
VALUES (10, 'Cargill', '90.256.248/0001-65', 110);

INSERT INTO Empresa(id, nome, cnpj, Contato_id)
VALUES (11, 'Braskem', '43.257.346/0002-35', 111);

INSERT INTO Empresa(id, nome, cnpj, Contato_id)
VALUES (12, 'Pão de Açúcar', '21.258.148/0001-18', 112);

INSERT INTO Empresa(id, nome, cnpj, Contato_id)
VALUES (13, 'TIM', '98.259.015/0002-65', 113);

INSERT INTO Empresa(id, nome, cnpj, Contato_id)
VALUES (14, 'General Motors', '50.260.789/0001-18', 114);

INSERT INTO Empresa(id, nome, cnpj, Contato_id)
VALUES (15, 'Telefônica', '94.261.303/0001-15', 115);

INSERT INTO Empresa(id, nome, cnpj, Contato_id)
VALUES (16, 'Casas Bahia', '34.262.030/0002-60', 116);

INSERT INTO Empresa(id, nome, cnpj, Contato_id)
VALUES (17, 'Walmart', '34.263.223/0001-72', 117);

INSERT INTO Empresa(id, nome, cnpj, Contato_id)
VALUES (18, 'Ambev', '79.264.984/0002-89', 118);

INSERT INTO Empresa(id, nome, cnpj, Contato_id)
VALUES (19, 'ArcelorMittal Brasil', '90.265.575/0001-64', 119);

INSERT INTO Empresa(id, nome, cnpj, Contato_id)
VALUES (20, 'Correios', '27.266.472/0002-92', 120);

INSERT INTO Empresa(id, nome, cnpj, Contato_id)
VALUES (21, 'Mercedes-Benz', '99.267.542/0001-40', 121);

INSERT INTO Empresa(id, nome, cnpj, Contato_id)
VALUES (22, 'JBS', '34.268.349/0002-84', 122);

INSERT INTO Empresa(id, nome, cnpj, Contato_id)
VALUES (23, 'Carrefour', '65.269.724/0001-15', 123);

INSERT INTO Empresa(id, nome, cnpj, Contato_id)
VALUES (24, 'TAM', '12.270.352/0002-52', 124);

INSERT INTO Empresa(id, nome, cnpj, Contato_id)
VALUES (25, 'Brasil Foods/Sadia', '64.271.207/0002-62', 125);

INSERT INTO Empresa(id, nome, cnpj, Contato_id)
VALUES (26, 'Brasil Foods', '56.272.471/0001-47', 126);

INSERT INTO Empresa(id, nome, cnpj, Contato_id)
VALUES (27, 'Telemar', '29.273.062/0002-99', 127);

INSERT INTO Empresa(id, nome, cnpj, Contato_id)
VALUES (28, 'Cosan', '27.274.412/0002-39', 128);

INSERT INTO Empresa(id, nome, cnpj, Contato_id)
VALUES (29, 'Ford', '32.275.102/0001-23', 129);

INSERT INTO Empresa(id, nome, cnpj, Contato_id)
VALUES (30, 'Atacadão', '93.276.403/0001-47', 130);

INSERT INTO Empresa(id, nome, cnpj, Contato_id)
VALUES (31, 'CSN', '84.277.508/0001-81', 131);

INSERT INTO Empresa(id, nome, cnpj, Contato_id)
VALUES (32, 'Claro', '56.278.566/0001-72', 132);

INSERT INTO Empresa(id, nome, cnpj, Contato_id)
VALUES (33, 'Usiminas', '30.279.325/0002-61', 133);

INSERT INTO Empresa(id, nome, cnpj, Contato_id)
VALUES (34, 'Embratel', '21.280.915/0002-86', 134);

INSERT INTO Empresa(id, nome, cnpj, Contato_id)
VALUES (35, 'Moto Honda', '46.281.457/0001-43', 135);

INSERT INTO Empresa(id, nome, cnpj, Contato_id)
VALUES (36, 'Sabesp', '82.282.085/0001-64', 136);

INSERT INTO Empresa(id, nome, cnpj, Contato_id)
VALUES (37, 'AES Eletropaulo', '94.283.930/0002-61', 137);

INSERT INTO Empresa(id, nome, cnpj, Contato_id)
VALUES (38, 'ADM', '33.284.133/0001-25', 138);

INSERT INTO Empresa(id, nome, cnpj, Contato_id)
VALUES (39, 'Oi (TNL PCS)', '67.285.044/0002-33', 139);

INSERT INTO Empresa(id, nome, cnpj, Contato_id)
VALUES (40, 'MAN', '44.286.433/0001-58', 140);

INSERT INTO Empresa(id, nome, cnpj, Contato_id)
VALUES (41, 'Toyota', '94.287.078/0001-64', 141);

INSERT INTO Empresa(id, nome, cnpj, Contato_id)
VALUES (42, 'Cemig Distribuição', '42.288.604/0001-51', 142);

INSERT INTO Empresa(id, nome, cnpj, Contato_id)
VALUES (43, 'Embraer', '02.289.839/0001-73', 143);

INSERT INTO Empresa(id, nome, cnpj, Contato_id)
VALUES (44, 'Globo', '00.290.760/0002-54', 144);

INSERT INTO Empresa(id, nome, cnpj, Contato_id)
VALUES (45, 'Construtora Odebrecht', '37.291.532/0001-19', 145);

INSERT INTO Empresa(id, nome, cnpj, Contato_id)
VALUES (46, 'Samsung', '76.292.031/0002-36', 146);

INSERT INTO Empresa(id, nome, cnpj, Contato_id)
VALUES (47, 'Copersucar', '60.293.054/0002-60', 147);

INSERT INTO Empresa(id, nome, cnpj, Contato_id)
VALUES (48, 'Gerdau Aços Longos', '24.294.645/0001-27', 148);

INSERT INTO Empresa(id, nome, cnpj, Contato_id)
VALUES (49, 'Nextel', '10.295.926/0002-94', 149);

INSERT INTO Empresa(id, nome, cnpj, Contato_id)
VALUES (50, 'Renault', '50.296.831/0002-64', 150);

INSERT INTO Empresa(id, nome, cnpj, Contato_id)
VALUES (51, 'Ale', '49.297.549/0001-62', 151);

INSERT INTO Empresa(id, nome, cnpj, Contato_id)
VALUES (52, 'Oi', '21.298.252/0002-78', 152);

INSERT INTO Empresa(id, nome, cnpj, Contato_id)
VALUES (53, 'GOL', '79.299.060/0002-71', 153);

INSERT INTO Empresa(id, nome, cnpj, Contato_id)
VALUES (54, 'Unilever', '62.300.722/0001-81', 154);

INSERT INTO Empresa(id, nome, cnpj, Contato_id)
VALUES (55, 'Samarco', '94.301.788/0002-01', 155);

INSERT INTO Empresa(id, nome, cnpj, Contato_id)
VALUES (56, 'Furnas', '27.302.352/0001-22', 156);

INSERT INTO Empresa(id, nome, cnpj, Contato_id)
VALUES (57, 'Amil', '23.303.439/0002-32', 157);

INSERT INTO Empresa(id, nome, cnpj, Contato_id)
VALUES (58, 'GE', '85.304.669/0001-58', 158);

INSERT INTO Empresa(id, nome, cnpj, Contato_id)
VALUES (59, 'Refap', '21.305.526/0001-11', 159);

INSERT INTO Empresa(id, nome, cnpj, Contato_id)
VALUES (60, 'Itaipu Binacional', '55.306.960/0001-66', 160);

INSERT INTO Empresa(id, nome, cnpj, Contato_id)
VALUES (61, 'Louis Dreyfus', '63.307.006/0002-72', 161);

INSERT INTO Empresa(id, nome, cnpj, Contato_id)
VALUES (62, 'Peugeot Citroën', '54.308.147/0001-33', 162);

INSERT INTO Empresa(id, nome, cnpj, Contato_id)
VALUES (63, 'Light', '83.309.084/0002-74', 163);

INSERT INTO Empresa(id, nome, cnpj, Contato_id)
VALUES (64, 'Lojas Americanas', '14.310.019/0001-42', 164);

INSERT INTO Empresa(id, nome, cnpj, Contato_id)
VALUES (65, 'Honda Automóveis', '08.311.900/0002-83', 165);

INSERT INTO Empresa(id, nome, cnpj, Contato_id)
VALUES (66, 'Natura', '61.312.790/0001-16', 166);

INSERT INTO Empresa(id, nome, cnpj, Contato_id)
VALUES (67, 'Whirlpool', '93.313.733/0002-54', 167);

INSERT INTO Empresa(id, nome, cnpj, Contato_id)
VALUES (68, 'Basf', '32.314.852/0002-22', 168);

INSERT INTO Empresa(id, nome, cnpj, Contato_id)
VALUES (69, 'CPFL Paulista', '22.315.548/0002-50', 169);

INSERT INTO Empresa(id, nome, cnpj, Contato_id)
VALUES (70, 'Coamo', '65.316.132/0002-72', 170);

INSERT INTO Empresa(id, nome, cnpj, Contato_id)
VALUES (71, 'Souza Cruz', '31.317.007/0001-98', 171);

INSERT INTO Empresa(id, nome, cnpj, Contato_id)
VALUES (72, 'Makro', '71.318.503/0002-14', 172);

INSERT INTO Empresa(id, nome, cnpj, Contato_id)
VALUES (73, 'Copel', '78.319.368/0002-63', 173);

INSERT INTO Empresa(id, nome, cnpj, Contato_id)
VALUES (74, 'Votoran', '13.320.157/0002-58', 174);

INSERT INTO Empresa(id, nome, cnpj, Contato_id)
VALUES (75, 'Magazine Luiza', '15.321.232/0002-77', 175);

INSERT INTO Empresa(id, nome, cnpj, Contato_id)
VALUES (76, 'Chesf', '45.322.359/0002-34', 176);

INSERT INTO Empresa(id, nome, cnpj, Contato_id)
VALUES (77, 'Nestlé', '62.323.218/0001-07', 177);

INSERT INTO Empresa(id, nome, cnpj, Contato_id)
VALUES (78, 'Gerdau Açominas', '68.324.882/0002-37', 178);

INSERT INTO Empresa(id, nome, cnpj, Contato_id)
VALUES (79, 'Coelba', '54.325.142/0002-58', 179);

INSERT INTO Empresa(id, nome, cnpj, Contato_id)
VALUES (80, 'Transpetro', '84.326.950/0002-55', 180);

INSERT INTO Empresa(id, nome, cnpj, Contato_id)
VALUES (81, 'Suzano', '40.327.322/0001-53', 181);

INSERT INTO Empresa(id, nome, cnpj, Contato_id)
VALUES (82, 'Heringer', '49.328.935/0001-05', 182);

INSERT INTO Empresa(id, nome, cnpj, Contato_id)
VALUES (83, 'CNH', '96.329.506/0001-10', 183);

INSERT INTO Empresa(id, nome, cnpj, Contato_id)
VALUES (84, 'Paranapanema', '53.330.251/0002-50', 184);

INSERT INTO Empresa(id, nome, cnpj, Contato_id)
VALUES (85, 'Iveco', '55.331.872/0001-87', 185);

INSERT INTO Empresa(id, nome, cnpj, Contato_id)
VALUES (86, 'Ponto Frio', '89.332.997/0001-16', 186);

INSERT INTO Empresa(id, nome, cnpj, Contato_id)
VALUES (87, 'Marfrig', '05.333.097/0002-18', 187);

INSERT INTO Empresa(id, nome, cnpj, Contato_id)
VALUES (88, 'Camargo Corrêa', '98.334.669/0002-23', 188);

INSERT INTO Empresa(id, nome, cnpj, Contato_id)
VALUES (89, 'Bunge Fertilizantes', '16.335.631/0002-55', 189);

INSERT INTO Empresa(id, nome, cnpj, Contato_id)
VALUES (90, 'Mitsubishi Motors', '43.336.448/0001-67', 190);

INSERT INTO Empresa(id, nome, cnpj, Contato_id)
VALUES (91, 'Andrade Gutierrez', '14.337.493/0002-82', 191);

INSERT INTO Empresa(id, nome, cnpj, Contato_id)
VALUES (92, 'Bayer', '45.338.043/0001-73', 192);

INSERT INTO Empresa(id, nome, cnpj, Contato_id)
VALUES (93, 'Avon', '77.339.113/0001-37', 193);

INSERT INTO Empresa(id, nome, cnpj, Contato_id)
VALUES (94, 'Eletronorte', '49.340.927/0001-85', 194);

INSERT INTO Empresa(id, nome, cnpj, Contato_id)
VALUES (95, 'Robert Bosch', '69.341.313/0002-07', 195);

INSERT INTO Empresa(id, nome, cnpj, Contato_id)
VALUES (96, 'HP', '36.342.185/0001-09', 196);

INSERT INTO Empresa(id, nome, cnpj, Contato_id)
VALUES (97, 'Braskem Qpar', '58.343.754/0002-83', 197);

INSERT INTO Empresa(id, nome, cnpj, Contato_id)
VALUES (98, 'Spal', '61.344.846/0002-51', 198);

INSERT INTO Empresa(id, nome, cnpj, Contato_id)
VALUES (99, 'Tag', '06.345.510/0002-48', 199);

INSERT INTO Empresa(id, nome, cnpj, Contato_id)
VALUES (100, 'Comgás', '40.346.634/0002-09', 200);

-- Popula a tabela Servico.

INSERT INTO Servico(id, tipoServico, TipoCarga_id, quantidadeCarga, unidadeCarga, dataPedido, distancia, Empresa_id, origem, destino, descricao)
VALUES (1, 'ECONOMICO', 10, '478', 'kilogramas', '2011-10-3 18:2', '20 Km', 90, 201, 202, 'Transportar 478 kilogramas, usando o serviço ECONOMICO.');

INSERT INTO Servico(id, tipoServico, TipoCarga_id, quantidadeCarga, unidadeCarga, dataPedido, distancia, Empresa_id, origem, destino, descricao)
VALUES (2, 'EXPRESSO', 1, '598', 'gramas', '2011-11-21 7:49', '62 Km', 56, 203, 204, 'Transportar 598 gramas, usando o serviço EXPRESSO.');

INSERT INTO Servico(id, tipoServico, TipoCarga_id, quantidadeCarga, unidadeCarga, dataPedido, distancia, Empresa_id, origem, destino, descricao)
VALUES (3, 'ECONOMICO', 1, '781', 'kilogramas', '2011-10-4 3:9', '9 Km', 57, 205, 206, 'Transportar 781 kilogramas, usando o serviço ECONOMICO.');

INSERT INTO Servico(id, tipoServico, TipoCarga_id, quantidadeCarga, unidadeCarga, dataPedido, distancia, Empresa_id, origem, destino, descricao)
VALUES (4, 'NORMAL', 5, '525', 'kilogramas', '2011-10-2 16:21', '13 Km', 56, 207, 208, 'Transportar 525 kilogramas, usando o serviço NORMAL.');

INSERT INTO Servico(id, tipoServico, TipoCarga_id, quantidadeCarga, unidadeCarga, dataPedido, distancia, Empresa_id, origem, destino, descricao)
VALUES (5, 'NORMAL', 6, '609', 'unidades', '2011-5-19 0:32', '63 Km', 69, 209, 210, 'Transportar 609 unidades, usando o serviço NORMAL.');

INSERT INTO Servico(id, tipoServico, TipoCarga_id, quantidadeCarga, unidadeCarga, dataPedido, distancia, Empresa_id, origem, destino, descricao)
VALUES (6, 'NORMAL', 4, '745', 'gramas', '2011-8-14 2:34', '35 Km', 30, 211, 212, 'Transportar 745 gramas, usando o serviço NORMAL.');

INSERT INTO Servico(id, tipoServico, TipoCarga_id, quantidadeCarga, unidadeCarga, dataPedido, distancia, Empresa_id, origem, destino, descricao)
VALUES (7, 'ECONOMICO', 8, '204', 'cabeças', '2011-6-24 14:16', '8 Km', 47, 213, 214, 'Transportar 204 cabeças, usando o serviço ECONOMICO.');

INSERT INTO Servico(id, tipoServico, TipoCarga_id, quantidadeCarga, unidadeCarga, dataPedido, distancia, Empresa_id, origem, destino, descricao)
VALUES (8, 'ECONOMICO', 5, '373', 'unidades', '2011-9-13 14:20', '14 Km', 92, 215, 216, 'Transportar 373 unidades, usando o serviço ECONOMICO.');

INSERT INTO Servico(id, tipoServico, TipoCarga_id, quantidadeCarga, unidadeCarga, dataPedido, distancia, Empresa_id, origem, destino, descricao)
VALUES (9, 'EXPRESSO', 10, '548', 'kilogramas', '2011-10-10 0:0', '42 Km', 14, 217, 218, 'Transportar 548 kilogramas, usando o serviço EXPRESSO.');

INSERT INTO Servico(id, tipoServico, TipoCarga_id, quantidadeCarga, unidadeCarga, dataPedido, distancia, Empresa_id, origem, destino, descricao)
VALUES (10, 'EXPRESSO', 7, '781', 'cabeças', '2011-11-25 5:38', '28 Km', 41, 219, 220, 'Transportar 781 cabeças, usando o serviço EXPRESSO.');

INSERT INTO Servico(id, tipoServico, TipoCarga_id, quantidadeCarga, unidadeCarga, dataPedido, distancia, Empresa_id, origem, destino, descricao)
VALUES (11, 'EXPRESSO', 8, '680', 'kilogramas', '2011-4-3 19:22', '48 Km', 2, 221, 222, 'Transportar 680 kilogramas, usando o serviço EXPRESSO.');

INSERT INTO Servico(id, tipoServico, TipoCarga_id, quantidadeCarga, unidadeCarga, dataPedido, distancia, Empresa_id, origem, destino, descricao)
VALUES (12, 'EXPRESSO', 10, '558', 'unidades', '2011-2-16 16:41', '6 Km', 66, 223, 224, 'Transportar 558 unidades, usando o serviço EXPRESSO.');

INSERT INTO Servico(id, tipoServico, TipoCarga_id, quantidadeCarga, unidadeCarga, dataPedido, distancia, Empresa_id, origem, destino, descricao)
VALUES (13, 'NORMAL', 10, '549', 'cabeças', '2011-8-9 12:56', '17 Km', 86, 225, 226, 'Transportar 549 cabeças, usando o serviço NORMAL.');

INSERT INTO Servico(id, tipoServico, TipoCarga_id, quantidadeCarga, unidadeCarga, dataPedido, distancia, Empresa_id, origem, destino, descricao)
VALUES (14, 'ECONOMICO', 4, '795', 'unidades', '2011-9-2 14:18', '67 Km', 55, 227, 228, 'Transportar 795 unidades, usando o serviço ECONOMICO.');

INSERT INTO Servico(id, tipoServico, TipoCarga_id, quantidadeCarga, unidadeCarga, dataPedido, distancia, Empresa_id, origem, destino, descricao)
VALUES (15, 'NORMAL', 8, '537', 'unidades', '2011-2-16 6:18', '62 Km', 91, 229, 230, 'Transportar 537 unidades, usando o serviço NORMAL.');

INSERT INTO Servico(id, tipoServico, TipoCarga_id, quantidadeCarga, unidadeCarga, dataPedido, distancia, Empresa_id, origem, destino, descricao)
VALUES (16, 'NORMAL', 4, '142', 'kilogramas', '2011-2-26 8:28', '4 Km', 22, 231, 232, 'Transportar 142 kilogramas, usando o serviço NORMAL.');

INSERT INTO Servico(id, tipoServico, TipoCarga_id, quantidadeCarga, unidadeCarga, dataPedido, distancia, Empresa_id, origem, destino, descricao)
VALUES (17, 'NORMAL', 4, '380', 'gramas', '2011-5-17 13:16', '67 Km', 18, 233, 234, 'Transportar 380 gramas, usando o serviço NORMAL.');

INSERT INTO Servico(id, tipoServico, TipoCarga_id, quantidadeCarga, unidadeCarga, dataPedido, distancia, Empresa_id, origem, destino, descricao)
VALUES (18, 'EXPRESSO', 9, '609', 'unidades', '2011-6-25 8:27', '30 Km', 2, 235, 236, 'Transportar 609 unidades, usando o serviço EXPRESSO.');

INSERT INTO Servico(id, tipoServico, TipoCarga_id, quantidadeCarga, unidadeCarga, dataPedido, distancia, Empresa_id, origem, destino, descricao)
VALUES (19, 'NORMAL', 9, '805', 'unidades', '2011-1-23 13:33', '30 Km', 50, 237, 238, 'Transportar 805 unidades, usando o serviço NORMAL.');

INSERT INTO Servico(id, tipoServico, TipoCarga_id, quantidadeCarga, unidadeCarga, dataPedido, distancia, Empresa_id, origem, destino, descricao)
VALUES (20, 'EXPRESSO', 1, '139', 'gramas', '2011-7-4 4:8', '28 Km', 98, 239, 240, 'Transportar 139 gramas, usando o serviço EXPRESSO.');

INSERT INTO Servico(id, tipoServico, TipoCarga_id, quantidadeCarga, unidadeCarga, dataPedido, distancia, Empresa_id, origem, destino, descricao)
VALUES (21, 'ECONOMICO', 7, '693', 'unidades', '2011-1-22 8:51', '66 Km', 10, 241, 242, 'Transportar 693 unidades, usando o serviço ECONOMICO.');

INSERT INTO Servico(id, tipoServico, TipoCarga_id, quantidadeCarga, unidadeCarga, dataPedido, distancia, Empresa_id, origem, destino, descricao)
VALUES (22, 'ECONOMICO', 9, '533', 'unidades', '2011-1-29 23:37', '3 Km', 25, 243, 244, 'Transportar 533 unidades, usando o serviço ECONOMICO.');

INSERT INTO Servico(id, tipoServico, TipoCarga_id, quantidadeCarga, unidadeCarga, dataPedido, distancia, Empresa_id, origem, destino, descricao)
VALUES (23, 'NORMAL', 9, '454', 'gramas', '2011-7-21 20:34', '31 Km', 67, 245, 246, 'Transportar 454 gramas, usando o serviço NORMAL.');

INSERT INTO Servico(id, tipoServico, TipoCarga_id, quantidadeCarga, unidadeCarga, dataPedido, distancia, Empresa_id, origem, destino, descricao)
VALUES (24, 'EXPRESSO', 3, '508', 'gramas', '2011-11-29 6:38', '42 Km', 42, 247, 248, 'Transportar 508 gramas, usando o serviço EXPRESSO.');

INSERT INTO Servico(id, tipoServico, TipoCarga_id, quantidadeCarga, unidadeCarga, dataPedido, distancia, Empresa_id, origem, destino, descricao)
VALUES (25, 'EXPRESSO', 1, '896', 'gramas', '2011-10-3 8:38', '50 Km', 32, 249, 250, 'Transportar 896 gramas, usando o serviço EXPRESSO.');

INSERT INTO Servico(id, tipoServico, TipoCarga_id, quantidadeCarga, unidadeCarga, dataPedido, distancia, Empresa_id, origem, destino, descricao)
VALUES (26, 'EXPRESSO', 2, '262', 'gramas', '2011-2-9 19:0', '3 Km', 24, 251, 252, 'Transportar 262 gramas, usando o serviço EXPRESSO.');

INSERT INTO Servico(id, tipoServico, TipoCarga_id, quantidadeCarga, unidadeCarga, dataPedido, distancia, Empresa_id, origem, destino, descricao)
VALUES (27, 'ECONOMICO', 3, '458', 'gramas', '2011-4-24 17:5', '49 Km', 86, 253, 254, 'Transportar 458 gramas, usando o serviço ECONOMICO.');

INSERT INTO Servico(id, tipoServico, TipoCarga_id, quantidadeCarga, unidadeCarga, dataPedido, distancia, Empresa_id, origem, destino, descricao)
VALUES (28, 'NORMAL', 7, '616', 'cabeças', '2011-3-16 17:3', '4 Km', 4, 255, 256, 'Transportar 616 cabeças, usando o serviço NORMAL.');

INSERT INTO Servico(id, tipoServico, TipoCarga_id, quantidadeCarga, unidadeCarga, dataPedido, distancia, Empresa_id, origem, destino, descricao)
VALUES (29, 'ECONOMICO', 4, '433', 'unidades', '2011-7-3 2:7', '39 Km', 3, 257, 258, 'Transportar 433 unidades, usando o serviço ECONOMICO.');

INSERT INTO Servico(id, tipoServico, TipoCarga_id, quantidadeCarga, unidadeCarga, dataPedido, distancia, Empresa_id, origem, destino, descricao)
VALUES (30, 'NORMAL', 8, '680', 'gramas', '2011-12-21 8:57', '68 Km', 39, 259, 260, 'Transportar 680 gramas, usando o serviço NORMAL.');

INSERT INTO Servico(id, tipoServico, TipoCarga_id, quantidadeCarga, unidadeCarga, dataPedido, distancia, Empresa_id, origem, destino, descricao)
VALUES (31, 'ECONOMICO', 10, '329', 'unidades', '2011-3-21 21:42', '65 Km', 4, 261, 262, 'Transportar 329 unidades, usando o serviço ECONOMICO.');

INSERT INTO Servico(id, tipoServico, TipoCarga_id, quantidadeCarga, unidadeCarga, dataPedido, distancia, Empresa_id, origem, destino, descricao)
VALUES (32, 'NORMAL', 2, '738', 'unidades', '2011-9-3 15:35', '63 Km', 97, 263, 264, 'Transportar 738 unidades, usando o serviço NORMAL.');

INSERT INTO Servico(id, tipoServico, TipoCarga_id, quantidadeCarga, unidadeCarga, dataPedido, distancia, Empresa_id, origem, destino, descricao)
VALUES (33, 'NORMAL', 10, '545', 'kilogramas', '2011-1-4 22:5', '23 Km', 6, 265, 266, 'Transportar 545 kilogramas, usando o serviço NORMAL.');

INSERT INTO Servico(id, tipoServico, TipoCarga_id, quantidadeCarga, unidadeCarga, dataPedido, distancia, Empresa_id, origem, destino, descricao)
VALUES (34, 'EXPRESSO', 8, '529', 'cabeças', '2011-8-21 18:25', '31 Km', 87, 267, 268, 'Transportar 529 cabeças, usando o serviço EXPRESSO.');

INSERT INTO Servico(id, tipoServico, TipoCarga_id, quantidadeCarga, unidadeCarga, dataPedido, distancia, Empresa_id, origem, destino, descricao)
VALUES (35, 'NORMAL', 7, '753', 'kilogramas', '2011-8-29 1:0', '1 Km', 54, 269, 270, 'Transportar 753 kilogramas, usando o serviço NORMAL.');

INSERT INTO Servico(id, tipoServico, TipoCarga_id, quantidadeCarga, unidadeCarga, dataPedido, distancia, Empresa_id, origem, destino, descricao)
VALUES (36, 'ECONOMICO', 1, '342', 'cabeças', '2011-10-11 1:36', '19 Km', 34, 271, 272, 'Transportar 342 cabeças, usando o serviço ECONOMICO.');

INSERT INTO Servico(id, tipoServico, TipoCarga_id, quantidadeCarga, unidadeCarga, dataPedido, distancia, Empresa_id, origem, destino, descricao)
VALUES (37, 'ECONOMICO', 4, '983', 'kilogramas', '2011-6-12 12:40', '8 Km', 35, 273, 274, 'Transportar 983 kilogramas, usando o serviço ECONOMICO.');

INSERT INTO Servico(id, tipoServico, TipoCarga_id, quantidadeCarga, unidadeCarga, dataPedido, distancia, Empresa_id, origem, destino, descricao)
VALUES (38, 'ECONOMICO', 1, '855', 'cabeças', '2011-1-26 11:49', '13 Km', 99, 275, 276, 'Transportar 855 cabeças, usando o serviço ECONOMICO.');

INSERT INTO Servico(id, tipoServico, TipoCarga_id, quantidadeCarga, unidadeCarga, dataPedido, distancia, Empresa_id, origem, destino, descricao)
VALUES (39, 'NORMAL', 7, '838', 'cabeças', '2011-6-3 11:27', '53 Km', 66, 277, 278, 'Transportar 838 cabeças, usando o serviço NORMAL.');

INSERT INTO Servico(id, tipoServico, TipoCarga_id, quantidadeCarga, unidadeCarga, dataPedido, distancia, Empresa_id, origem, destino, descricao)
VALUES (40, 'ECONOMICO', 4, '486', 'kilogramas', '2011-12-28 6:26', '67 Km', 51, 279, 280, 'Transportar 486 kilogramas, usando o serviço ECONOMICO.');

INSERT INTO Servico(id, tipoServico, TipoCarga_id, quantidadeCarga, unidadeCarga, dataPedido, distancia, Empresa_id, origem, destino, descricao)
VALUES (41, 'ECONOMICO', 6, '165', 'unidades', '2011-4-23 7:0', '58 Km', 100, 281, 282, 'Transportar 165 unidades, usando o serviço ECONOMICO.');

INSERT INTO Servico(id, tipoServico, TipoCarga_id, quantidadeCarga, unidadeCarga, dataPedido, distancia, Empresa_id, origem, destino, descricao)
VALUES (42, 'ECONOMICO', 8, '478', 'gramas', '2011-9-23 4:2', '38 Km', 84, 283, 284, 'Transportar 478 gramas, usando o serviço ECONOMICO.');

INSERT INTO Servico(id, tipoServico, TipoCarga_id, quantidadeCarga, unidadeCarga, dataPedido, distancia, Empresa_id, origem, destino, descricao)
VALUES (43, 'EXPRESSO', 3, '183', 'gramas', '2011-7-28 12:15', '44 Km', 82, 285, 286, 'Transportar 183 gramas, usando o serviço EXPRESSO.');

INSERT INTO Servico(id, tipoServico, TipoCarga_id, quantidadeCarga, unidadeCarga, dataPedido, distancia, Empresa_id, origem, destino, descricao)
VALUES (44, 'ECONOMICO', 10, '521', 'kilogramas', '2011-1-2 4:35', '29 Km', 3, 287, 288, 'Transportar 521 kilogramas, usando o serviço ECONOMICO.');

INSERT INTO Servico(id, tipoServico, TipoCarga_id, quantidadeCarga, unidadeCarga, dataPedido, distancia, Empresa_id, origem, destino, descricao)
VALUES (45, 'NORMAL', 1, '472', 'kilogramas', '2011-12-3 9:44', '64 Km', 69, 289, 290, 'Transportar 472 kilogramas, usando o serviço NORMAL.');

INSERT INTO Servico(id, tipoServico, TipoCarga_id, quantidadeCarga, unidadeCarga, dataPedido, distancia, Empresa_id, origem, destino, descricao)
VALUES (46, 'NORMAL', 4, '554', 'kilogramas', '2011-6-20 18:12', '59 Km', 3, 291, 292, 'Transportar 554 kilogramas, usando o serviço NORMAL.');

INSERT INTO Servico(id, tipoServico, TipoCarga_id, quantidadeCarga, unidadeCarga, dataPedido, distancia, Empresa_id, origem, destino, descricao)
VALUES (47, 'NORMAL', 8, '717', 'gramas', '2011-12-25 4:23', '63 Km', 48, 293, 294, 'Transportar 717 gramas, usando o serviço NORMAL.');

INSERT INTO Servico(id, tipoServico, TipoCarga_id, quantidadeCarga, unidadeCarga, dataPedido, distancia, Empresa_id, origem, destino, descricao)
VALUES (48, 'NORMAL', 3, '156', 'kilogramas', '2011-7-15 2:39', '59 Km', 96, 295, 296, 'Transportar 156 kilogramas, usando o serviço NORMAL.');

INSERT INTO Servico(id, tipoServico, TipoCarga_id, quantidadeCarga, unidadeCarga, dataPedido, distancia, Empresa_id, origem, destino, descricao)
VALUES (49, 'EXPRESSO', 8, '475', 'cabeças', '2011-8-24 19:45', '57 Km', 69, 297, 298, 'Transportar 475 cabeças, usando o serviço EXPRESSO.');

INSERT INTO Servico(id, tipoServico, TipoCarga_id, quantidadeCarga, unidadeCarga, dataPedido, distancia, Empresa_id, origem, destino, descricao)
VALUES (50, 'EXPRESSO', 7, '749', 'kilogramas', '2011-11-7 15:15', '6 Km', 93, 299, 300, 'Transportar 749 kilogramas, usando o serviço EXPRESSO.');

INSERT INTO Servico(id, tipoServico, TipoCarga_id, quantidadeCarga, unidadeCarga, dataPedido, distancia, Empresa_id, origem, destino, descricao)
VALUES (51, 'ECONOMICO', 2, '896', 'unidades', '2011-10-4 9:46', '4 Km', 98, 301, 302, 'Transportar 896 unidades, usando o serviço ECONOMICO.');

INSERT INTO Servico(id, tipoServico, TipoCarga_id, quantidadeCarga, unidadeCarga, dataPedido, distancia, Empresa_id, origem, destino, descricao)
VALUES (52, 'NORMAL', 5, '125', 'cabeças', '2011-1-29 12:15', '21 Km', 60, 303, 304, 'Transportar 125 cabeças, usando o serviço NORMAL.');

INSERT INTO Servico(id, tipoServico, TipoCarga_id, quantidadeCarga, unidadeCarga, dataPedido, distancia, Empresa_id, origem, destino, descricao)
VALUES (53, 'ECONOMICO', 4, '271', 'kilogramas', '2011-6-4 19:10', '67 Km', 48, 305, 306, 'Transportar 271 kilogramas, usando o serviço ECONOMICO.');

INSERT INTO Servico(id, tipoServico, TipoCarga_id, quantidadeCarga, unidadeCarga, dataPedido, distancia, Empresa_id, origem, destino, descricao)
VALUES (54, 'EXPRESSO', 10, '765', 'kilogramas', '2011-8-4 23:42', '39 Km', 43, 307, 308, 'Transportar 765 kilogramas, usando o serviço EXPRESSO.');

INSERT INTO Servico(id, tipoServico, TipoCarga_id, quantidadeCarga, unidadeCarga, dataPedido, distancia, Empresa_id, origem, destino, descricao)
VALUES (55, 'EXPRESSO', 9, '814', 'cabeças', '2011-5-29 6:41', '16 Km', 56, 309, 310, 'Transportar 814 cabeças, usando o serviço EXPRESSO.');

INSERT INTO Servico(id, tipoServico, TipoCarga_id, quantidadeCarga, unidadeCarga, dataPedido, distancia, Empresa_id, origem, destino, descricao)
VALUES (56, 'NORMAL', 6, '127', 'unidades', '2011-10-19 7:2', '2 Km', 68, 311, 312, 'Transportar 127 unidades, usando o serviço NORMAL.');

INSERT INTO Servico(id, tipoServico, TipoCarga_id, quantidadeCarga, unidadeCarga, dataPedido, distancia, Empresa_id, origem, destino, descricao)
VALUES (57, 'ECONOMICO', 8, '863', 'unidades', '2011-5-4 7:1', '47 Km', 70, 313, 314, 'Transportar 863 unidades, usando o serviço ECONOMICO.');

INSERT INTO Servico(id, tipoServico, TipoCarga_id, quantidadeCarga, unidadeCarga, dataPedido, distancia, Empresa_id, origem, destino, descricao)
VALUES (58, 'NORMAL', 8, '920', 'kilogramas', '2011-11-26 11:37', '22 Km', 49, 315, 316, 'Transportar 920 kilogramas, usando o serviço NORMAL.');

INSERT INTO Servico(id, tipoServico, TipoCarga_id, quantidadeCarga, unidadeCarga, dataPedido, distancia, Empresa_id, origem, destino, descricao)
VALUES (59, 'NORMAL', 5, '502', 'gramas', '2011-7-26 4:38', '49 Km', 77, 317, 318, 'Transportar 502 gramas, usando o serviço NORMAL.');

INSERT INTO Servico(id, tipoServico, TipoCarga_id, quantidadeCarga, unidadeCarga, dataPedido, distancia, Empresa_id, origem, destino, descricao)
VALUES (60, 'NORMAL', 4, '957', 'cabeças', '2011-9-9 19:26', '33 Km', 36, 319, 320, 'Transportar 957 cabeças, usando o serviço NORMAL.');

INSERT INTO Servico(id, tipoServico, TipoCarga_id, quantidadeCarga, unidadeCarga, dataPedido, distancia, Empresa_id, origem, destino, descricao)
VALUES (61, 'NORMAL', 6, '395', 'kilogramas', '2011-11-5 16:7', '2 Km', 44, 321, 322, 'Transportar 395 kilogramas, usando o serviço NORMAL.');

INSERT INTO Servico(id, tipoServico, TipoCarga_id, quantidadeCarga, unidadeCarga, dataPedido, distancia, Empresa_id, origem, destino, descricao)
VALUES (62, 'ECONOMICO', 9, '721', 'kilogramas', '2011-7-3 19:37', '37 Km', 92, 323, 324, 'Transportar 721 kilogramas, usando o serviço ECONOMICO.');

INSERT INTO Servico(id, tipoServico, TipoCarga_id, quantidadeCarga, unidadeCarga, dataPedido, distancia, Empresa_id, origem, destino, descricao)
VALUES (63, 'EXPRESSO', 8, '996', 'gramas', '2011-11-14 17:1', '39 Km', 2, 325, 326, 'Transportar 996 gramas, usando o serviço EXPRESSO.');

INSERT INTO Servico(id, tipoServico, TipoCarga_id, quantidadeCarga, unidadeCarga, dataPedido, distancia, Empresa_id, origem, destino, descricao)
VALUES (64, 'EXPRESSO', 6, '165', 'gramas', '2011-10-29 7:42', '38 Km', 49, 327, 328, 'Transportar 165 gramas, usando o serviço EXPRESSO.');

INSERT INTO Servico(id, tipoServico, TipoCarga_id, quantidadeCarga, unidadeCarga, dataPedido, distancia, Empresa_id, origem, destino, descricao)
VALUES (65, 'NORMAL', 9, '683', 'kilogramas', '2011-2-7 19:37', '14 Km', 65, 329, 330, 'Transportar 683 kilogramas, usando o serviço NORMAL.');

INSERT INTO Servico(id, tipoServico, TipoCarga_id, quantidadeCarga, unidadeCarga, dataPedido, distancia, Empresa_id, origem, destino, descricao)
VALUES (66, 'ECONOMICO', 4, '405', 'kilogramas', '2011-8-15 11:14', '56 Km', 47, 331, 332, 'Transportar 405 kilogramas, usando o serviço ECONOMICO.');

INSERT INTO Servico(id, tipoServico, TipoCarga_id, quantidadeCarga, unidadeCarga, dataPedido, distancia, Empresa_id, origem, destino, descricao)
VALUES (67, 'EXPRESSO', 2, '596', 'kilogramas', '2011-10-4 14:38', '64 Km', 57, 333, 334, 'Transportar 596 kilogramas, usando o serviço EXPRESSO.');

INSERT INTO Servico(id, tipoServico, TipoCarga_id, quantidadeCarga, unidadeCarga, dataPedido, distancia, Empresa_id, origem, destino, descricao)
VALUES (68, 'ECONOMICO', 8, '117', 'unidades', '2011-2-10 10:21', '54 Km', 30, 335, 336, 'Transportar 117 unidades, usando o serviço ECONOMICO.');

INSERT INTO Servico(id, tipoServico, TipoCarga_id, quantidadeCarga, unidadeCarga, dataPedido, distancia, Empresa_id, origem, destino, descricao)
VALUES (69, 'NORMAL', 4, '331', 'unidades', '2011-2-4 5:47', '42 Km', 20, 337, 338, 'Transportar 331 unidades, usando o serviço NORMAL.');

INSERT INTO Servico(id, tipoServico, TipoCarga_id, quantidadeCarga, unidadeCarga, dataPedido, distancia, Empresa_id, origem, destino, descricao)
VALUES (70, 'NORMAL', 2, '166', 'unidades', '2011-7-29 15:39', '66 Km', 11, 339, 340, 'Transportar 166 unidades, usando o serviço NORMAL.');

INSERT INTO Servico(id, tipoServico, TipoCarga_id, quantidadeCarga, unidadeCarga, dataPedido, distancia, Empresa_id, origem, destino, descricao)
VALUES (71, 'ECONOMICO', 3, '166', 'cabeças', '2011-4-28 15:30', '16 Km', 89, 341, 342, 'Transportar 166 cabeças, usando o serviço ECONOMICO.');

INSERT INTO Servico(id, tipoServico, TipoCarga_id, quantidadeCarga, unidadeCarga, dataPedido, distancia, Empresa_id, origem, destino, descricao)
VALUES (72, 'ECONOMICO', 10, '977', 'cabeças', '2011-5-13 23:25', '19 Km', 49, 343, 344, 'Transportar 977 cabeças, usando o serviço ECONOMICO.');

INSERT INTO Servico(id, tipoServico, TipoCarga_id, quantidadeCarga, unidadeCarga, dataPedido, distancia, Empresa_id, origem, destino, descricao)
VALUES (73, 'NORMAL', 10, '115', 'cabeças', '2011-10-13 7:19', '59 Km', 55, 345, 346, 'Transportar 115 cabeças, usando o serviço NORMAL.');

INSERT INTO Servico(id, tipoServico, TipoCarga_id, quantidadeCarga, unidadeCarga, dataPedido, distancia, Empresa_id, origem, destino, descricao)
VALUES (74, 'ECONOMICO', 7, '732', 'gramas', '2011-2-26 20:50', '2 Km', 47, 347, 348, 'Transportar 732 gramas, usando o serviço ECONOMICO.');

INSERT INTO Servico(id, tipoServico, TipoCarga_id, quantidadeCarga, unidadeCarga, dataPedido, distancia, Empresa_id, origem, destino, descricao)
VALUES (75, 'EXPRESSO', 1, '997', 'cabeças', '2011-3-19 2:24', '10 Km', 92, 349, 350, 'Transportar 997 cabeças, usando o serviço EXPRESSO.');

INSERT INTO Servico(id, tipoServico, TipoCarga_id, quantidadeCarga, unidadeCarga, dataPedido, distancia, Empresa_id, origem, destino, descricao)
VALUES (76, 'NORMAL', 9, '610', 'kilogramas', '2011-7-20 17:13', '34 Km', 57, 351, 352, 'Transportar 610 kilogramas, usando o serviço NORMAL.');

INSERT INTO Servico(id, tipoServico, TipoCarga_id, quantidadeCarga, unidadeCarga, dataPedido, distancia, Empresa_id, origem, destino, descricao)
VALUES (77, 'EXPRESSO', 5, '166', 'unidades', '2011-8-13 2:16', '45 Km', 65, 353, 354, 'Transportar 166 unidades, usando o serviço EXPRESSO.');

INSERT INTO Servico(id, tipoServico, TipoCarga_id, quantidadeCarga, unidadeCarga, dataPedido, distancia, Empresa_id, origem, destino, descricao)
VALUES (78, 'NORMAL', 1, '788', 'kilogramas', '2011-7-3 7:52', '29 Km', 98, 355, 356, 'Transportar 788 kilogramas, usando o serviço NORMAL.');

INSERT INTO Servico(id, tipoServico, TipoCarga_id, quantidadeCarga, unidadeCarga, dataPedido, distancia, Empresa_id, origem, destino, descricao)
VALUES (79, 'EXPRESSO', 10, '510', 'gramas', '2011-6-8 11:40', '56 Km', 41, 357, 358, 'Transportar 510 gramas, usando o serviço EXPRESSO.');

INSERT INTO Servico(id, tipoServico, TipoCarga_id, quantidadeCarga, unidadeCarga, dataPedido, distancia, Empresa_id, origem, destino, descricao)
VALUES (80, 'ECONOMICO', 10, '813', 'kilogramas', '2011-1-17 0:54', '36 Km', 83, 359, 360, 'Transportar 813 kilogramas, usando o serviço ECONOMICO.');

INSERT INTO Servico(id, tipoServico, TipoCarga_id, quantidadeCarga, unidadeCarga, dataPedido, distancia, Empresa_id, origem, destino, descricao)
VALUES (81, 'NORMAL', 9, '181', 'cabeças', '2011-3-28 16:8', '50 Km', 34, 361, 362, 'Transportar 181 cabeças, usando o serviço NORMAL.');

INSERT INTO Servico(id, tipoServico, TipoCarga_id, quantidadeCarga, unidadeCarga, dataPedido, distancia, Empresa_id, origem, destino, descricao)
VALUES (82, 'NORMAL', 3, '193', 'unidades', '2011-4-7 20:39', '50 Km', 57, 363, 364, 'Transportar 193 unidades, usando o serviço NORMAL.');

INSERT INTO Servico(id, tipoServico, TipoCarga_id, quantidadeCarga, unidadeCarga, dataPedido, distancia, Empresa_id, origem, destino, descricao)
VALUES (83, 'NORMAL', 1, '344', 'kilogramas', '2011-5-27 10:59', '37 Km', 80, 365, 366, 'Transportar 344 kilogramas, usando o serviço NORMAL.');

INSERT INTO Servico(id, tipoServico, TipoCarga_id, quantidadeCarga, unidadeCarga, dataPedido, distancia, Empresa_id, origem, destino, descricao)
VALUES (84, 'ECONOMICO', 8, '515', 'gramas', '2011-12-6 9:42', '24 Km', 71, 367, 368, 'Transportar 515 gramas, usando o serviço ECONOMICO.');

INSERT INTO Servico(id, tipoServico, TipoCarga_id, quantidadeCarga, unidadeCarga, dataPedido, distancia, Empresa_id, origem, destino, descricao)
VALUES (85, 'ECONOMICO', 5, '293', 'kilogramas', '2011-7-25 4:33', '8 Km', 26, 369, 370, 'Transportar 293 kilogramas, usando o serviço ECONOMICO.');

INSERT INTO Servico(id, tipoServico, TipoCarga_id, quantidadeCarga, unidadeCarga, dataPedido, distancia, Empresa_id, origem, destino, descricao)
VALUES (86, 'EXPRESSO', 3, '553', 'kilogramas', '2011-4-20 15:26', '53 Km', 70, 371, 372, 'Transportar 553 kilogramas, usando o serviço EXPRESSO.');

INSERT INTO Servico(id, tipoServico, TipoCarga_id, quantidadeCarga, unidadeCarga, dataPedido, distancia, Empresa_id, origem, destino, descricao)
VALUES (87, 'ECONOMICO', 8, '878', 'gramas', '2011-3-4 6:5', '40 Km', 3, 373, 374, 'Transportar 878 gramas, usando o serviço ECONOMICO.');

INSERT INTO Servico(id, tipoServico, TipoCarga_id, quantidadeCarga, unidadeCarga, dataPedido, distancia, Empresa_id, origem, destino, descricao)
VALUES (88, 'NORMAL', 6, '143', 'gramas', '2011-4-15 15:42', '20 Km', 34, 375, 376, 'Transportar 143 gramas, usando o serviço NORMAL.');

INSERT INTO Servico(id, tipoServico, TipoCarga_id, quantidadeCarga, unidadeCarga, dataPedido, distancia, Empresa_id, origem, destino, descricao)
VALUES (89, 'NORMAL', 7, '404', 'gramas', '2011-2-15 15:34', '7 Km', 80, 377, 378, 'Transportar 404 gramas, usando o serviço NORMAL.');

INSERT INTO Servico(id, tipoServico, TipoCarga_id, quantidadeCarga, unidadeCarga, dataPedido, distancia, Empresa_id, origem, destino, descricao)
VALUES (90, 'NORMAL', 5, '913', 'gramas', '2011-7-18 3:36', '55 Km', 7, 379, 380, 'Transportar 913 gramas, usando o serviço NORMAL.');

INSERT INTO Servico(id, tipoServico, TipoCarga_id, quantidadeCarga, unidadeCarga, dataPedido, distancia, Empresa_id, origem, destino, descricao)
VALUES (91, 'EXPRESSO', 1, '103', 'kilogramas', '2011-9-17 17:2', '61 Km', 33, 381, 382, 'Transportar 103 kilogramas, usando o serviço EXPRESSO.');

INSERT INTO Servico(id, tipoServico, TipoCarga_id, quantidadeCarga, unidadeCarga, dataPedido, distancia, Empresa_id, origem, destino, descricao)
VALUES (92, 'ECONOMICO', 8, '134', 'gramas', '2011-7-24 13:14', '37 Km', 74, 383, 384, 'Transportar 134 gramas, usando o serviço ECONOMICO.');

INSERT INTO Servico(id, tipoServico, TipoCarga_id, quantidadeCarga, unidadeCarga, dataPedido, distancia, Empresa_id, origem, destino, descricao)
VALUES (93, 'ECONOMICO', 1, '236', 'gramas', '2011-7-15 4:44', '61 Km', 36, 385, 386, 'Transportar 236 gramas, usando o serviço ECONOMICO.');

INSERT INTO Servico(id, tipoServico, TipoCarga_id, quantidadeCarga, unidadeCarga, dataPedido, distancia, Empresa_id, origem, destino, descricao)
VALUES (94, 'EXPRESSO', 7, '231', 'gramas', '2011-1-25 19:39', '35 Km', 58, 387, 388, 'Transportar 231 gramas, usando o serviço EXPRESSO.');

INSERT INTO Servico(id, tipoServico, TipoCarga_id, quantidadeCarga, unidadeCarga, dataPedido, distancia, Empresa_id, origem, destino, descricao)
VALUES (95, 'ECONOMICO', 1, '388', 'kilogramas', '2011-1-5 14:27', '5 Km', 16, 389, 390, 'Transportar 388 kilogramas, usando o serviço ECONOMICO.');

INSERT INTO Servico(id, tipoServico, TipoCarga_id, quantidadeCarga, unidadeCarga, dataPedido, distancia, Empresa_id, origem, destino, descricao)
VALUES (96, 'ECONOMICO', 9, '496', 'kilogramas', '2011-5-22 5:2', '11 Km', 5, 391, 392, 'Transportar 496 kilogramas, usando o serviço ECONOMICO.');

INSERT INTO Servico(id, tipoServico, TipoCarga_id, quantidadeCarga, unidadeCarga, dataPedido, distancia, Empresa_id, origem, destino, descricao)
VALUES (97, 'ECONOMICO', 5, '394', 'kilogramas', '2011-6-25 16:34', '64 Km', 29, 393, 394, 'Transportar 394 kilogramas, usando o serviço ECONOMICO.');

INSERT INTO Servico(id, tipoServico, TipoCarga_id, quantidadeCarga, unidadeCarga, dataPedido, distancia, Empresa_id, origem, destino, descricao)
VALUES (98, 'EXPRESSO', 1, '853', 'unidades', '2011-9-26 4:7', '36 Km', 3, 395, 396, 'Transportar 853 unidades, usando o serviço EXPRESSO.');

INSERT INTO Servico(id, tipoServico, TipoCarga_id, quantidadeCarga, unidadeCarga, dataPedido, distancia, Empresa_id, origem, destino, descricao)
VALUES (99, 'NORMAL', 6, '936', 'unidades', '2011-12-2 21:26', '9 Km', 100, 397, 398, 'Transportar 936 unidades, usando o serviço NORMAL.');

INSERT INTO Servico(id, tipoServico, TipoCarga_id, quantidadeCarga, unidadeCarga, dataPedido, distancia, Empresa_id, origem, destino, descricao)
VALUES (100, 'NORMAL', 4, '153', 'cabeças', '2011-7-4 1:22', '35 Km', 90, 399, 400, 'Transportar 153 cabeças, usando o serviço NORMAL.');

-- Popula a tabela Transporte.

INSERT INTO Transporte(id, dataIniciou, dataTerminou, custoTransporte, quantidadeCarga, Servico_id, Motorista_id)
VALUES (1, '2012-4-3 3:36', null, 941.18, 37, 91, 50);

INSERT INTO Transporte(id, dataIniciou, dataTerminou, custoTransporte, quantidadeCarga, Servico_id, Motorista_id)
VALUES (2, '2012-1-14 23:50', null, 181.51, 60, 91, 84);

INSERT INTO Transporte(id, dataIniciou, dataTerminou, custoTransporte, quantidadeCarga, Servico_id, Motorista_id)
VALUES (3, '2012-1-5 18:2', null, 678.52, 42, 86, 80);

INSERT INTO Transporte(id, dataIniciou, dataTerminou, custoTransporte, quantidadeCarga, Servico_id, Motorista_id)
VALUES (4, '2012-8-5 13:23', null, 359.65, 82, 59, 7);

INSERT INTO Transporte(id, dataIniciou, dataTerminou, custoTransporte, quantidadeCarga, Servico_id, Motorista_id)
VALUES (5, '2012-3-28 17:13', null, 298.99, 78, 51, 69);

INSERT INTO Transporte(id, dataIniciou, dataTerminou, custoTransporte, quantidadeCarga, Servico_id, Motorista_id)
VALUES (6, '2012-5-22 1:14', '2013-3-14 18:2', 570.40, 42, 52, 6);

INSERT INTO Transporte(id, dataIniciou, dataTerminou, custoTransporte, quantidadeCarga, Servico_id, Motorista_id)
VALUES (7, '2012-6-29 14:33', '2013-5-3 6:44', 709.04, 36, 73, 95);

INSERT INTO Transporte(id, dataIniciou, dataTerminou, custoTransporte, quantidadeCarga, Servico_id, Motorista_id)
VALUES (8, '2012-5-8 0:37', '2013-10-19 12:2', 537.55, 93, 1, 52);

INSERT INTO Transporte(id, dataIniciou, dataTerminou, custoTransporte, quantidadeCarga, Servico_id, Motorista_id)
VALUES (9, '2012-3-5 1:2', '2013-1-18 13:21', 170.48, 12, 87, 82);

INSERT INTO Transporte(id, dataIniciou, dataTerminou, custoTransporte, quantidadeCarga, Servico_id, Motorista_id)
VALUES (10, '2012-10-13 1:9', null, 186.66, 68, 6, 49);

INSERT INTO Transporte(id, dataIniciou, dataTerminou, custoTransporte, quantidadeCarga, Servico_id, Motorista_id)
VALUES (11, '2012-12-16 21:43', '2013-1-17 13:13', 597.00, 24, 60, 22);

INSERT INTO Transporte(id, dataIniciou, dataTerminou, custoTransporte, quantidadeCarga, Servico_id, Motorista_id)
VALUES (12, '2012-6-17 17:48', null, 305.45, 64, 81, 58);

INSERT INTO Transporte(id, dataIniciou, dataTerminou, custoTransporte, quantidadeCarga, Servico_id, Motorista_id)
VALUES (13, '2012-1-22 0:34', '2013-11-25 5:8', 369.22, 23, 77, 51);

INSERT INTO Transporte(id, dataIniciou, dataTerminou, custoTransporte, quantidadeCarga, Servico_id, Motorista_id)
VALUES (14, '2012-7-9 14:20', null, 223.43, 78, 4, 92);

INSERT INTO Transporte(id, dataIniciou, dataTerminou, custoTransporte, quantidadeCarga, Servico_id, Motorista_id)
VALUES (15, '2012-5-19 1:6', '2013-8-27 8:9', 125.35, 44, 71, 2);

INSERT INTO Transporte(id, dataIniciou, dataTerminou, custoTransporte, quantidadeCarga, Servico_id, Motorista_id)
VALUES (16, '2012-11-9 14:49', '2013-9-26 19:45', 139.67, 11, 96, 77);

INSERT INTO Transporte(id, dataIniciou, dataTerminou, custoTransporte, quantidadeCarga, Servico_id, Motorista_id)
VALUES (17, '2012-11-27 9:41', '2013-12-27 22:51', 277.87, 56, 70, 74);

INSERT INTO Transporte(id, dataIniciou, dataTerminou, custoTransporte, quantidadeCarga, Servico_id, Motorista_id)
VALUES (18, '2012-6-8 14:37', '2013-5-5 17:5', 269.97, 19, 36, 89);

INSERT INTO Transporte(id, dataIniciou, dataTerminou, custoTransporte, quantidadeCarga, Servico_id, Motorista_id)
VALUES (19, '2012-12-2 16:13', '2013-7-7 4:9', 447.31, 78, 86, 56);

INSERT INTO Transporte(id, dataIniciou, dataTerminou, custoTransporte, quantidadeCarga, Servico_id, Motorista_id)
VALUES (20, '2012-6-24 12:51', null, 564.85, 18, 17, 85);

INSERT INTO Transporte(id, dataIniciou, dataTerminou, custoTransporte, quantidadeCarga, Servico_id, Motorista_id)
VALUES (21, '2012-10-5 10:13', null, 284.30, 29, 34, 31);

INSERT INTO Transporte(id, dataIniciou, dataTerminou, custoTransporte, quantidadeCarga, Servico_id, Motorista_id)
VALUES (22, '2012-12-19 20:35', '2013-4-22 23:2', 573.26, 42, 93, 70);

INSERT INTO Transporte(id, dataIniciou, dataTerminou, custoTransporte, quantidadeCarga, Servico_id, Motorista_id)
VALUES (23, '2012-4-26 2:1', null, 406.91, 80, 63, 63);

INSERT INTO Transporte(id, dataIniciou, dataTerminou, custoTransporte, quantidadeCarga, Servico_id, Motorista_id)
VALUES (24, '2012-2-2 9:12', null, 456.39, 92, 20, 35);

INSERT INTO Transporte(id, dataIniciou, dataTerminou, custoTransporte, quantidadeCarga, Servico_id, Motorista_id)
VALUES (25, '2012-1-7 3:4', '2013-6-21 22:45', 280.31, 66, 6, 71);

INSERT INTO Transporte(id, dataIniciou, dataTerminou, custoTransporte, quantidadeCarga, Servico_id, Motorista_id)
VALUES (26, '2012-4-26 1:12', '2013-5-4 14:47', 366.11, 75, 69, 72);

INSERT INTO Transporte(id, dataIniciou, dataTerminou, custoTransporte, quantidadeCarga, Servico_id, Motorista_id)
VALUES (27, '2012-1-16 18:4', '2013-5-22 16:53', 810.30, 17, 22, 78);

INSERT INTO Transporte(id, dataIniciou, dataTerminou, custoTransporte, quantidadeCarga, Servico_id, Motorista_id)
VALUES (28, '2012-9-11 9:57', null, 262.26, 53, 13, 14);

INSERT INTO Transporte(id, dataIniciou, dataTerminou, custoTransporte, quantidadeCarga, Servico_id, Motorista_id)
VALUES (29, '2012-11-16 19:8', '2013-9-20 4:49', 919.20, 98, 97, 44);

INSERT INTO Transporte(id, dataIniciou, dataTerminou, custoTransporte, quantidadeCarga, Servico_id, Motorista_id)
VALUES (30, '2012-11-3 21:46', '2013-11-4 22:59', 853.30, 58, 23, 74);

INSERT INTO Transporte(id, dataIniciou, dataTerminou, custoTransporte, quantidadeCarga, Servico_id, Motorista_id)
VALUES (31, '2012-4-17 5:7', null, 684.42, 73, 32, 52);

INSERT INTO Transporte(id, dataIniciou, dataTerminou, custoTransporte, quantidadeCarga, Servico_id, Motorista_id)
VALUES (32, '2012-10-23 3:48', '2013-4-22 16:0', 842.14, 21, 82, 11);

INSERT INTO Transporte(id, dataIniciou, dataTerminou, custoTransporte, quantidadeCarga, Servico_id, Motorista_id)
VALUES (33, '2012-5-27 4:48', null, 674.38, 74, 10, 43);

INSERT INTO Transporte(id, dataIniciou, dataTerminou, custoTransporte, quantidadeCarga, Servico_id, Motorista_id)
VALUES (34, '2012-9-8 14:18', null, 293.05, 12, 83, 20);

INSERT INTO Transporte(id, dataIniciou, dataTerminou, custoTransporte, quantidadeCarga, Servico_id, Motorista_id)
VALUES (35, '2012-2-23 14:33', null, 737.31, 11, 92, 99);

INSERT INTO Transporte(id, dataIniciou, dataTerminou, custoTransporte, quantidadeCarga, Servico_id, Motorista_id)
VALUES (36, '2012-3-17 10:21', null, 140.05, 98, 39, 33);

INSERT INTO Transporte(id, dataIniciou, dataTerminou, custoTransporte, quantidadeCarga, Servico_id, Motorista_id)
VALUES (37, '2012-2-25 7:28', '2013-7-2 22:27', 621.47, 33, 52, 10);

INSERT INTO Transporte(id, dataIniciou, dataTerminou, custoTransporte, quantidadeCarga, Servico_id, Motorista_id)
VALUES (38, '2012-4-28 23:1', '2013-6-14 1:8', 331.17, 30, 43, 38);

INSERT INTO Transporte(id, dataIniciou, dataTerminou, custoTransporte, quantidadeCarga, Servico_id, Motorista_id)
VALUES (39, '2012-3-8 12:19', null, 710.81, 75, 49, 3);

INSERT INTO Transporte(id, dataIniciou, dataTerminou, custoTransporte, quantidadeCarga, Servico_id, Motorista_id)
VALUES (40, '2012-10-17 0:10', null, 789.96, 16, 34, 24);

INSERT INTO Transporte(id, dataIniciou, dataTerminou, custoTransporte, quantidadeCarga, Servico_id, Motorista_id)
VALUES (41, '2012-6-4 18:17', null, 673.63, 47, 51, 61);

INSERT INTO Transporte(id, dataIniciou, dataTerminou, custoTransporte, quantidadeCarga, Servico_id, Motorista_id)
VALUES (42, '2012-7-7 11:20', null, 596.66, 78, 82, 13);

INSERT INTO Transporte(id, dataIniciou, dataTerminou, custoTransporte, quantidadeCarga, Servico_id, Motorista_id)
VALUES (43, '2012-1-2 19:25', null, 670.13, 40, 96, 12);

INSERT INTO Transporte(id, dataIniciou, dataTerminou, custoTransporte, quantidadeCarga, Servico_id, Motorista_id)
VALUES (44, '2012-12-9 7:2', null, 784.94, 84, 54, 80);

INSERT INTO Transporte(id, dataIniciou, dataTerminou, custoTransporte, quantidadeCarga, Servico_id, Motorista_id)
VALUES (45, '2012-7-24 3:50', null, 868.96, 69, 91, 11);

INSERT INTO Transporte(id, dataIniciou, dataTerminou, custoTransporte, quantidadeCarga, Servico_id, Motorista_id)
VALUES (46, '2012-5-7 19:47', '2013-7-29 9:3', 766.08, 13, 37, 47);

INSERT INTO Transporte(id, dataIniciou, dataTerminou, custoTransporte, quantidadeCarga, Servico_id, Motorista_id)
VALUES (47, '2012-12-5 5:0', '2013-1-24 8:5', 777.78, 53, 71, 79);

INSERT INTO Transporte(id, dataIniciou, dataTerminou, custoTransporte, quantidadeCarga, Servico_id, Motorista_id)
VALUES (48, '2012-6-9 1:10', null, 396.01, 52, 94, 36);

INSERT INTO Transporte(id, dataIniciou, dataTerminou, custoTransporte, quantidadeCarga, Servico_id, Motorista_id)
VALUES (49, '2012-1-22 21:0', '2013-1-9 23:43', 860.75, 14, 48, 9);

INSERT INTO Transporte(id, dataIniciou, dataTerminou, custoTransporte, quantidadeCarga, Servico_id, Motorista_id)
VALUES (50, '2012-2-3 20:39', '2013-10-14 16:7', 286.88, 12, 80, 66);

INSERT INTO Transporte(id, dataIniciou, dataTerminou, custoTransporte, quantidadeCarga, Servico_id, Motorista_id)
VALUES (51, '2012-3-6 12:46', '2013-7-12 12:54', 154.91, 45, 29, 58);

INSERT INTO Transporte(id, dataIniciou, dataTerminou, custoTransporte, quantidadeCarga, Servico_id, Motorista_id)
VALUES (52, '2012-11-17 12:18', '2013-12-23 15:54', 178.36, 55, 83, 97);

INSERT INTO Transporte(id, dataIniciou, dataTerminou, custoTransporte, quantidadeCarga, Servico_id, Motorista_id)
VALUES (53, '2012-5-11 16:40', null, 872.37, 73, 21, 64);

INSERT INTO Transporte(id, dataIniciou, dataTerminou, custoTransporte, quantidadeCarga, Servico_id, Motorista_id)
VALUES (54, '2012-3-28 7:4', '2013-10-25 17:40', 495.17, 11, 6, 34);

INSERT INTO Transporte(id, dataIniciou, dataTerminou, custoTransporte, quantidadeCarga, Servico_id, Motorista_id)
VALUES (55, '2012-2-6 4:37', null, 199.25, 62, 86, 77);

INSERT INTO Transporte(id, dataIniciou, dataTerminou, custoTransporte, quantidadeCarga, Servico_id, Motorista_id)
VALUES (56, '2012-12-10 17:46', '2013-8-17 22:1', 202.80, 61, 10, 51);

INSERT INTO Transporte(id, dataIniciou, dataTerminou, custoTransporte, quantidadeCarga, Servico_id, Motorista_id)
VALUES (57, '2012-6-10 8:18', null, 128.12, 87, 17, 57);

INSERT INTO Transporte(id, dataIniciou, dataTerminou, custoTransporte, quantidadeCarga, Servico_id, Motorista_id)
VALUES (58, '2012-7-8 21:4', '2013-7-8 20:0', 794.28, 48, 23, 82);

INSERT INTO Transporte(id, dataIniciou, dataTerminou, custoTransporte, quantidadeCarga, Servico_id, Motorista_id)
VALUES (59, '2012-2-6 19:43', null, 872.03, 14, 35, 99);

INSERT INTO Transporte(id, dataIniciou, dataTerminou, custoTransporte, quantidadeCarga, Servico_id, Motorista_id)
VALUES (60, '2012-10-9 23:50', '2013-8-27 4:55', 871.43, 58, 41, 43);

INSERT INTO Transporte(id, dataIniciou, dataTerminou, custoTransporte, quantidadeCarga, Servico_id, Motorista_id)
VALUES (61, '2012-8-11 19:45', null, 884.43, 31, 47, 43);

INSERT INTO Transporte(id, dataIniciou, dataTerminou, custoTransporte, quantidadeCarga, Servico_id, Motorista_id)
VALUES (62, '2012-8-14 0:50', null, 616.91, 73, 69, 44);

INSERT INTO Transporte(id, dataIniciou, dataTerminou, custoTransporte, quantidadeCarga, Servico_id, Motorista_id)
VALUES (63, '2012-5-4 15:46', null, 732.24, 31, 57, 63);

INSERT INTO Transporte(id, dataIniciou, dataTerminou, custoTransporte, quantidadeCarga, Servico_id, Motorista_id)
VALUES (64, '2012-11-6 6:52', null, 361.76, 11, 58, 82);

INSERT INTO Transporte(id, dataIniciou, dataTerminou, custoTransporte, quantidadeCarga, Servico_id, Motorista_id)
VALUES (65, '2012-1-13 23:27', '2013-9-20 8:23', 246.04, 72, 35, 62);

INSERT INTO Transporte(id, dataIniciou, dataTerminou, custoTransporte, quantidadeCarga, Servico_id, Motorista_id)
VALUES (66, '2012-11-22 13:55', '2013-11-18 9:55', 294.82, 14, 41, 73);

INSERT INTO Transporte(id, dataIniciou, dataTerminou, custoTransporte, quantidadeCarga, Servico_id, Motorista_id)
VALUES (67, '2012-7-26 4:9', null, 721.32, 65, 48, 46);

INSERT INTO Transporte(id, dataIniciou, dataTerminou, custoTransporte, quantidadeCarga, Servico_id, Motorista_id)
VALUES (68, '2012-3-17 19:29', null, 511.02, 14, 39, 75);

INSERT INTO Transporte(id, dataIniciou, dataTerminou, custoTransporte, quantidadeCarga, Servico_id, Motorista_id)
VALUES (69, '2012-5-28 14:20', null, 385.25, 20, 14, 2);

INSERT INTO Transporte(id, dataIniciou, dataTerminou, custoTransporte, quantidadeCarga, Servico_id, Motorista_id)
VALUES (70, '2012-10-13 21:26', null, 976.16, 15, 99, 64);

INSERT INTO Transporte(id, dataIniciou, dataTerminou, custoTransporte, quantidadeCarga, Servico_id, Motorista_id)
VALUES (71, '2012-1-4 1:18', '2013-3-5 18:10', 524.80, 12, 41, 17);

INSERT INTO Transporte(id, dataIniciou, dataTerminou, custoTransporte, quantidadeCarga, Servico_id, Motorista_id)
VALUES (72, '2012-11-5 3:46', '2013-7-10 19:17', 113.30, 12, 15, 31);

INSERT INTO Transporte(id, dataIniciou, dataTerminou, custoTransporte, quantidadeCarga, Servico_id, Motorista_id)
VALUES (73, '2012-5-3 23:7', '2013-11-15 6:58', 928.52, 22, 76, 21);

INSERT INTO Transporte(id, dataIniciou, dataTerminou, custoTransporte, quantidadeCarga, Servico_id, Motorista_id)
VALUES (74, '2012-10-12 2:45', '2013-7-2 13:42', 288.69, 77, 33, 34);

INSERT INTO Transporte(id, dataIniciou, dataTerminou, custoTransporte, quantidadeCarga, Servico_id, Motorista_id)
VALUES (75, '2012-12-9 1:26', null, 667.11, 98, 53, 47);

INSERT INTO Transporte(id, dataIniciou, dataTerminou, custoTransporte, quantidadeCarga, Servico_id, Motorista_id)
VALUES (76, '2012-7-22 4:0', null, 695.19, 63, 7, 50);

INSERT INTO Transporte(id, dataIniciou, dataTerminou, custoTransporte, quantidadeCarga, Servico_id, Motorista_id)
VALUES (77, '2012-9-12 8:27', '2013-6-2 18:51', 333.42, 30, 9, 61);

INSERT INTO Transporte(id, dataIniciou, dataTerminou, custoTransporte, quantidadeCarga, Servico_id, Motorista_id)
VALUES (78, '2012-12-4 10:54', '2013-10-16 22:15', 911.45, 74, 72, 12);

INSERT INTO Transporte(id, dataIniciou, dataTerminou, custoTransporte, quantidadeCarga, Servico_id, Motorista_id)
VALUES (79, '2012-5-1 0:11', null, 145.51, 46, 83, 57);

INSERT INTO Transporte(id, dataIniciou, dataTerminou, custoTransporte, quantidadeCarga, Servico_id, Motorista_id)
VALUES (80, '2012-12-10 14:10', null, 485.03, 19, 35, 19);

INSERT INTO Transporte(id, dataIniciou, dataTerminou, custoTransporte, quantidadeCarga, Servico_id, Motorista_id)
VALUES (81, '2012-10-29 8:11', '2013-12-9 4:59', 894.52, 75, 56, 67);

INSERT INTO Transporte(id, dataIniciou, dataTerminou, custoTransporte, quantidadeCarga, Servico_id, Motorista_id)
VALUES (82, '2012-3-13 12:52', null, 337.46, 14, 17, 12);

INSERT INTO Transporte(id, dataIniciou, dataTerminou, custoTransporte, quantidadeCarga, Servico_id, Motorista_id)
VALUES (83, '2012-4-15 8:36', null, 568.21, 46, 85, 25);

INSERT INTO Transporte(id, dataIniciou, dataTerminou, custoTransporte, quantidadeCarga, Servico_id, Motorista_id)
VALUES (84, '2012-6-22 5:59', '2013-5-27 0:27', 286.19, 51, 43, 53);

INSERT INTO Transporte(id, dataIniciou, dataTerminou, custoTransporte, quantidadeCarga, Servico_id, Motorista_id)
VALUES (85, '2012-11-20 8:52', null, 318.46, 97, 56, 64);

INSERT INTO Transporte(id, dataIniciou, dataTerminou, custoTransporte, quantidadeCarga, Servico_id, Motorista_id)
VALUES (86, '2012-3-19 23:58', null, 622.79, 32, 53, 72);

INSERT INTO Transporte(id, dataIniciou, dataTerminou, custoTransporte, quantidadeCarga, Servico_id, Motorista_id)
VALUES (87, '2012-6-18 23:12', '2013-10-27 8:50', 985.80, 27, 87, 52);

INSERT INTO Transporte(id, dataIniciou, dataTerminou, custoTransporte, quantidadeCarga, Servico_id, Motorista_id)
VALUES (88, '2012-3-23 5:16', null, 190.30, 43, 6, 6);

INSERT INTO Transporte(id, dataIniciou, dataTerminou, custoTransporte, quantidadeCarga, Servico_id, Motorista_id)
VALUES (89, '2012-10-10 6:14', '2013-2-4 11:6', 408.01, 40, 99, 62);

INSERT INTO Transporte(id, dataIniciou, dataTerminou, custoTransporte, quantidadeCarga, Servico_id, Motorista_id)
VALUES (90, '2012-8-21 2:31', null, 829.65, 97, 36, 35);

INSERT INTO Transporte(id, dataIniciou, dataTerminou, custoTransporte, quantidadeCarga, Servico_id, Motorista_id)
VALUES (91, '2012-3-21 5:29', null, 666.45, 90, 53, 29);

INSERT INTO Transporte(id, dataIniciou, dataTerminou, custoTransporte, quantidadeCarga, Servico_id, Motorista_id)
VALUES (92, '2012-6-23 10:16', '2013-5-6 6:43', 242.68, 34, 100, 66);

INSERT INTO Transporte(id, dataIniciou, dataTerminou, custoTransporte, quantidadeCarga, Servico_id, Motorista_id)
VALUES (93, '2012-3-25 7:46', '2013-7-11 18:27', 789.28, 71, 50, 50);

INSERT INTO Transporte(id, dataIniciou, dataTerminou, custoTransporte, quantidadeCarga, Servico_id, Motorista_id)
VALUES (94, '2012-6-15 16:17', null, 980.51, 11, 78, 81);

INSERT INTO Transporte(id, dataIniciou, dataTerminou, custoTransporte, quantidadeCarga, Servico_id, Motorista_id)
VALUES (95, '2012-6-20 14:1', '2013-1-29 20:35', 321.71, 62, 74, 56);

INSERT INTO Transporte(id, dataIniciou, dataTerminou, custoTransporte, quantidadeCarga, Servico_id, Motorista_id)
VALUES (96, '2012-1-19 22:23', '2013-4-2 14:17', 488.22, 76, 35, 49);

INSERT INTO Transporte(id, dataIniciou, dataTerminou, custoTransporte, quantidadeCarga, Servico_id, Motorista_id)
VALUES (97, '2012-8-18 5:7', null, 935.80, 19, 48, 26);

INSERT INTO Transporte(id, dataIniciou, dataTerminou, custoTransporte, quantidadeCarga, Servico_id, Motorista_id)
VALUES (98, '2012-9-6 14:19', null, 175.01, 29, 59, 20);

INSERT INTO Transporte(id, dataIniciou, dataTerminou, custoTransporte, quantidadeCarga, Servico_id, Motorista_id)
VALUES (99, '2012-5-21 1:25', '2013-7-25 16:17', 805.08, 10, 52, 11);

INSERT INTO Transporte(id, dataIniciou, dataTerminou, custoTransporte, quantidadeCarga, Servico_id, Motorista_id)
VALUES (100, '2012-10-16 16:40', null, 256.92, 85, 53, 71);

INSERT INTO Transporte(id, dataIniciou, dataTerminou, custoTransporte, quantidadeCarga, Servico_id, Motorista_id)
VALUES (101, '2012-3-20 11:42', null, 632.77, 15, 30, 85);

INSERT INTO Transporte(id, dataIniciou, dataTerminou, custoTransporte, quantidadeCarga, Servico_id, Motorista_id)
VALUES (102, '2012-8-6 14:35', '2013-5-7 18:31', 108.26, 55, 77, 24);

INSERT INTO Transporte(id, dataIniciou, dataTerminou, custoTransporte, quantidadeCarga, Servico_id, Motorista_id)
VALUES (103, '2012-5-12 2:45', null, 807.42, 50, 32, 55);

INSERT INTO Transporte(id, dataIniciou, dataTerminou, custoTransporte, quantidadeCarga, Servico_id, Motorista_id)
VALUES (104, '2012-2-9 2:14', '2013-10-28 3:59', 603.80, 71, 3, 7);

INSERT INTO Transporte(id, dataIniciou, dataTerminou, custoTransporte, quantidadeCarga, Servico_id, Motorista_id)
VALUES (105, '2012-5-7 21:53', null, 994.29, 20, 16, 14);

INSERT INTO Transporte(id, dataIniciou, dataTerminou, custoTransporte, quantidadeCarga, Servico_id, Motorista_id)
VALUES (106, '2012-12-17 6:30', '2013-8-9 17:9', 961.60, 10, 4, 91);

INSERT INTO Transporte(id, dataIniciou, dataTerminou, custoTransporte, quantidadeCarga, Servico_id, Motorista_id)
VALUES (107, '2012-4-25 1:21', '2013-4-24 7:17', 125.95, 36, 52, 83);

INSERT INTO Transporte(id, dataIniciou, dataTerminou, custoTransporte, quantidadeCarga, Servico_id, Motorista_id)
VALUES (108, '2012-9-12 10:18', '2013-11-7 0:3', 735.37, 32, 27, 27);

INSERT INTO Transporte(id, dataIniciou, dataTerminou, custoTransporte, quantidadeCarga, Servico_id, Motorista_id)
VALUES (109, '2012-10-13 12:48', null, 368.20, 49, 16, 65);

INSERT INTO Transporte(id, dataIniciou, dataTerminou, custoTransporte, quantidadeCarga, Servico_id, Motorista_id)
VALUES (110, '2012-11-13 0:59', null, 540.19, 43, 8, 82);

INSERT INTO Transporte(id, dataIniciou, dataTerminou, custoTransporte, quantidadeCarga, Servico_id, Motorista_id)
VALUES (111, '2012-11-26 15:36', '2013-12-10 12:22', 711.13, 57, 64, 20);

INSERT INTO Transporte(id, dataIniciou, dataTerminou, custoTransporte, quantidadeCarga, Servico_id, Motorista_id)
VALUES (112, '2012-1-1 11:52', null, 880.24, 37, 7, 4);

INSERT INTO Transporte(id, dataIniciou, dataTerminou, custoTransporte, quantidadeCarga, Servico_id, Motorista_id)
VALUES (113, '2012-11-14 21:9', '2013-1-20 18:26', 392.00, 22, 96, 3);

INSERT INTO Transporte(id, dataIniciou, dataTerminou, custoTransporte, quantidadeCarga, Servico_id, Motorista_id)
VALUES (114, '2012-6-3 21:31', '2013-12-20 14:20', 989.79, 28, 41, 61);

INSERT INTO Transporte(id, dataIniciou, dataTerminou, custoTransporte, quantidadeCarga, Servico_id, Motorista_id)
VALUES (115, '2012-9-2 8:19', '2013-11-24 18:39', 328.46, 11, 14, 83);

INSERT INTO Transporte(id, dataIniciou, dataTerminou, custoTransporte, quantidadeCarga, Servico_id, Motorista_id)
VALUES (116, '2012-4-15 1:37', '2013-2-11 13:38', 569.02, 66, 80, 71);

INSERT INTO Transporte(id, dataIniciou, dataTerminou, custoTransporte, quantidadeCarga, Servico_id, Motorista_id)
VALUES (117, '2012-12-14 23:49', null, 988.70, 97, 24, 73);

INSERT INTO Transporte(id, dataIniciou, dataTerminou, custoTransporte, quantidadeCarga, Servico_id, Motorista_id)
VALUES (118, '2012-9-24 3:16', null, 100.19, 64, 24, 96);

INSERT INTO Transporte(id, dataIniciou, dataTerminou, custoTransporte, quantidadeCarga, Servico_id, Motorista_id)
VALUES (119, '2012-8-20 23:32', null, 177.84, 99, 95, 23);

INSERT INTO Transporte(id, dataIniciou, dataTerminou, custoTransporte, quantidadeCarga, Servico_id, Motorista_id)
VALUES (120, '2012-12-1 9:8', '2013-6-13 12:40', 760.00, 11, 73, 10);

INSERT INTO Transporte(id, dataIniciou, dataTerminou, custoTransporte, quantidadeCarga, Servico_id, Motorista_id)
VALUES (121, '2012-10-12 20:57', '2013-12-11 11:38', 437.60, 16, 27, 43);

INSERT INTO Transporte(id, dataIniciou, dataTerminou, custoTransporte, quantidadeCarga, Servico_id, Motorista_id)
VALUES (122, '2012-8-17 17:56', null, 476.34, 14, 5, 22);

INSERT INTO Transporte(id, dataIniciou, dataTerminou, custoTransporte, quantidadeCarga, Servico_id, Motorista_id)
VALUES (123, '2012-7-15 15:35', '2013-11-22 4:53', 848.84, 13, 5, 36);

INSERT INTO Transporte(id, dataIniciou, dataTerminou, custoTransporte, quantidadeCarga, Servico_id, Motorista_id)
VALUES (124, '2012-7-18 22:49', '2013-3-1 4:1', 373.10, 27, 53, 46);

INSERT INTO Transporte(id, dataIniciou, dataTerminou, custoTransporte, quantidadeCarga, Servico_id, Motorista_id)
VALUES (125, '2012-3-5 11:55', null, 277.33, 72, 77, 89);

INSERT INTO Transporte(id, dataIniciou, dataTerminou, custoTransporte, quantidadeCarga, Servico_id, Motorista_id)
VALUES (126, '2012-3-15 5:31', null, 382.63, 44, 66, 85);

INSERT INTO Transporte(id, dataIniciou, dataTerminou, custoTransporte, quantidadeCarga, Servico_id, Motorista_id)
VALUES (127, '2012-12-17 10:34', '2013-10-22 18:4', 167.58, 88, 61, 19);

INSERT INTO Transporte(id, dataIniciou, dataTerminou, custoTransporte, quantidadeCarga, Servico_id, Motorista_id)
VALUES (128, '2012-10-7 19:14', null, 262.97, 86, 20, 20);

INSERT INTO Transporte(id, dataIniciou, dataTerminou, custoTransporte, quantidadeCarga, Servico_id, Motorista_id)
VALUES (129, '2012-10-7 5:55', '2013-3-22 4:8', 466.26, 83, 19, 37);

INSERT INTO Transporte(id, dataIniciou, dataTerminou, custoTransporte, quantidadeCarga, Servico_id, Motorista_id)
VALUES (130, '2012-6-11 13:17', null, 377.57, 67, 41, 61);

INSERT INTO Transporte(id, dataIniciou, dataTerminou, custoTransporte, quantidadeCarga, Servico_id, Motorista_id)
VALUES (131, '2012-9-10 12:36', null, 421.56, 38, 97, 16);

INSERT INTO Transporte(id, dataIniciou, dataTerminou, custoTransporte, quantidadeCarga, Servico_id, Motorista_id)
VALUES (132, '2012-2-10 18:15', '2013-3-8 17:55', 212.49, 41, 100, 4);

INSERT INTO Transporte(id, dataIniciou, dataTerminou, custoTransporte, quantidadeCarga, Servico_id, Motorista_id)
VALUES (133, '2012-11-15 23:36', '2013-9-11 11:38', 865.22, 86, 4, 51);

INSERT INTO Transporte(id, dataIniciou, dataTerminou, custoTransporte, quantidadeCarga, Servico_id, Motorista_id)
VALUES (134, '2012-2-17 0:19', '2013-6-12 3:36', 160.98, 79, 41, 50);

INSERT INTO Transporte(id, dataIniciou, dataTerminou, custoTransporte, quantidadeCarga, Servico_id, Motorista_id)
VALUES (135, '2012-3-22 7:53', '2013-6-20 19:49', 468.53, 17, 39, 11);

INSERT INTO Transporte(id, dataIniciou, dataTerminou, custoTransporte, quantidadeCarga, Servico_id, Motorista_id)
VALUES (136, '2012-3-5 21:3', null, 178.36, 45, 95, 84);

INSERT INTO Transporte(id, dataIniciou, dataTerminou, custoTransporte, quantidadeCarga, Servico_id, Motorista_id)
VALUES (137, '2012-7-15 4:52', null, 376.76, 13, 1, 2);

INSERT INTO Transporte(id, dataIniciou, dataTerminou, custoTransporte, quantidadeCarga, Servico_id, Motorista_id)
VALUES (138, '2012-8-14 18:5', '2013-10-3 3:18', 811.67, 16, 7, 58);

INSERT INTO Transporte(id, dataIniciou, dataTerminou, custoTransporte, quantidadeCarga, Servico_id, Motorista_id)
VALUES (139, '2012-1-29 11:30', null, 794.18, 19, 94, 15);

INSERT INTO Transporte(id, dataIniciou, dataTerminou, custoTransporte, quantidadeCarga, Servico_id, Motorista_id)
VALUES (140, '2012-5-22 7:42', null, 141.00, 98, 10, 4);

INSERT INTO Transporte(id, dataIniciou, dataTerminou, custoTransporte, quantidadeCarga, Servico_id, Motorista_id)
VALUES (141, '2012-10-17 8:18', '2013-4-23 12:54', 483.61, 27, 81, 33);

INSERT INTO Transporte(id, dataIniciou, dataTerminou, custoTransporte, quantidadeCarga, Servico_id, Motorista_id)
VALUES (142, '2012-12-26 3:38', '2013-4-27 3:26', 754.95, 46, 34, 56);

INSERT INTO Transporte(id, dataIniciou, dataTerminou, custoTransporte, quantidadeCarga, Servico_id, Motorista_id)
VALUES (143, '2012-6-2 7:39', null, 878.18, 76, 15, 77);

INSERT INTO Transporte(id, dataIniciou, dataTerminou, custoTransporte, quantidadeCarga, Servico_id, Motorista_id)
VALUES (144, '2012-11-26 15:8', null, 603.08, 86, 44, 36);

INSERT INTO Transporte(id, dataIniciou, dataTerminou, custoTransporte, quantidadeCarga, Servico_id, Motorista_id)
VALUES (145, '2012-8-2 2:34', '2013-11-10 3:51', 693.13, 33, 76, 88);

INSERT INTO Transporte(id, dataIniciou, dataTerminou, custoTransporte, quantidadeCarga, Servico_id, Motorista_id)
VALUES (146, '2012-3-19 10:27', null, 707.94, 10, 48, 74);

INSERT INTO Transporte(id, dataIniciou, dataTerminou, custoTransporte, quantidadeCarga, Servico_id, Motorista_id)
VALUES (147, '2012-12-2 21:17', null, 571.64, 48, 74, 84);

INSERT INTO Transporte(id, dataIniciou, dataTerminou, custoTransporte, quantidadeCarga, Servico_id, Motorista_id)
VALUES (148, '2012-10-14 12:1', null, 618.21, 64, 60, 27);

INSERT INTO Transporte(id, dataIniciou, dataTerminou, custoTransporte, quantidadeCarga, Servico_id, Motorista_id)
VALUES (149, '2012-5-5 4:15', '2013-5-17 20:35', 705.16, 12, 43, 20);

INSERT INTO Transporte(id, dataIniciou, dataTerminou, custoTransporte, quantidadeCarga, Servico_id, Motorista_id)
VALUES (150, '2012-7-1 7:7', '2013-11-27 9:45', 185.24, 56, 26, 64);

INSERT INTO Transporte(id, dataIniciou, dataTerminou, custoTransporte, quantidadeCarga, Servico_id, Motorista_id)
VALUES (151, '2012-2-10 16:59', null, 747.74, 90, 73, 4);

INSERT INTO Transporte(id, dataIniciou, dataTerminou, custoTransporte, quantidadeCarga, Servico_id, Motorista_id)
VALUES (152, '2012-10-23 19:45', '2013-6-10 9:51', 744.57, 39, 19, 27);

INSERT INTO Transporte(id, dataIniciou, dataTerminou, custoTransporte, quantidadeCarga, Servico_id, Motorista_id)
VALUES (153, '2012-11-26 21:47', null, 757.07, 27, 69, 83);

INSERT INTO Transporte(id, dataIniciou, dataTerminou, custoTransporte, quantidadeCarga, Servico_id, Motorista_id)
VALUES (154, '2012-5-26 7:25', null, 728.62, 63, 8, 15);

INSERT INTO Transporte(id, dataIniciou, dataTerminou, custoTransporte, quantidadeCarga, Servico_id, Motorista_id)
VALUES (155, '2012-7-9 14:7', null, 892.99, 63, 64, 64);

INSERT INTO Transporte(id, dataIniciou, dataTerminou, custoTransporte, quantidadeCarga, Servico_id, Motorista_id)
VALUES (156, '2012-5-25 22:12', null, 503.82, 42, 2, 73);

INSERT INTO Transporte(id, dataIniciou, dataTerminou, custoTransporte, quantidadeCarga, Servico_id, Motorista_id)
VALUES (157, '2012-12-7 17:45', null, 151.32, 35, 77, 75);

INSERT INTO Transporte(id, dataIniciou, dataTerminou, custoTransporte, quantidadeCarga, Servico_id, Motorista_id)
VALUES (158, '2012-6-28 18:44', null, 430.93, 93, 95, 55);

INSERT INTO Transporte(id, dataIniciou, dataTerminou, custoTransporte, quantidadeCarga, Servico_id, Motorista_id)
VALUES (159, '2012-10-6 8:55', '2013-1-13 5:10', 239.21, 35, 58, 3);

INSERT INTO Transporte(id, dataIniciou, dataTerminou, custoTransporte, quantidadeCarga, Servico_id, Motorista_id)
VALUES (160, '2012-12-18 13:32', null, 576.98, 52, 25, 24);

INSERT INTO Transporte(id, dataIniciou, dataTerminou, custoTransporte, quantidadeCarga, Servico_id, Motorista_id)
VALUES (161, '2012-1-13 13:29', '2013-1-25 23:19', 702.88, 79, 26, 35);

INSERT INTO Transporte(id, dataIniciou, dataTerminou, custoTransporte, quantidadeCarga, Servico_id, Motorista_id)
VALUES (162, '2012-4-24 21:13', '2013-7-6 16:20', 387.96, 50, 36, 75);

INSERT INTO Transporte(id, dataIniciou, dataTerminou, custoTransporte, quantidadeCarga, Servico_id, Motorista_id)
VALUES (163, '2012-6-25 9:44', null, 222.54, 88, 88, 53);

INSERT INTO Transporte(id, dataIniciou, dataTerminou, custoTransporte, quantidadeCarga, Servico_id, Motorista_id)
VALUES (164, '2012-9-1 2:36', '2013-5-23 19:48', 582.99, 38, 19, 4);

INSERT INTO Transporte(id, dataIniciou, dataTerminou, custoTransporte, quantidadeCarga, Servico_id, Motorista_id)
VALUES (165, '2012-10-2 19:25', null, 806.95, 55, 33, 30);

INSERT INTO Transporte(id, dataIniciou, dataTerminou, custoTransporte, quantidadeCarga, Servico_id, Motorista_id)
VALUES (166, '2012-5-15 0:56', null, 357.27, 41, 30, 13);

INSERT INTO Transporte(id, dataIniciou, dataTerminou, custoTransporte, quantidadeCarga, Servico_id, Motorista_id)
VALUES (167, '2012-11-11 23:40', '2013-11-9 12:30', 870.91, 73, 3, 1);

INSERT INTO Transporte(id, dataIniciou, dataTerminou, custoTransporte, quantidadeCarga, Servico_id, Motorista_id)
VALUES (168, '2012-5-5 20:1', null, 873.17, 75, 73, 85);

INSERT INTO Transporte(id, dataIniciou, dataTerminou, custoTransporte, quantidadeCarga, Servico_id, Motorista_id)
VALUES (169, '2012-8-9 15:15', '2013-5-13 12:44', 127.40, 88, 61, 84);

INSERT INTO Transporte(id, dataIniciou, dataTerminou, custoTransporte, quantidadeCarga, Servico_id, Motorista_id)
VALUES (170, '2012-4-17 3:40', null, 209.81, 21, 38, 17);

INSERT INTO Transporte(id, dataIniciou, dataTerminou, custoTransporte, quantidadeCarga, Servico_id, Motorista_id)
VALUES (171, '2012-9-5 8:57', null, 819.52, 18, 55, 58);

INSERT INTO Transporte(id, dataIniciou, dataTerminou, custoTransporte, quantidadeCarga, Servico_id, Motorista_id)
VALUES (172, '2012-11-5 21:29', null, 795.96, 43, 22, 58);

INSERT INTO Transporte(id, dataIniciou, dataTerminou, custoTransporte, quantidadeCarga, Servico_id, Motorista_id)
VALUES (173, '2012-6-5 8:55', null, 721.14, 78, 87, 3);

INSERT INTO Transporte(id, dataIniciou, dataTerminou, custoTransporte, quantidadeCarga, Servico_id, Motorista_id)
VALUES (174, '2012-7-8 2:40', '2013-10-28 18:53', 864.60, 49, 66, 53);

INSERT INTO Transporte(id, dataIniciou, dataTerminou, custoTransporte, quantidadeCarga, Servico_id, Motorista_id)
VALUES (175, '2012-3-7 4:1', null, 452.62, 30, 82, 90);

INSERT INTO Transporte(id, dataIniciou, dataTerminou, custoTransporte, quantidadeCarga, Servico_id, Motorista_id)
VALUES (176, '2012-5-3 0:25', '2013-1-18 15:34', 856.44, 10, 21, 38);

INSERT INTO Transporte(id, dataIniciou, dataTerminou, custoTransporte, quantidadeCarga, Servico_id, Motorista_id)
VALUES (177, '2012-10-22 4:49', '2013-6-24 5:8', 146.24, 39, 12, 38);

INSERT INTO Transporte(id, dataIniciou, dataTerminou, custoTransporte, quantidadeCarga, Servico_id, Motorista_id)
VALUES (178, '2012-9-22 10:31', null, 183.42, 27, 88, 44);

INSERT INTO Transporte(id, dataIniciou, dataTerminou, custoTransporte, quantidadeCarga, Servico_id, Motorista_id)
VALUES (179, '2012-3-17 6:2', '2013-2-4 21:34', 482.04, 13, 88, 30);

INSERT INTO Transporte(id, dataIniciou, dataTerminou, custoTransporte, quantidadeCarga, Servico_id, Motorista_id)
VALUES (180, '2012-7-25 15:35', null, 571.39, 36, 53, 14);

INSERT INTO Transporte(id, dataIniciou, dataTerminou, custoTransporte, quantidadeCarga, Servico_id, Motorista_id)
VALUES (181, '2012-5-22 5:8', null, 882.75, 44, 39, 64);

INSERT INTO Transporte(id, dataIniciou, dataTerminou, custoTransporte, quantidadeCarga, Servico_id, Motorista_id)
VALUES (182, '2012-11-24 23:24', null, 893.13, 53, 100, 32);

INSERT INTO Transporte(id, dataIniciou, dataTerminou, custoTransporte, quantidadeCarga, Servico_id, Motorista_id)
VALUES (183, '2012-6-21 22:19', null, 246.46, 13, 95, 54);

INSERT INTO Transporte(id, dataIniciou, dataTerminou, custoTransporte, quantidadeCarga, Servico_id, Motorista_id)
VALUES (184, '2012-3-23 9:29', '2013-11-17 22:38', 465.31, 56, 28, 47);

INSERT INTO Transporte(id, dataIniciou, dataTerminou, custoTransporte, quantidadeCarga, Servico_id, Motorista_id)
VALUES (185, '2012-10-26 6:1', null, 893.05, 40, 92, 56);

INSERT INTO Transporte(id, dataIniciou, dataTerminou, custoTransporte, quantidadeCarga, Servico_id, Motorista_id)
VALUES (186, '2012-10-28 17:24', null, 172.72, 74, 34, 4);

INSERT INTO Transporte(id, dataIniciou, dataTerminou, custoTransporte, quantidadeCarga, Servico_id, Motorista_id)
VALUES (187, '2012-8-14 4:0', null, 635.93, 44, 95, 21);

INSERT INTO Transporte(id, dataIniciou, dataTerminou, custoTransporte, quantidadeCarga, Servico_id, Motorista_id)
VALUES (188, '2012-8-3 8:6', null, 165.19, 43, 2, 38);

INSERT INTO Transporte(id, dataIniciou, dataTerminou, custoTransporte, quantidadeCarga, Servico_id, Motorista_id)
VALUES (189, '2012-2-14 5:14', '2013-10-27 5:36', 388.54, 33, 29, 86);

INSERT INTO Transporte(id, dataIniciou, dataTerminou, custoTransporte, quantidadeCarga, Servico_id, Motorista_id)
VALUES (190, '2012-5-21 5:11', '2013-11-12 1:6', 295.05, 34, 99, 58);

INSERT INTO Transporte(id, dataIniciou, dataTerminou, custoTransporte, quantidadeCarga, Servico_id, Motorista_id)
VALUES (191, '2012-1-18 19:26', null, 536.11, 73, 75, 100);

INSERT INTO Transporte(id, dataIniciou, dataTerminou, custoTransporte, quantidadeCarga, Servico_id, Motorista_id)
VALUES (192, '2012-7-21 14:30', '2013-1-24 0:49', 192.25, 15, 16, 89);

INSERT INTO Transporte(id, dataIniciou, dataTerminou, custoTransporte, quantidadeCarga, Servico_id, Motorista_id)
VALUES (193, '2012-4-12 20:51', null, 197.91, 56, 59, 47);

INSERT INTO Transporte(id, dataIniciou, dataTerminou, custoTransporte, quantidadeCarga, Servico_id, Motorista_id)
VALUES (194, '2012-3-19 21:56', null, 460.37, 25, 83, 17);

INSERT INTO Transporte(id, dataIniciou, dataTerminou, custoTransporte, quantidadeCarga, Servico_id, Motorista_id)
VALUES (195, '2012-12-29 2:47', null, 335.06, 48, 52, 64);

INSERT INTO Transporte(id, dataIniciou, dataTerminou, custoTransporte, quantidadeCarga, Servico_id, Motorista_id)
VALUES (196, '2012-9-18 9:0', '2013-10-15 11:3', 949.52, 23, 7, 43);

INSERT INTO Transporte(id, dataIniciou, dataTerminou, custoTransporte, quantidadeCarga, Servico_id, Motorista_id)
VALUES (197, '2012-1-27 8:59', '2013-3-4 15:18', 512.96, 37, 91, 52);

INSERT INTO Transporte(id, dataIniciou, dataTerminou, custoTransporte, quantidadeCarga, Servico_id, Motorista_id)
VALUES (198, '2012-12-13 10:27', '2013-10-14 8:8', 538.55, 83, 29, 32);

INSERT INTO Transporte(id, dataIniciou, dataTerminou, custoTransporte, quantidadeCarga, Servico_id, Motorista_id)
VALUES (199, '2012-8-8 1:30', null, 693.89, 33, 96, 68);

INSERT INTO Transporte(id, dataIniciou, dataTerminou, custoTransporte, quantidadeCarga, Servico_id, Motorista_id)
VALUES (200, '2012-5-8 13:28', null, 480.68, 11, 15, 38);

-- Popula a tabela Acidente.

INSERT INTO Acidente(id, descricao, Transporte_id)
VALUES (1, 'O veículo entrou no meio de um fogo cruzado entre gangues.', 7);

INSERT INTO Acidente(id, descricao, Transporte_id)
VALUES (2, '80% da carga foi roubada em um semáforo fechado.', 16);

INSERT INTO Acidente(id, descricao, Transporte_id)
VALUES (3, 'Atropelamento de um político.', 7);

INSERT INTO Acidente(id, descricao, Transporte_id)
VALUES (4, 'Um meteoro pegou de raspão no veículo.', 83);

INSERT INTO Acidente(id, descricao, Transporte_id)
VALUES (5, 'Houve um tsunami no local de entrega', 20);

INSERT INTO Acidente(id, descricao, Transporte_id)
VALUES (6, 'A carga entrou em combustão espontânea. Apenas foi possível salvar 50% da carga', 133);

INSERT INTO Acidente(id, descricao, Transporte_id)
VALUES (7, 'Houve um tsunami no local de entrega', 44);

INSERT INTO Acidente(id, descricao, Transporte_id)
VALUES (8, 'Uma manada de elefantes saiu atropelando tudo o que tinha no caminho. Felizmente os motoristas sobreviveram, mas o veículo e a carga se encontram em péssimo estado.', 102);

INSERT INTO Acidente(id, descricao, Transporte_id)
VALUES (9, 'O veículo entrou no meio de um fogo cruzado entre gangues.', 117);

INSERT INTO Acidente(id, descricao, Transporte_id)
VALUES (10, 'Atropelamento de um Chocobo.', 168);

INSERT INTO Acidente(id, descricao, Transporte_id)
VALUES (11, 'O veículo entrou no meio de um fogo cruzado entre gangues.', 108);

INSERT INTO Acidente(id, descricao, Transporte_id)
VALUES (12, 'O veículo entrou no meio de um fogo cruzado entre gangues.', 159);

INSERT INTO Acidente(id, descricao, Transporte_id)
VALUES (13, 'Uma manada de elefantes saiu atropelando tudo o que tinha no caminho. Felizmente os motoristas sobreviveram, mas o veículo e a carga se encontram em péssimo estado.', 154);

INSERT INTO Acidente(id, descricao, Transporte_id)
VALUES (14, 'Houve um tsunami no local de entrega', 187);

INSERT INTO Acidente(id, descricao, Transporte_id)
VALUES (15, 'Um prédio caiu no meio da estrada, bloqueando as estradas num raio de 50 metros.', 7);

INSERT INTO Acidente(id, descricao, Transporte_id)
VALUES (16, 'Colisão com um carro esporte.', 136);

INSERT INTO Acidente(id, descricao, Transporte_id)
VALUES (17, 'Houve um tsunami no local de entrega', 12);

INSERT INTO Acidente(id, descricao, Transporte_id)
VALUES (18, 'Um transformer se apaixonou pelo veículo, e interronpeu o caminho para ficar cantando o veículo', 9);

INSERT INTO Acidente(id, descricao, Transporte_id)
VALUES (19, 'Houve um tsunami no local de entrega', 82);

INSERT INTO Acidente(id, descricao, Transporte_id)
VALUES (20, 'Um transformer se apaixonou pelo veículo, e interronpeu o caminho para ficar cantando o veículo', 113);

INSERT INTO Acidente(id, descricao, Transporte_id)
VALUES (21, 'Um prédio caiu no meio da estrada, bloqueando as estradas num raio de 50 metros.', 190);

INSERT INTO Acidente(id, descricao, Transporte_id)
VALUES (22, 'A carga entrou em combustão espontânea. Apenas foi possível salvar 50% da carga', 26);

INSERT INTO Acidente(id, descricao, Transporte_id)
VALUES (23, 'Atropelamento de um Chocobo.', 147);

INSERT INTO Acidente(id, descricao, Transporte_id)
VALUES (24, 'Houve um tsunami no local de entrega', 22);

INSERT INTO Acidente(id, descricao, Transporte_id)
VALUES (25, 'Colisão com um carro esporte.', 7);

INSERT INTO Acidente(id, descricao, Transporte_id)
VALUES (26, 'Um meteoro pegou de raspão no veículo.', 143);

INSERT INTO Acidente(id, descricao, Transporte_id)
VALUES (27, 'Um prédio caiu no meio da estrada, bloqueando as estradas num raio de 50 metros.', 32);

INSERT INTO Acidente(id, descricao, Transporte_id)
VALUES (28, 'Houve um tsunami no local de entrega', 15);

INSERT INTO Acidente(id, descricao, Transporte_id)
VALUES (29, '80% da carga foi roubada em um semáforo fechado.', 185);

INSERT INTO Acidente(id, descricao, Transporte_id)
VALUES (30, 'Atropelamento de um político.', 55);

INSERT INTO Acidente(id, descricao, Transporte_id)
VALUES (31, 'Uma manada de elefantes saiu atropelando tudo o que tinha no caminho. Felizmente os motoristas sobreviveram, mas o veículo e a carga se encontram em péssimo estado.', 178);

INSERT INTO Acidente(id, descricao, Transporte_id)
VALUES (32, 'Atropelamento de um político.', 198);

INSERT INTO Acidente(id, descricao, Transporte_id)
VALUES (33, 'Um transformer se apaixonou pelo veículo, e interronpeu o caminho para ficar cantando o veículo', 49);

INSERT INTO Acidente(id, descricao, Transporte_id)
VALUES (34, 'Houve um tsunami no local de entrega', 42);

INSERT INTO Acidente(id, descricao, Transporte_id)
VALUES (35, 'Um meteoro pegou de raspão no veículo.', 117);

INSERT INTO Acidente(id, descricao, Transporte_id)
VALUES (36, 'Um prédio caiu no meio da estrada, bloqueando as estradas num raio de 50 metros.', 98);

INSERT INTO Acidente(id, descricao, Transporte_id)
VALUES (37, 'Um transformer se apaixonou pelo veículo, e interronpeu o caminho para ficar cantando o veículo', 55);

INSERT INTO Acidente(id, descricao, Transporte_id)
VALUES (38, 'A carga entrou em combustão espontânea. Apenas foi possível salvar 50% da carga', 46);

INSERT INTO Acidente(id, descricao, Transporte_id)
VALUES (39, 'Um meteoro pegou de raspão no veículo.', 163);

INSERT INTO Acidente(id, descricao, Transporte_id)
VALUES (40, 'O veículo entrou no meio de um fogo cruzado entre gangues.', 73);

INSERT INTO Acidente(id, descricao, Transporte_id)
VALUES (41, 'A carga entrou em combustão espontânea. Apenas foi possível salvar 50% da carga', 198);

INSERT INTO Acidente(id, descricao, Transporte_id)
VALUES (42, 'A carga entrou em combustão espontânea. Apenas foi possível salvar 50% da carga', 81);

INSERT INTO Acidente(id, descricao, Transporte_id)
VALUES (43, 'Atropelamento de um Chocobo.', 23);

INSERT INTO Acidente(id, descricao, Transporte_id)
VALUES (44, 'Houve um tsunami no local de entrega', 166);

INSERT INTO Acidente(id, descricao, Transporte_id)
VALUES (45, '80% da carga foi roubada em um semáforo fechado.', 110);

INSERT INTO Acidente(id, descricao, Transporte_id)
VALUES (46, 'Houve um tsunami no local de entrega', 111);

INSERT INTO Acidente(id, descricao, Transporte_id)
VALUES (47, 'Atropelamento de um Chocobo.', 62);

INSERT INTO Acidente(id, descricao, Transporte_id)
VALUES (48, 'Uma manada de elefantes saiu atropelando tudo o que tinha no caminho. Felizmente os motoristas sobreviveram, mas o veículo e a carga se encontram em péssimo estado.', 177);

INSERT INTO Acidente(id, descricao, Transporte_id)
VALUES (49, 'Um prédio caiu no meio da estrada, bloqueando as estradas num raio de 50 metros.', 85);

INSERT INTO Acidente(id, descricao, Transporte_id)
VALUES (50, '80% da carga foi roubada em um semáforo fechado.', 191);

INSERT INTO Acidente(id, descricao, Transporte_id)
VALUES (51, 'O veículo entrou no meio de um fogo cruzado entre gangues.', 28);

INSERT INTO Acidente(id, descricao, Transporte_id)
VALUES (52, 'Atropelamento de um político.', 154);

INSERT INTO Acidente(id, descricao, Transporte_id)
VALUES (53, 'Houve um tsunami no local de entrega', 65);

INSERT INTO Acidente(id, descricao, Transporte_id)
VALUES (54, 'Houve um tsunami no local de entrega', 195);

INSERT INTO Acidente(id, descricao, Transporte_id)
VALUES (55, 'O veículo entrou no meio de um fogo cruzado entre gangues.', 133);

INSERT INTO Acidente(id, descricao, Transporte_id)
VALUES (56, 'Houve um tsunami no local de entrega', 143);

INSERT INTO Acidente(id, descricao, Transporte_id)
VALUES (57, 'Houve um tsunami no local de entrega', 198);

INSERT INTO Acidente(id, descricao, Transporte_id)
VALUES (58, 'Uma manada de elefantes saiu atropelando tudo o que tinha no caminho. Felizmente os motoristas sobreviveram, mas o veículo e a carga se encontram em péssimo estado.', 189);

INSERT INTO Acidente(id, descricao, Transporte_id)
VALUES (59, 'Um meteoro pegou de raspão no veículo.', 141);

INSERT INTO Acidente(id, descricao, Transporte_id)
VALUES (60, '80% da carga foi roubada em um semáforo fechado.', 71);

INSERT INTO Acidente(id, descricao, Transporte_id)
VALUES (61, 'A carga entrou em combustão espontânea. Apenas foi possível salvar 50% da carga', 89);

INSERT INTO Acidente(id, descricao, Transporte_id)
VALUES (62, 'Um prédio caiu no meio da estrada, bloqueando as estradas num raio de 50 metros.', 33);

INSERT INTO Acidente(id, descricao, Transporte_id)
VALUES (63, 'O veículo entrou no meio de um fogo cruzado entre gangues.', 168);

INSERT INTO Acidente(id, descricao, Transporte_id)
VALUES (64, '80% da carga foi roubada em um semáforo fechado.', 155);

INSERT INTO Acidente(id, descricao, Transporte_id)
VALUES (65, 'Um transformer se apaixonou pelo veículo, e interronpeu o caminho para ficar cantando o veículo', 185);

INSERT INTO Acidente(id, descricao, Transporte_id)
VALUES (66, 'Colisão com um carro esporte.', 4);

INSERT INTO Acidente(id, descricao, Transporte_id)
VALUES (67, 'Um prédio caiu no meio da estrada, bloqueando as estradas num raio de 50 metros.', 32);

INSERT INTO Acidente(id, descricao, Transporte_id)
VALUES (68, 'Atropelamento de um Chocobo.', 151);

INSERT INTO Acidente(id, descricao, Transporte_id)
VALUES (69, 'Atropelamento de um Chocobo.', 12);

INSERT INTO Acidente(id, descricao, Transporte_id)
VALUES (70, 'Um prédio caiu no meio da estrada, bloqueando as estradas num raio de 50 metros.', 14);

INSERT INTO Acidente(id, descricao, Transporte_id)
VALUES (71, 'Um meteoro pegou de raspão no veículo.', 36);

INSERT INTO Acidente(id, descricao, Transporte_id)
VALUES (72, 'A carga entrou em combustão espontânea. Apenas foi possível salvar 50% da carga', 181);

INSERT INTO Acidente(id, descricao, Transporte_id)
VALUES (73, 'Um meteoro pegou de raspão no veículo.', 132);

INSERT INTO Acidente(id, descricao, Transporte_id)
VALUES (74, 'Uma manada de elefantes saiu atropelando tudo o que tinha no caminho. Felizmente os motoristas sobreviveram, mas o veículo e a carga se encontram em péssimo estado.', 163);

INSERT INTO Acidente(id, descricao, Transporte_id)
VALUES (75, 'O veículo entrou no meio de um fogo cruzado entre gangues.', 52);

INSERT INTO Acidente(id, descricao, Transporte_id)
VALUES (76, 'Um transformer se apaixonou pelo veículo, e interronpeu o caminho para ficar cantando o veículo', 68);

INSERT INTO Acidente(id, descricao, Transporte_id)
VALUES (77, 'Uma manada de elefantes saiu atropelando tudo o que tinha no caminho. Felizmente os motoristas sobreviveram, mas o veículo e a carga se encontram em péssimo estado.', 157);

INSERT INTO Acidente(id, descricao, Transporte_id)
VALUES (78, 'Houve um tsunami no local de entrega', 106);

INSERT INTO Acidente(id, descricao, Transporte_id)
VALUES (79, 'Atropelamento de um Chocobo.', 68);

INSERT INTO Acidente(id, descricao, Transporte_id)
VALUES (80, 'Um meteoro pegou de raspão no veículo.', 102);

INSERT INTO Acidente(id, descricao, Transporte_id)
VALUES (81, 'O veículo entrou no meio de um fogo cruzado entre gangues.', 23);

INSERT INTO Acidente(id, descricao, Transporte_id)
VALUES (82, 'Um prédio caiu no meio da estrada, bloqueando as estradas num raio de 50 metros.', 126);

INSERT INTO Acidente(id, descricao, Transporte_id)
VALUES (83, 'Um prédio caiu no meio da estrada, bloqueando as estradas num raio de 50 metros.', 69);

INSERT INTO Acidente(id, descricao, Transporte_id)
VALUES (84, 'Uma manada de elefantes saiu atropelando tudo o que tinha no caminho. Felizmente os motoristas sobreviveram, mas o veículo e a carga se encontram em péssimo estado.', 137);

INSERT INTO Acidente(id, descricao, Transporte_id)
VALUES (85, 'Colisão com um carro esporte.', 49);

INSERT INTO Acidente(id, descricao, Transporte_id)
VALUES (86, 'Um meteoro pegou de raspão no veículo.', 21);

INSERT INTO Acidente(id, descricao, Transporte_id)
VALUES (87, 'Atropelamento de um político.', 50);

INSERT INTO Acidente(id, descricao, Transporte_id)
VALUES (88, 'A carga entrou em combustão espontânea. Apenas foi possível salvar 50% da carga', 74);

INSERT INTO Acidente(id, descricao, Transporte_id)
VALUES (89, 'A carga entrou em combustão espontânea. Apenas foi possível salvar 50% da carga', 43);

INSERT INTO Acidente(id, descricao, Transporte_id)
VALUES (90, 'Uma manada de elefantes saiu atropelando tudo o que tinha no caminho. Felizmente os motoristas sobreviveram, mas o veículo e a carga se encontram em péssimo estado.', 45);

INSERT INTO Acidente(id, descricao, Transporte_id)
VALUES (91, 'Um prédio caiu no meio da estrada, bloqueando as estradas num raio de 50 metros.', 61);

INSERT INTO Acidente(id, descricao, Transporte_id)
VALUES (92, 'Colisão com um carro esporte.', 171);

INSERT INTO Acidente(id, descricao, Transporte_id)
VALUES (93, 'Houve um tsunami no local de entrega', 172);

INSERT INTO Acidente(id, descricao, Transporte_id)
VALUES (94, 'Um meteoro pegou de raspão no veículo.', 69);

INSERT INTO Acidente(id, descricao, Transporte_id)
VALUES (95, 'Atropelamento de um político.', 87);

INSERT INTO Acidente(id, descricao, Transporte_id)
VALUES (96, 'Houve um tsunami no local de entrega', 96);

INSERT INTO Acidente(id, descricao, Transporte_id)
VALUES (97, 'A carga entrou em combustão espontânea. Apenas foi possível salvar 50% da carga', 126);

INSERT INTO Acidente(id, descricao, Transporte_id)
VALUES (98, 'Atropelamento de um político.', 159);

INSERT INTO Acidente(id, descricao, Transporte_id)
VALUES (99, 'Um prédio caiu no meio da estrada, bloqueando as estradas num raio de 50 metros.', 54);

INSERT INTO Acidente(id, descricao, Transporte_id)
VALUES (100, 'Um prédio caiu no meio da estrada, bloqueando as estradas num raio de 50 metros.', 73);


